hit_index,sensor_hit_index,track_index,x_intersect,y_intersect,z_intersect,x_hit,y_hit,z_hit,pT,phi0,cellID,distance,matched_sensor_id,sensor_x_mm,sensor_y_mm,sensor_z_mm,candidate_sensor_ids,hit_row,hit_col,expected_row,expected_col
0,0,315,-124.00534445387893,38.395195207733195,132.48861694335938,-124.05257,38.31634,132.48862,6.928289890289307,-2.8427340984344482,335650819,0.09191217158499282,436.0,-126.25316462800001,28.8164609473,135.45,[436],981.0,690.0,985.1493704173278,691.9128069648434
1,0,875,-109.61156400133041,64.78993479534256,129.6953125,-110.09959,64.008385,129.69531,6.942004680633545,-2.609128475189209,335642627,0.9214046291914925,404.0,-114.423046224,55.1032348679,135.45,[404],958.0,774.0,989.4679970977023,794.4592889067837
2,0,780,-17.59838367498014,126.18883966300564,127.81614685058594,-18.251888,126.067856,127.81615,7.048604965209961,-1.7107189893722534,335609859,0.664609170179679,276.0,-28.2601586125,123.815844847,135.45,[276],692.0,1002.0,696.9197926402256,1028.4709975007945
3,0,130,94.12227536491991,-89.70785066507233,128.06207275390625,93.959656,-89.829666,128.06207,7.179455280303955,0.7600308656692505,335749123,0.20318500120743485,820.0,101.24717697999999,-80.7419293407,135.45,"[788, 820]",238.0,310.0,243.36314702510663,317.0039353967968
4,0,442,127.70182882087101,21.74654629523866,126.87427520751955,127.65927,22.514332,126.874275,7.219650745391846,-0.1700192391872406,335552515,0.7689640798234402,52.0,126.25316462800001,28.8164609473,135.45,[52],349.0,658.0,319.2034139175463,659.9465677148402
5,0,173,-54.44215978077409,117.44032337361205,130.6361846923828,-54.987816,117.21846,130.63618,7.006629467010498,-2.006265640258789,335618051,0.5890363937546843,308.0,-56.1879442157,116.675468393,135.45,[308],623.0,650.0,632.5941992244816,671.8313773970362
6,0,668,-49.08764447384601,120.1355918054469,130.85391235351562,-48.46547,120.35945,130.85391,7.012894630432129,-1.960084080696106,335618051,0.6612223093957171,308.0,-56.1879442157,116.675468393,135.45,[308],749.0,910.0,740.4049364978755,886.0119896741594
7,0,852,-50.741057333485514,-119.25093284754985,130.70191955566406,-50.313606,-119.46944,130.70192,7.011305332183838,1.9717025756835938,335699971,0.4800607545500652,628.0,-56.1879442157,-116.675468393,135.45,[628],490.0,836.0,498.9814218180061,819.8754752885793
8,0,178,-100.73324205555764,81.27259150562168,131.6092071533203,-100.5995,81.50356,131.6092,6.954047679901123,-2.464108943939209,335634435,0.26689707632214477,372.0,-101.24717697999999,80.7419293407,135.45,[372],632.0,627.0,623.2264865968671,622.557396977694
9,0,697,127.08386485893425,25.023557449079817,126.87120056152344,127.13572,24.80816,126.8712,7.218926429748535,-0.19576433300971985,335552515,0.2215504620545847,52.0,126.25316462800001,28.8164609473,135.45,[52],441.0,637.0,450.28386007119263,635.2280092373695
10,0,82,116.05931308495929,-51.55583218381071,124.57141876220705,116.01986,-51.714817,124.57142,7.208648681640625,0.4167153537273407,335757315,0.16380716347853336,852.0,114.423046224,-55.1032348679,135.45,[852],737.0,665.0,743.8961073635716,667.4506744383712
11,0,571,2.2762153505391325,129.54704854467707,129.55172729492188,2.8841138,129.4685,129.55173,7.071905612945557,-1.5546016693115234,335601667,0.6129514372420221,244.0,7.92958802448e-15,129.5,135.45,[244],600.0,717.0,603.8819417870826,693.048614021565
12,0,12,-126.966913091691,-0.03425024424359435,129.70416259765625,-126.9685,0.91601,129.70416,6.921844005584717,3.1399471759796143,335659011,0.9502615884982786,468.0,-127.0,1.55530143492e-14,135.45,[468],638.0,603.0,600.6299902302555,603.3234763323605
13,0,983,26.52625340411032,124.2648087262769,126.53438568115233,26.436214,124.19984,126.534386,7.100693702697754,-1.361829400062561,335593475,0.1110332111104149,212.0,28.2601586125,123.815844847,135.45,[212],617.0,529.0,619.958555171076,532.6437916644128
14,0,148,-86.89481713926216,93.09746225978233,129.2313995361328,-86.89815,93.099846,129.2314,6.9680891036987305,-2.323118209838867,335626243,0.004095550095801169,340.0,-79.1832048361,99.29259827339999,135.45,"[340, 372]",354.0,293.0,354.19455945529364,293.53550787351367
15,0,989,128.87189106606365,-16.992788472220127,127.2958221435547,128.83688,-17.354877,127.29582,7.220581531524658,0.12975150346755981,335765507,0.3637773635658478,884.0,126.25316462800001,-28.8164609473,135.45,[884],1060.0,705.0,1074.9468990031949,706.7490575225457
16,0,83,126.93338514534696,1.064255123201292,124.28715515136719,126.9685,1.1529123,124.287155,7.2218756675720215,-0.009702427312731743,335544323,0.09535730941345319,20.0,127.0,0.0,135.45,[20],648.0,600.0,644.5702049280517,599.3354058138783
17,0,736,-47.86169244165649,-120.59917021961519,130.79269409179688,-47.614677,-120.76917,130.7927,7.014664649963379,1.947210669517517,335699971,0.2998620499354454,628.0,-56.1879442157,-116.675468393,135.45,[628],438.0,944.0,445.05192693539243,935.0500709617404
18,0,791,-98.01663977672433,-84.66510570907121,131.63504028320312,-97.6031,-85.26093,131.63504,6.957458019256592,2.4277548789978027,335683587,0.7252738837035433,564.0,-101.24717697999999,-80.7419293407,135.45,[564],421.0,747.0,445.07294526515125,731.2214881310263
19,0,267,-58.74947120286379,115.28478592843021,130.67347717285156,-58.808407,115.378555,130.67348,7.001682758331299,-2.043482780456543,335618051,0.11075243910654149,308.0,-56.1879442157,116.675468393,135.45,[308],550.0,497.0,546.3727014172082,499.5389205134484
20,0,114,50.01203505631565,-119.630501523563,128.6302947998047,50.090416,-119.57692,128.6303,7.127875328063965,1.1734591722488403,335732739,0.09494520787376012,756.0,56.1879442157,-116.675468393,135.45,[756],485.0,358.0,483.7986747774801,354.963633624626
21,0,214,56.13231748896942,-116.60878191716256,128.253173828125,57.022545,-116.23859,128.25317,7.135168552398682,1.1208007335662842,335732739,0.9641314617137908,756.0,56.1879442157,-116.675468393,135.45,[756],619.0,635.0,604.6674590334976,599.7749309307767
22,0,920,-89.81422399716394,90.76299201772781,129.6336212158203,-89.765594,90.81313,129.63362,6.965004920959473,-2.3523154258728027,335626243,0.06984963743309638,340.0,-79.1832048361,99.29259827339999,135.45,"[340, 372]",262.0,178.0,260.81574977311277,176.7592335574426
23,0,109,-124.51596430558129,-36.466747640501126,132.43002319335938,-124.49024,-36.39876,132.43002,6.927762508392334,2.8552870750427246,335667203,0.07268918891528646,500.0,-126.25316462800001,-28.8164609473,135.45,[500],298.0,672.0,295.9885322719549,671.4880128967491
24,0,335,-126.88623073183771,13.559595580438327,130.3446807861328,-126.9685,12.981435,130.34468,6.922645092010498,-3.0365149974823,335659011,0.5839844208138006,468.0,-127.0,1.55530143492e-14,135.45,[468],1121.0,603.0,1144.3838232175324,606.5507707264919
25,0,495,63.0073239336416,113.54631968586546,128.5553436279297,65.18928,112.30569,128.55534,7.142634868621826,-1.0655592679977417,335585283,2.509998326542722,180.0,56.1879442157,116.675468393,135.45,"[148, 180]",427.0,962.0,476.834051714618,874.7751887176639
26,0,521,98.94333846971858,83.61793357800343,127.48479461669922,98.95643,83.56392,127.484795,7.185306072235107,-0.7030000686645508,335568899,0.05557802604445695,116.0,101.24717697999999,80.7419293407,135.45,[116],714.0,510.0,717.0401694921372,509.8464595887435
27,0,491,113.96115421933428,-55.855449826944096,124.53349304199219,114.10208,-55.697117,124.53349,7.206193923950195,0.4543972611427307,335757315,0.21196644251046823,852.0,114.423046224,-55.1032348679,135.45,[852],578.0,589.0,571.911401638236,583.5243198133708
28,0,774,-119.87407729555525,-43.3715920841496,130.0629425048828,-119.5685,-44.346,130.06294,6.930589199066162,2.7930564880371094,335675395,1.0212010540312964,532.0,-114.423046224,-55.1032348679,135.45,[532],1032.0,396.0,1071.2657113500159,383.9587571377899
29,0,755,-55.536288707880885,116.9902983097054,130.71678161621094,-55.89482,116.78167,130.71678,7.005407333374023,-2.0153932571411133,335618051,0.4148149657158753,308.0,-56.1879442157,116.675468393,135.45,[308],606.0,613.0,614.5931966682156,628.0662203127645
30,0,970,129.1166131163609,-16.070697144015867,127.4162368774414,129.24861,-15.550961,127.41624,7.220723628997803,0.12247824668884277,335765507,0.5362366053218214,884.0,126.25316462800001,-28.8164609473,135.45,[884],1132.0,721.0,1111.8305521313653,716.5379395344354
31,0,453,111.93204758317006,60.37909973027854,124.84484100341797,111.30318,61.5091,124.84484,7.203256130218506,-0.49601322412490845,335560707,1.2932065542577997,84.0,114.423046224,55.1032348679,135.45,[84],858.0,477.0,813.0345944951415,502.36005436680216
32,0,531,112.63392807072523,58.69621587612346,124.66175079345702,112.535385,58.950405,124.66175,7.204291820526123,-0.48172569274902344,335560707,0.2726222348587683,84.0,114.423046224,55.1032348679,135.45,[84],755.0,526.0,745.7192403289383,530.435273869009
33,0,422,-54.33426735010289,117.53021673297553,130.67013549804688,-54.16686,117.61381,130.67014,7.006770133972168,-2.005218029022217,335618051,0.18711790738623799,308.0,-56.1879442157,116.675468393,135.45,[308],639.0,682.0,636.1899335990211,676.1470746238842
34,0,295,15.657238977430097,-126.66675613700409,127.3238754272461,15.670572,-126.65703,127.323875,7.088114261627197,1.4464600086212158,335724547,0.01650484091239511,724.0,28.2601586125,-123.815844847,135.45,[724],488.0,98.0,487.9635483998368,97.88321459720393
35,0,123,-128.96503765473426,16.965556146584277,132.8571319580078,-129.01369,16.580292,132.85713,6.92305850982666,-3.0122013092041016,335650819,0.38832387074797425,436.0,-126.25316462800001,28.8164609473,135.45,[436],112.0,491.0,127.96380797137104,493.52507893063034
36,0,875,-109.71499519659119,64.85126392843813,129.8177947998047,-109.62136,65.001434,129.8178,6.942004680633545,-2.609128475189209,335642627,0.17697048496570567,404.0,-114.423046224,55.1032348679,135.45,[404],997.0,794.0,991.9211624215251,790.3220410963525
37,0,828,-89.87312268266396,90.73992285299755,129.65992736816406,-90.40693,90.30169,129.65993,6.9649577140808105,-2.3527705669403076,335626243,0.6906504049596988,340.0,-79.1832048361,99.29259827339999,135.45,"[340, 372]",242.0,153.0,259.8929831839024,174.40328613744157
37,1,828,-91.62962832446647,92.51835010394643,132.1976318359375,-92.16564,92.07929,132.19763,6.9649577140808105,-2.3527705669403076,335634435,0.6928796338750294,372.0,-101.24717697999999,80.7419293407,135.45,"[340, 372]",1055.0,965.0,1073.0568305298573,986.7019462213409
38,0,714,-114.48727213588427,54.8598002124636,129.42384338378906,-115.222435,53.370686,129.42384,6.936047554016113,-2.6961135864257812,335642627,1.6607007043919373,404.0,-114.423046224,55.1032348679,135.45,[404],532.0,570.0,592.2626137825438,599.4309635246293
39,0,671,126.97903430237966,-10.612985167143052,124.76986694335938,126.9685,-10.330809,124.76987,7.221362113952637,0.08206341415643692,335544323,0.2823731601257641,20.0,127.0,0.0,135.45,[20],188.0,600.0,177.48059331427797,601.1613720951863
40,0,990,127.03883701186896,25.200483892469492,126.86227416992186,127.01528,25.335838,126.862274,7.218883514404297,-0.19717174768447876,335552515,0.13738877051998488,52.0,126.25316462800001,28.8164609473,135.45,[52],462.0,632.0,457.36091780677964,633.4268953547581
41,0,605,-81.03147993807215,-97.6014331832921,128.6059112548828,-79.56914,-98.944534,128.60591,6.974789142608643,2.2623353004455566,335691779,1.9855391727186693,596.0,-79.1832048361,-99.29259827339999,135.45,[596],615.0,586.0,669.6466036043154,528.0689959211139
42,0,30,129.31027599958907,14.728945601375017,127.44656372070311,129.29861,15.331929,127.44656,7.220864295959473,-0.11476688086986542,335552515,0.6030963596279499,52.0,126.25316462800001,28.8164609473,135.45,[52],62.0,723.0,38.49938616300065,724.2844548635622
43,0,773,80.49100372462999,98.21851356697516,125.31596374511719,80.62579,98.10188,125.31596,7.165355682373047,-0.8856012225151062,335577091,0.17824414822360404,148.0,79.1832048361,99.29259827339999,135.45,[148],554.0,659.0,559.0366117430068,654.3119555411994
44,0,195,107.48286489488237,73.11466328673123,127.75405883789062,107.64024,72.67476,127.75406,7.195023059844971,-0.5986990928649902,335568899,0.4672086199420853,116.0,101.24717697999999,80.7419293407,135.45,[116],279.0,857.0,296.9093578412492,851.427516595295
45,0,803,-129.1005024843971,-16.219275720854057,132.89820861816406,-129.04172,-16.45748,132.89821,6.923003196716309,3.015204906463623,335667203,0.24535015865943524,500.0,-126.25316462800001,-28.8164609473,135.45,[500],1096.0,490.0,1105.8874090578377,488.1064857441163
46,0,724,-64.97720639417821,112.45306728334981,131.29095458984375,-65.47569,112.16776,131.29095,6.994853496551514,-2.096137046813965,335618051,0.5743581801409327,308.0,-56.1879442157,116.675468393,135.45,"[308, 340]",421.0,230.0,433.1039556139922,250.42951286087145
47,0,622,-99.69250596199345,82.52616255729663,131.5743865966797,-100.220894,81.978325,131.57439,6.955211639404297,-2.4515202045440674,335634435,0.7611306590688062,372.0,-101.24717697999999,80.7419293407,135.45,[372],651.0,643.0,673.3693286638652,664.1868407202617
48,0,400,108.6820994999689,66.9747214561794,125.39606475830078,108.672104,66.97259,125.396065,7.198807239532471,-0.5536082983016968,335560707,0.010220850559180318,84.0,114.423046224,55.1032348679,135.45,"[84, 116]",1076.0,371.0,1076.8594635311756,372.3621310387557
49,0,612,115.29705028020544,-53.26955116807221,124.60033416748045,115.27699,-53.25739,124.600334,7.207710266113281,0.4314831495285034,335757315,0.023456753011927366,852.0,114.423046224,-55.1032348679,135.45,[852],675.0,636.0,675.3473479931114,636.9601622482173
50,0,472,48.72776628402062,120.12841492347798,128.6356964111328,49.673923,119.7775,128.6357,7.126000881195068,-1.186809778213501,335585283,1.0091369167455757,180.0,56.1879442157,116.675468393,135.45,[180],726.0,341.0,740.1178612191188,303.5928827328246
51,0,875,-109.73008399971877,64.86021080711362,129.83566284179688,-109.41343,65.433205,129.83566,6.942004680633545,-2.609128475189209,335642627,0.6546695112944261,404.0,-114.423046224,55.1032348679,135.45,[404],1015.0,802.0,992.2790375685446,789.7184889712491
52,0,603,126.90184151535595,13.405654304486234,124.95834350585938,126.9685,12.500755,124.95834,7.221004486083984,-0.10657302290201187,335544323,0.9073507082273579,20.0,127.0,0.0,135.45,[20],1102.0,600.0,1138.2261721794493,598.0736606142381
53,0,374,38.033380175817,-121.60721768583426,126.63550567626953,38.084915,-121.5411,126.635506,7.114654541015625,1.266335129737854,335724547,0.08382996371960962,724.0,28.2601586125,-123.815844847,135.45,[724],692.0,994.0,690.3450864466299,992.92886253268
54,0,518,-20.212636577663943,125.5754506106432,127.65332794189453,-20.65224,125.51999,127.65333,7.045502185821533,-1.7317415475845337,335609859,0.44308895254151354,276.0,-28.2601586125,123.815844847,135.45,[276],670.0,906.0,672.3842305457282,923.9008813934424
55,0,235,-0.96300772059476,129.44252282833588,129.49948120117188,-0.20861302,129.4685,129.49948,7.068155288696289,-1.5796093940734863,335601667,0.7548420214964281,244.0,7.92958802448e-15,129.5,135.45,[244],600.0,593.0,599.7009131334352,563.4796911762093
56,0,933,30.59027313252591,-123.22443167909114,126.34145355224611,31.225712,-123.10667,126.34145,7.105949401855469,1.3261268138885498,335724547,0.6462591978758218,724.0,28.2601586125,-123.815844847,135.45,[724],630.0,720.0,625.6565267163546,695.2045808010363
57,0,490,-45.2053363559462,-121.89635493079368,130.99537658691406,-45.06574,-121.99668,130.99538,7.017805576324463,1.924534797668457,335699971,0.17190949558224206,628.0,-56.1879442157,-116.675468393,135.45,[628],389.0,1046.0,393.1645384882529,1041.3043143901518
58,0,142,54.63854785706644,-117.31889001060699,128.28720092773438,54.586754,-117.4116,128.2872,7.133413791656494,1.1335805654525757,335732739,0.10619524036564061,756.0,56.1879442157,-116.675468393,135.45,[756],572.0,537.0,576.2631352957203,540.0241456546576
59,0,49,115.60028982632502,52.51898855580657,124.55994415283203,115.37646,53.050854,124.559944,7.207949638366699,-0.42775794863700867,335560707,0.5770455795697973,84.0,114.423046224,55.1032348679,135.45,[84],519.0,640.0,498.6301475162628,649.0897440930007
59,1,515,116.49874060443472,54.245164248743095,126.0789031982422,115.06019,53.707596,126.0789,7.207345008850098,-0.4371117949485779,335560707,1.5357123954096623,84.0,114.423046224,55.1032348679,135.45,[84],546.0,627.0,567.6771752337237,685.0277752173884
60,0,616,49.96237486667815,-119.54858114917442,128.53659057617188,49.878155,-119.67914,128.53659,7.127859592437744,1.173569917678833,335732739,0.15536462437862314,756.0,56.1879442157,-116.675468393,135.45,[756],481.0,349.0,487.075489753023,352.97722603912575
61,0,696,-106.23883332777768,-74.29621523247624,131.9315948486328,-105.957756,-74.78453,131.9316,6.948266506195068,2.5299158096313477,335683587,0.5634326731667221,564.0,-101.24717697999999,-80.7419293407,135.45,[564],840.0,413.0,859.82856432895,402.3337460888922
62,0,906,62.27075753738609,-113.57666874367351,128.23512268066406,61.752808,-113.96061,128.23512,7.142319679260254,1.0679216384887695,335732739,0.6447344996856197,756.0,56.1879442157,-116.675468393,135.45,[756],710.0,824.0,725.9519859730597,845.3125328674435
63,0,634,-84.96316430642764,-94.7923634158251,129.1315155029297,-85.43049,-94.27026,129.13152,6.970572471618652,2.3001983165740967,335691779,0.7006997397662791,596.0,-79.1832048361,-99.29259827339999,135.45,[596],802.0,352.0,782.0093943029957,370.8016211868943
64,0,421,3.765817175859411,129.43138069625502,129.439208984375,3.330477,129.4685,129.43921,7.073634624481201,-1.543082356452942,335601667,0.4369202983135571,244.0,7.92958802448e-15,129.5,135.45,[244],600.0,735.0,599.2552278502006,752.6326870343761
65,0,754,108.87128888597726,-66.64263538098749,125.37576293945312,108.878105,-66.54482,125.37576,7.199263095855713,0.547956109046936,335757315,0.09804990360440567,852.0,114.423046224,-55.1032348679,135.45,"[820, 852]",144.0,380.0,140.42397947650045,379.9297064790903
66,0,619,8.292473608482396,129.46294053108886,129.58534240722656,8.057221,129.4685,129.58534,7.078867435455322,-1.5082052946090698,335601667,0.23531801571237007,244.0,7.92958802448e-15,129.5,135.45,[244],600.0,924.0,600.5176212435543,933.6989443392955
67,0,426,126.96792301033656,3.2558175229860353,124.35831451416017,126.9685,3.3024564,124.358315,7.221826553344727,-0.026956235989928246,335544323,0.04664240304735476,20.0,127.0,0.0,135.45,[20],734.0,600.0,732.2327009194414,600.7169204134624
68,0,921,-126.97466603348698,4.224030863522785,129.78245544433594,-126.9685,4.2646627,129.78246,6.92191743850708,-3.1097147464752197,335659011,0.04109734052999941,468.0,-127.0,1.55530143492e-14,135.45,[468],772.0,603.0,770.9612345409107,603.0133586605211
69,0,719,85.41178770706028,-94.26009290259753,125.42115783691408,85.173035,-94.47558,125.42116,7.171424865722656,0.8332751393318176,335740931,0.32161618998794594,788.0,79.1832048361,-99.29259827339999,135.45,[788],794.0,841.0,803.300214832098,851.1433148384111
70,0,587,83.92152881446236,-95.04625548023614,125.04488372802734,84.2576,-95.20561,125.04488,7.169956207275391,0.8461524844169617,335740931,0.37193769034114604,788.0,79.1832048361,-99.29259827339999,135.45,[788],765.0,804.0,771.8537117265538,791.5329591344943
70,1,798,107.77638748224126,-87.76318024837383,136.74063110351562,100.24226,-81.95152,136.74063,7.187371253967285,0.6819543242454529,335749123,9.51516588043668,820.0,101.24717697999999,-80.7419293407,135.45,[820],553.0,561.0,321.14996369304663,863.1684200896507
71,0,931,-110.96085952390422,62.086748631591036,129.54588317871094,-111.654976,60.77859,129.54588,6.940284729003906,-2.6328306198120117,335642627,1.480902938128251,404.0,-114.423046224,55.1032348679,135.45,[404],829.0,712.0,881.3405505476413,740.4874680038313
72,0,311,-72.99918749259814,104.2027379201063,128.81402587890622,-72.948814,104.22407,128.81403,6.984034538269043,-2.1832573413848877,335626243,0.05470290899685299,340.0,-79.1832048361,99.29259827339999,135.45,[340],799.0,851.0,798.4055858682524,849.3606937400745
73,0,700,127.08509434975394,-6.699099226432736,124.60747528076172,126.9685,-6.543326,124.607475,7.221679210662842,0.05134308710694313,335544323,0.19457642213997034,20.0,127.0,0.0,135.45,[20],340.0,600.0,334.03603094269056,605.4037739901577
74,0,292,-125.6632936383503,-31.021222676768957,132.14427185058594,-125.544044,-31.78175,132.14427,6.9261298179626465,2.898169994354248,335667203,0.7698192969062281,500.0,-126.25316462800001,-28.8164609473,135.45,[500],483.0,630.0,513.8095308212417,625.5948395859889
75,0,230,-125.0334074531529,34.54571682133246,132.41514587402344,-124.68592,35.54144,132.41515,6.927040100097656,-2.8734302520751953,335650819,1.0546135796405638,436.0,-126.25316462800001,28.8164609473,135.45,[436],870.0,664.0,831.1702349612984,650.7902869938846
76,0,558,-30.085556405880197,123.36377647779409,127.65078735351562,-30.329079,123.31132,127.65079,7.033878326416016,-1.8113576173782349,335609859,0.24910850139429216,276.0,-28.2601586125,123.815844847,135.45,[276],581.0,519.0,583.9172652317637,528.9840882647923
77,0,606,59.14509678501781,-115.20934932591626,128.2779998779297,59.26143,-115.16039,128.278,7.138660907745361,1.0951489210128784,335732739,0.126213670477417,756.0,56.1879442157,-116.675468393,135.45,[756],662.0,724.0,660.6447626833494,720.2861027727124
78,0,787,-94.36381032501959,-89.39940891879814,132.02444458007812,-94.465904,-89.194855,132.02444,6.961980819702148,2.381802797317505,335683587,0.22861666648027407,564.0,-101.24717697999999,-80.7419293407,135.45,[564],263.0,873.0,255.700816876074,877.3346661992161
79,0,849,60.58574796134053,114.58471543052656,128.365966796875,61.41581,114.1229,128.36597,7.139925003051758,-1.0857819318771362,335585283,0.9498810966373467,180.0,56.1879442157,116.675468393,135.45,[180],499.0,811.0,518.3698815010621,777.9121498256211
80,0,676,-22.87554601703596,125.02270697025233,127.6164016723633,-22.937635,124.99837,127.6164,7.042360305786133,-1.7531192302703857,335609859,0.06668967881331853,276.0,-28.2601586125,123.815844847,135.45,[276],649.0,814.0,650.2744849300933,817.3845038185618
81,0,67,126.96339331389936,-4.129901839718514,124.37908935546874,126.9685,-4.664378,124.37909,7.221807479858398,0.03119758330285549,335544323,0.5345007050846449,20.0,127.0,0.0,135.45,[20],415.0,600.0,436.80392641125945,600.5357325559743
82,0,10,116.39283193723168,50.97308360313036,124.63723754882814,116.45502,50.811195,124.63724,7.2088117599487305,-0.4141017198562622,335560707,0.17342085251450323,84.0,114.423046224,55.1032348679,135.45,[84],430.0,683.0,436.7939494092144,680.7914285292668
83,0,16,127.0535679123742,-2.0563688955808175,124.41691589355469,126.9685,-1.8709205,124.416916,7.221865653991699,0.014864000491797924,335544323,0.20402927206001673,20.0,127.0,0.0,135.45,[20],527.0,600.0,519.7452441767673,604.1427164949681
84,0,808,41.94495495323645,-120.63700709432305,126.85784149169922,41.270077,-120.8141,126.85784,7.119184970855713,1.234830379486084,335724547,0.6977272058161138,724.0,28.2601586125,-123.815844847,135.45,"[724, 756]",722.0,1122.0,729.1535101070781,1149.391853629458
85,0,395,-113.73996249867196,56.306064082469675,129.3693389892578,-113.98332,55.943737,129.36934,6.936863422393799,-2.683291435241699,335642627,0.4364685666661242,404.0,-114.423046224,55.1032348679,135.45,[404],635.0,619.0,650.1131685827869,629.3233490131217
86,0,325,-126.94055927272075,-8.758631922319182,129.9788055419922,-126.9685,-7.7793736,129.9788,6.9222025871276855,3.0713253021240234,335659011,0.9796567549394078,468.0,-127.0,1.55530143492e-14,135.45,[468],290.0,603.0,251.6547231072321,604.3776290911705
87,0,284,-102.14061357693572,79.70440054103528,131.76699829101562,-102.99614,78.498276,131.767,6.952573299407959,-2.4803526401519775,335634435,1.47873650296817,372.0,-101.24717697999999,80.7419293407,135.45,[372],512.0,532.0,560.4988480134114,566.2625361225707
87,1,931,-128.28851146409215,71.81839924374799,149.79379272460938,-111.4052,61.297268,149.7938,6.940284729003906,-2.6328306198120117,335642627,19.893227664401078,404.0,-114.423046224,55.1032348679,135.45,[404],849.0,722.0,1270.6065750339194,47.38139039631392
87,2,447,-125.71481997276351,92.93552874342276,159.05467224121094,-104.27987,76.888535,159.05467,6.950247764587402,-2.5066897869110107,352411651,26.776167436138913,373.0,-101.24717697999999,80.7419293407,165.55,[373],447.0,480.0,1089.7439761089106,-376.70571971054073
87,3,875,-146.56308561924743,86.7233261771471,173.46499633789062,-109.811264,64.6071,173.465,6.942004680633545,-2.609128475189209,352419843,42.89316712646105,405.0,-114.423046224,55.1032348679,165.55,[405],982.0,786.0,1866.8036523698838,-683.6015758098972
87,4,61,-143.77678819200446,103.09293333600363,180.0261688232422,-104.41537,76.71862,180.02617,6.948982238769531,-2.521434783935547,352411651,47.38064854351788,373.0,-101.24717697999999,80.7419293407,165.55,[373],441.0,475.0,1496.040159812145,-1099.1844484801788
87,5,875,-159.1482852744739,94.20414638252987,188.3778839111328,-109.242065,65.789055,188.37788,6.942004680633545,-2.609128475189209,369197059,57.42863575627746,406.0,-114.423046224,55.1032348679,195.65,"[374, 406]",1029.0,809.0,2166.0364605851946,-1187.0095620189556
87,6,253,-154.1509895817835,105.74688112725562,190.2678985595703,-106.08485,74.62516,190.2679,6.947232723236084,-2.5423457622528076,369188867,57.26181645289603,374.0,-101.24717697999999,80.7419293407,195.65,[374],357.0,408.0,1602.1980714622248,-1514.1525040713407
87,7,484,-159.13691019122052,101.90505828173627,192.40797424316406,-109.312965,70.57723,192.40797,6.944680213928223,-2.574064254760742,369188867,58.854550819622254,374.0,-101.24717697999999,80.7419293407,195.65,[374],195.0,279.0,1448.525157641451,-1713.5893284488213
88,0,636,126.99384137353411,0.9049608016866841,124.34510803222656,126.9685,0.71417296,124.34511,7.221877574920654,-0.008444779552519321,335544323,0.1924636997388804,20.0,127.0,0.0,135.45,[20],630.0,600.0,638.1984320674674,601.7536549413643
89,0,956,-53.91062072185014,-117.72737896183025,130.65618896484375,-53.93953,-117.72329,130.65619,7.007627964019775,1.9988374710083008,335699971,0.029196516053593646,628.0,-56.1879442157,-116.675468393,135.45,[628],560.0,691.0,559.9235772467898,693.0929397539944
90,0,27,114.29167226772552,54.847381174397015,124.38709259033205,114.18089,55.533474,124.38709,7.206574440002441,-0.4487495422363281,335560707,0.6949786907659361,84.0,114.423046224,55.1032348679,135.45,[84],619.0,592.0,591.7658522598805,596.7450417490204
91,0,872,13.206999101465044,129.4451145004432,129.8701171875,13.516483,129.4685,129.87012,7.0845184326171875,-1.4704978466033936,335601667,0.3103669265191652,244.0,7.92958802448e-15,129.5,135.45,"[212, 244]",600.0,1142.0,599.8045800177277,1130.2799640586015
92,0,829,106.82294113175158,-73.65475867537316,127.5244369506836,106.2171,-74.45932,127.52444,7.194709777832031,0.6022937297821045,335749123,1.007154420689742,820.0,101.24717697999999,-80.7419293407,135.45,[820],853.0,800.0,885.4868266130734,825.0305660700633
93,0,183,-51.90416316901974,118.67681328982871,130.66729736328125,-52.481045,118.42565,130.6673,7.009568691253662,-1.9844728708267212,335618051,0.6291856642785688,308.0,-56.1879442157,116.675468393,135.45,[308],672.0,750.0,682.0537958731484,773.3512418672103
94,0,48,108.28209149065515,-67.74022774687182,125.46469116210938,108.38779,-67.56298,125.46469,7.198474884033203,0.5576929450035095,335757315,0.20636871104695098,852.0,114.423046224,-55.1032348679,135.45,"[820, 852]",103.0,360.0,96.52028484112691,356.36181066620566
94,1,48,110.49996990904037,-69.13190529506392,128.0366973876953,110.60182,-68.96105,128.0367,7.198474884033203,0.5576929450035095,335749123,0.19890876442731856,852.0,114.423046224,-55.1032348679,135.45,"[820, 852]",47.0,449.0,40.85318291344322,445.0769474016147
95,0,235,-0.9633815562046948,129.50415706569765,129.56114196777344,0.038659908,129.4685,129.56114,7.068155288696289,-1.5796093940734863,335601667,1.002675473048054,244.0,7.92958802448e-15,129.5,135.45,[244],600.0,603.0,602.1662826279061,563.4647377518119
96,0,774,-119.98256056937862,-43.41067305926845,130.1805877685547,-120.039085,-43.368816,130.18059,6.930589199066162,2.7930564880371094,335675395,0.07033517681480629,532.0,-114.423046224,-55.1032348679,135.45,"[500, 532]",1071.0,377.0,1069.7024723452619,379.61942618485523
97,0,792,-126.77462035756434,-26.70508766957937,132.28941345214844,-126.77641,-26.382387,132.28941,6.9250078201293945,2.93257474899292,335667203,0.32270548726391324,500.0,-126.25316462800001,-28.8164609473,135.45,[500],699.0,581.0,686.4549311088251,581.141770817427
98,0,411,-108.19515454841894,-71.93833140751667,132.2613525390625,-108.28052,-71.87188,132.26135,6.946328163146973,2.553415298461914,335683587,0.1081789837953362,564.0,-101.24717697999999,-80.7419293407,135.45,[564],956.0,320.0,954.1439173273329,324.0808972632419
99,0,997,22.476143507359666,125.13998606329005,126.69812011718749,22.430613,125.11409,126.69812,7.0958662033081055,-1.394426941871643,335593475,0.05238009793298236,212.0,28.2601586125,123.815844847,135.45,[212],653.0,368.0,654.9656486516022,370.63939579438664
100,0,276,37.507279536635906,-121.5942943402406,126.47819519042969,37.355633,-121.70755,126.478195,7.114088535308838,1.2702524662017822,335724547,0.18927121736967203,724.0,28.2601586125,-123.815844847,135.45,[724],686.0,965.0,690.8620202703764,971.8848369654362
101,0,508,-116.77131740850746,49.92231403996993,129.51535034179688,-116.074554,51.601242,129.51535,6.933478355407715,-2.7389614582061768,335642627,1.817767296514088,404.0,-114.423046224,55.1032348679,135.45,[404],461.0,535.0,394.76316688279724,508.06915261970175
102,0,246,90.7237888671225,90.03259017650998,125.92835998535156,90.42278,90.28904,125.92836,7.177007675170898,-0.7829099297523499,335577091,0.39543761372298064,148.0,79.1832048361,99.29259827339999,135.45,"[116, 148]",241.0,1051.0,231.5996761243997,1063.6233612408994
102,1,246,92.49572824424831,91.78624695442704,128.3845672607422,92.19758,92.03924,128.38457,7.177007675170898,-0.7829099297523499,335568899,0.39102144271838424,116.0,101.24717697999999,80.7419293407,135.45,"[116, 148]",1053.0,240.0,1043.7727045490817,251.9420505699327
103,0,901,76.52170133711479,101.50168162533373,125.52760314941406,75.94036,101.838394,125.5276,7.160475730895996,-0.9261379241943359,335577091,0.6718123958881237,148.0,79.1832048361,99.29259827339999,135.45,[148],703.0,472.0,690.3633340773496,495.5398600405914
104,0,301,71.66238549051195,-105.19009390901192,125.79054260253905,71.54011,-105.34747,125.79054,7.154852867126465,0.9714205861091614,335740931,0.1992989593794066,788.0,79.1832048361,-99.29259827339999,135.45,[788],359.0,296.0,366.1001745755226,301.1672261764778
104,1,301,71.67394171047636,-105.20710552325181,125.81086730957031,71.56619,-105.36794,125.81087,7.154852867126465,0.9714205861091614,335740931,0.19359364097888962,788.0,79.1832048361,-99.29259827339999,135.45,[788],358.0,297.0,365.41971000592696,301.629474975054
104,2,408,78.63942089516058,-106.04205713325427,130.38238525390625,75.73463,-102.00246,130.38239,7.159842014312744,0.9313183426856995,335740931,4.975560355604033,788.0,79.1832048361,-99.29259827339999,135.45,[788],493.0,464.0,332.02164560582844,580.2486423624231
104,3,408,78.79077950229112,-106.24675022043448,130.63380432128906,75.63871,-102.07895,130.6338,7.159842014312744,0.9313183426856995,335740931,5.2255247806757525,788.0,79.1832048361,-99.29259827339999,135.45,[788],490.0,460.0,323.8339221186203,586.3029866476444
104,4,316,82.98769866707153,-106.4434485747297,133.242919921875,78.168335,-100.06164,133.24292,7.162776947021484,0.9071798920631409,335740931,7.997110371600528,788.0,79.1832048361,-99.29259827339999,135.45,[788],571.0,561.0,315.9659879468114,754.1797532388608
105,0,665,-99.68420486094328,-82.68473336059105,131.66407775878906,-99.53009,-82.84457,131.66408,6.955564498901367,2.447744131088257,335683587,0.2220312387830289,564.0,-101.24717697999999,-80.7419293407,135.45,[564],517.0,670.0,524.2878392043576,664.5188847622683
106,0,752,15.221629319770727,126.93842694740579,127.55744171142577,14.118772,127.011215,127.55744,7.087165832519531,-1.4528056383132935,335593475,1.1052571577714734,244.0,7.92958802448e-15,129.5,135.45,"[212, 244]",502.0,1166.0,499.5370778962314,1210.8651727908289
106,1,752,15.519737817172427,129.39578307160355,130.02719116210938,14.405904,129.4685,130.02719,7.087165832519531,-1.4528056383132935,335601667,1.116205530147534,244.0,7.92958802448e-15,129.5,135.45,"[212, 244]",600.0,1178.0,597.8313228641417,1222.7895126868968
107,0,349,68.91832122860069,-107.53712123837977,126.29358673095703,68.46298,-107.8014,126.29359,7.151277542114258,0.9995200037956238,335740931,0.5264755536627543,788.0,79.1832048361,-99.29259827339999,135.45,"[756, 788]",261.0,173.0,272.2190814008087,191.40465570002732
108,0,807,-3.1757047860810417,129.470191596846,129.6094970703125,-3.167604,129.4685,129.6095,7.06559419631958,-1.5966945886611938,335601667,0.008274354289147138,244.0,7.92958802448e-15,129.5,135.45,[244],600.0,475.0,600.8076638738402,474.97180855675805
109,0,23,-124.20935759603162,37.244384678211645,132.35264587402344,-124.27739,37.331333,132.35265,6.92791223526001,-2.8516757488250732,335650819,0.11040100588359547,436.0,-126.25316462800001,28.8164609473,135.45,[436],942.0,681.0,939.1169492364658,683.7522812787358
110,0,811,103.08653388562016,-78.37802545730665,127.34747314453125,102.7622,-78.79163,127.34747,7.190526485443115,0.6487180590629578,335749123,0.5256087499166117,820.0,101.24717697999999,-80.7419293407,135.45,[820],680.0,662.0,696.5561553357338,675.5742762248065
111,0,689,75.39947445398138,102.27816987906408,125.50306701660156,75.68259,102.04396,125.50307,7.159159183502197,-0.9368687868118286,335577091,0.3674323429737622,148.0,79.1832048361,99.29259827339999,135.45,[148],712.0,461.0,721.4228642265635,450.6507847152551
112,0,279,-68.3477541177781,-110.81893290654261,131.6812744140625,-68.44126,-110.73962,131.68127,6.991571426391602,2.1220455169677734,335699971,0.12261607028972743,628.0,-56.1879442157,-116.675468393,135.45,"[596, 628]",839.0,111.0,836.2614194582954,115.60760391687609
113,0,499,81.72255590615532,97.35244563052038,125.40962982177734,82.27635,96.78561,125.40963,7.166749000549316,-0.8737889528274536,335577091,0.7924624695717725,148.0,79.1832048361,99.29259827339999,135.45,[148],501.0,725.0,524.3938942848155,703.5740428022126
114,0,60,50.68187223528366,119.25840966278338,128.54031372070312,50.789417,119.2403,128.54031,7.1283159255981445,-1.1703100204467773,335585283,0.10905862468675936,180.0,56.1879442157,116.675468393,135.45,[180],704.0,386.0,705.3176507913349,381.7571207833464
115,0,650,18.89896553385188,125.96641765859385,127.00783538818358,18.676645,125.97091,127.007835,7.09158182144165,-1.4232224225997925,335593475,0.22236562000833418,212.0,28.2601586125,123.815844847,135.45,[212],688.0,218.0,688.0229124637543,227.5522768540752
116,0,839,-34.45252938750491,-122.33706532988981,127.85304260253906,-34.25908,-122.41432,127.85304,7.0291876792907715,1.8439502716064453,335708163,0.20830659589879633,660.0,-28.2601586125,-123.815844847,135.45,[660],658.0,362.0,661.1511806844078,354.30516899980375
117,0,69,85.85868557977665,93.96373560533539,125.49861145019531,86.36548,93.524635,125.49861,7.171595096588135,-0.8317713141441345,335577091,0.6705580846204678,148.0,79.1832048361,99.29259827339999,135.45,"[116, 148]",371.0,889.0,388.8454932774158,869.0192297470657
118,0,879,-81.45734335765883,-97.4133007556411,128.7431182861328,-81.47002,-97.428635,128.74312,6.974390506744385,2.2658605575561523,335691779,0.019893117793587056,596.0,-79.1832048361,-99.29259827339999,135.45,[596],676.0,510.0,677.1719007103553,511.0344591376469
119,0,532,-126.92249802887204,4.164147904535639,129.72720336914062,-126.9685,4.027426,129.7272,6.921915531158447,-3.1101717948913574,335659011,0.1442531166740516,468.0,-127.0,1.55530143492e-14,135.45,[468],763.0,603.0,768.5659161814249,605.1000788451188
120,0,574,40.446245475330215,-121.01446460046463,126.76312255859375,40.39165,-121.0146,126.76312,7.117454528808594,1.246897578239441,335724547,0.0545944963326129,724.0,28.2601586125,-123.815844847,135.45,[724],714.0,1087.0,714.0552098614148,1089.4434745132087
120,1,340,49.70005948720063,-129.26857831147208,137.46810913085938,46.882824,-121.12161,137.46811,7.12381649017334,1.2022899389266968,335732739,8.620317119633627,756.0,56.1879442157,-116.675468393,135.45,[756],424.0,229.0,98.27560326111666,342.4846108600252
121,0,392,-44.441412741136446,122.35447846948773,131.1532440185547,-45.061,121.99896,131.15324,7.018354892730713,-1.9205893278121948,335618051,0.7143396015849843,308.0,-56.1879442157,116.675468393,135.45,[308],814.0,1047.0,829.160403059509,1071.861258982542
122,0,418,-50.8613080894138,-119.19433994431529,130.69955444335938,-51.01887,-119.1298,130.69955,7.011165618896484,1.9727274179458618,335699971,0.17026953765783248,628.0,-56.1879442157,-116.675468393,135.45,[628],503.0,808.0,501.24513794738846,815.065445051448
123,0,803,-129.19769761169118,-16.231347381748492,132.9982452392578,-129.12747,-16.08177,132.99825,6.923003196716309,3.015204906463623,335667203,0.16524241993933525,500.0,-126.25316462800001,-28.8164609473,135.45,[500],1111.0,487.0,1105.4045426220603,484.21868065235344
124,0,197,126.97394001404018,5.028776450482837,124.42206573486328,126.9685,5.070846,124.422066,7.2217535972595215,-0.04090379923582077,335544323,0.042420122667136975,20.0,127.0,0.0,135.45,[20],804.0,600.0,803.1510580193135,600.9576005616071
125,0,872,12.986738471736317,127.31487031601591,127.73258209228516,13.677739,127.11188,127.73258,7.0845184326171875,-1.4704978466033936,335593475,0.7201999967666498,244.0,7.92958802448e-15,129.5,135.45,"[212, 244]",506.0,1149.0,514.5948126406364,1121.4695388694524
125,1,872,13.230858716313378,129.67581539775347,130.1016082763672,13.945713,129.4685,130.10161,7.0845184326171875,-1.4704978466033936,335601667,0.7443077007459002,244.0,7.92958802448e-15,129.5,135.45,"[212, 244]",600.0,1159.0,609.0326159101386,1131.234348652535
126,0,983,26.526040955926874,124.26381999357363,126.5333786010742,25.344173,124.44909,126.53338,7.100693702697754,-1.361829400062561,335593475,1.1963007435077782,212.0,28.2601586125,123.815844847,135.45,[212],627.0,485.0,619.9190058629455,532.6352937370749
127,0,613,31.21354984297068,123.15750713939997,126.42201995849608,30.803549,123.203026,126.42202,7.106272220611572,-1.323919653892517,335593475,0.4125200537870642,212.0,28.2601586125,123.815844847,135.45,[212],577.0,703.0,575.6664916959988,720.1356492188271
128,0,930,-120.14725873135103,43.21260382520995,130.27439880371094,-119.982315,43.486687,130.2744,6.93035888671875,-2.7977166175842285,335642627,0.3198872292100617,404.0,-114.423046224,55.1032348679,135.45,"[404, 436]",137.0,379.0,126.37475829239804,373.0314997059588
129,0,203,52.342998945052386,-118.44507402259478,128.4126739501953,52.462105,-118.43478,128.41267,7.130683422088623,1.1533217430114746,335732739,0.11955018619238356,756.0,56.1879442157,-116.675468393,135.45,[756],531.0,452.0,531.2157748162088,448.20218917409534
130,0,857,94.72085376151517,88.99617401311116,128.0001678466797,94.65038,88.963524,128.00017,7.179922103881836,-0.7556055784225464,335568899,0.0776669880719023,116.0,101.24717697999999,80.7419293407,135.45,[116],930.0,338.0,932.1697868964463,340.9470712606071
131,0,392,-44.403256593242986,122.24897158759995,131.0402069091797,-44.93591,122.0592,131.0402,7.018354892730713,-1.9205893278121948,335618051,0.5654497942477859,308.0,-56.1879442157,116.675468393,135.45,[308],817.0,1052.0,824.9401277839979,1073.3875048982804
131,1,699,-46.02803301075619,122.13133345617462,131.52845764160156,-45.145123,122.01395,131.52846,7.016684532165527,-1.932603359222412,335618051,0.8906798583727917,308.0,-56.1879442157,116.675468393,135.45,[308],815.0,1043.0,820.2346025269844,1008.3964481977523
132,0,280,-64.14216814479005,-112.83408312597385,131.18179321289062,-64.498825,-112.6382,131.1818,6.996111869812012,2.0863137245178223,335699971,0.4069088512087051,628.0,-56.1879442157,-116.675468393,135.45,"[596, 628]",763.0,269.0,755.6554106810461,283.83104283639796
133,0,848,117.75169377579732,-48.24412073017447,124.79237365722656,117.665146,-48.298347,124.79237,7.210413455963135,0.38752585649490356,335757315,0.10213265371370019,852.0,114.423046224,-55.1032348679,135.45,[852],874.0,731.0,876.364565509021,735.1459020718926
134,0,735,108.9550571833388,-71.06601216654963,127.80843353271484,109.256775,-70.64769,127.80843,7.196910381317139,0.576600193977356,335749123,0.5157782160385634,820.0,101.24717697999999,-80.7419293407,135.45,[820],1005.0,922.0,989.0366869660147,910.315208133552
135,0,720,98.62050715505393,84.065031367958,127.53480529785156,98.50749,84.12686,127.534805,7.184883117675781,-0.707243800163269,335568899,0.12882307498075798,116.0,101.24717697999999,80.7419293407,135.45,[116],737.0,492.0,734.92408109032,496.93320700215736
136,0,509,97.38644416062016,85.53857691865414,127.5918197631836,97.73117,85.10034,127.59182,7.183389663696289,-0.7220728397369385,335568899,0.5575718585110125,116.0,101.24717697999999,80.7419293407,135.45,[116],776.0,461.0,793.8659031181658,447.57068722480653
137,0,560,-128.53758599308458,18.41111692009872,132.6212615966797,-128.53574,18.674318,132.62126,6.923283576965332,-3.0007317066192627,335650819,0.2632078944560262,436.0,-126.25316462800001,28.8164609473,135.45,[436],196.0,510.0,185.7862389119488,510.6231453966177
138,0,221,-60.22369882100611,114.70555878252344,130.86781311035156,-60.860054,114.39053,130.86781,7.000085830688477,-2.0556538105010986,335618051,0.7100626001939438,308.0,-56.1879442157,116.675468393,135.45,[308],510.0,415.0,523.2036155809374,440.5698157877555
139,0,442,127.83818042802613,21.769576857572247,127.00971221923828,127.787605,21.952066,127.00971,7.219650745391846,-0.1700192391872406,335552515,0.18936812290527893,52.0,126.25316462800001,28.8164609473,135.45,[52],327.0,663.0,320.1246364108898,665.400632001045
140,0,387,70.2878101702081,106.36936356714432,126.03892517089844,70.408844,106.249626,126.038925,7.152724742889404,-0.9882100820541382,335577091,0.17025343839372534,148.0,79.1832048361,99.29259827339999,135.45,"[148, 180]",880.0,251.0,885.0706117497731,246.1842133643239
141,0,662,22.912663929717382,125.11389061114824,126.7411117553711,22.742983,125.04279,126.74111,7.096373081207275,-1.391013264656067,335593475,0.18397417018209974,212.0,28.2601586125,123.815844847,135.45,[212],651.0,381.0,653.9218305659296,388.1002126886953
142,0,58,55.41799474252184,117.02944789025423,128.34683227539062,55.4726,116.985,128.34683,7.133920192718506,-1.1299021244049072,335585283,0.0704073068056052,180.0,56.1879442157,116.675468393,135.45,[180],614.0,573.0,616.1591798901691,571.2020210728735
143,0,292,-125.78613782455432,-31.051365188526688,132.27340698242188,-125.60105,-31.532011,132.2734,6.9261298179626465,2.898169994354248,335667203,0.5150509073920321,500.0,-126.25316462800001,-28.8164609473,135.45,[500],493.0,628.0,512.6038303509324,620.6810721378281
144,0,610,125.18614400254592,32.56712102914753,126.7401351928711,125.395615,32.432076,126.740135,7.21684455871582,-0.25585243105888367,335552515,0.24922928414019652,52.0,126.25316462800001,28.8164609473,135.45,[52],746.0,567.0,752.0264032739011,559.3191749818362
145,0,167,-109.22555994232607,-65.8308735267201,129.88528442382812,-108.99258,-66.30712,129.88528,6.942851543426514,2.597808361053467,335675395,0.5301821929487748,532.0,-114.423046224,-55.1032348679,135.45,"[532, 564]",153.0,819.0,172.89445364719597,809.8994512669572
146,0,504,-65.59914522199688,-112.07352312230432,131.28213500976562,-65.62954,-112.09367,131.28214,6.994493007659912,2.098961114883423,335699971,0.036467211814059576,628.0,-56.1879442157,-116.675468393,135.45,"[596, 628]",785.0,224.0,786.0778108278271,225.55195974812477
147,0,432,-77.91051225149567,-100.19879619035783,128.6089630126953,-78.4353,-99.84874,128.60896,6.978460311889648,2.230339288711548,335691779,0.6308285429136328,596.0,-79.1832048361,-99.29259827339999,135.45,[596],579.0,631.0,565.7520833216864,652.907703384173
148,0,14,-87.58707757983211,-92.58089165640195,129.33837890625,-87.59678,-92.5427,129.33838,6.967662334442139,2.3271121978759766,335691779,0.039402870137929945,596.0,-79.1832048361,-99.29259827339999,135.45,"[564, 596]",871.0,265.0,870.4682646799216,265.84509025071554
149,0,10,116.4181179786392,50.984117549254734,124.66429901123047,116.155396,51.433376,124.6643,7.2088117599487305,-0.4141017198562622,335560707,0.5204387887260029,84.0,114.423046224,55.1032348679,135.45,[84],455.0,671.0,437.23530725418925,681.8028701855678
150,0,112,-67.64380758393963,111.11196128720621,131.55491638183594,-67.840355,111.029,131.55492,6.991947650909424,-2.119049072265625,335618051,0.21333902986408942,308.0,-56.1879442157,116.675468393,135.45,"[308, 340]",376.0,135.0,379.4597157682483,143.76546527041455
151,0,509,97.3275886100746,85.48702247967594,127.51480102539062,97.88543,84.9069,127.5148,7.183389663696289,-0.7220728397369385,335568899,0.8048168491518352,116.0,101.24717697999999,80.7419293407,135.45,[116],768.0,467.0,791.8037255590377,445.2164652029842
152,0,541,6.627727861123276,129.47291761681709,129.5348358154297,6.9670734,129.4685,129.53484,7.076943874359131,-1.5210248231887817,335601667,0.33937425636217594,244.0,7.92958802448e-15,129.5,135.45,[244],600.0,880.0,600.9167046726833,867.1091144449307
153,0,720,98.59497344608462,84.04332575085573,127.50182342529298,98.712975,83.8692,127.50182,7.184883117675781,-0.707243800163269,335568899,0.21034129194090126,116.0,101.24717697999999,80.7419293407,135.45,[116],727.0,500.0,734.0558564062292,495.91185864338513
154,0,336,104.71076432606787,-76.34689855800389,127.40308380126953,104.35934,-76.78888,127.40308,7.1923675537109375,0.6286532878875732,335749123,0.5646665641465599,820.0,101.24717697999999,-80.7419293407,135.45,[820],760.0,726.0,777.8012313078443,740.5434938427152
155,0,130,94.1158912016399,-89.7017493559033,128.05337524414062,93.836914,-89.98358,128.05338,7.179455280303955,0.7600308656692505,335749123,0.3965572163367788,820.0,101.24717697999999,-80.7419293407,135.45,"[788, 820]",232.0,305.0,243.60719939186765,316.7485688655961
156,0,238,-21.812513514829334,125.24445996386476,127.6252670288086,-21.592697,125.305336,127.62527,7.043613433837891,-1.7445800304412842,335609859,0.22809017663534953,276.0,-28.2601586125,123.815844847,135.45,[276],661.0,868.0,659.1446046745904,859.9058039068268
157,0,610,125.41432638466722,32.626154593708634,126.9710693359375,125.21397,33.227917,126.97107,7.21684455871582,-0.25585243105888367,335552515,0.6342411128989576,52.0,126.25316462800001,28.8164609473,135.45,[52],778.0,560.0,754.3877458563453,568.4464702666884
158,0,792,-126.73754090745933,-26.69733118381555,132.250732421875,-126.61394,-27.09425,132.25073,6.9250078201293945,2.93257474899292,335667203,0.4157188486459441,500.0,-126.25316462800001,-28.8164609473,135.45,[500],670.0,587.0,686.765190539378,582.6249488216274
159,0,524,-107.47550469310954,72.83034860564658,132.14993286132812,-107.360756,73.02522,132.14993,6.946815013885498,-2.547429084777832,335634435,0.22614867678429632,372.0,-101.24717697999999,80.7419293407,135.45,[372],293.0,357.0,285.5367705978631,352.8668914756179
160,0,745,124.45029959017666,36.830670149152866,127.18866729736328,124.25884,37.4126,127.18867,7.215461730957031,-0.28908318281173706,335552515,0.6126172482205577,52.0,126.25316462800001,28.8164609473,135.45,[52],945.0,522.0,922.5683680741146,529.8853984870658
161,0,647,32.8587544671318,-122.7366480968085,126.38778686523438,32.74254,-122.76046,126.38779,7.108620643615723,1.3078725337982178,335724547,0.11863036755061517,724.0,28.2601586125,-123.815844847,135.45,[724],644.0,781.0,645.1678700076604,785.9438341852721
162,0,711,-39.82749260619312,121.14774401357136,128.40531921386722,-39.714073,121.16925,128.40532,7.022674560546875,-1.8897794485092163,335609859,0.11544043672399729,276.0,-28.2601586125,123.815844847,135.45,[276],496.0,143.0,495.27596666285433,139.30664025227543
163,0,975,-26.609358309215168,-124.20723430455291,127.61592864990234,-27.775866,-123.89407,127.61593,7.038358688354492,1.7804862260818481,335708163,1.2078115962746254,660.0,-28.2601586125,-123.815844847,135.45,[660],598.0,621.0,586.3444216978837,668.0320121313935
164,0,99,21.61469116852095,-125.34222668139864,126.75907135009764,21.186382,-125.39808,126.75907,7.095233917236328,1.3986859321594238,335724547,0.43193513938299793,724.0,28.2601586125,-123.815844847,135.45,[724],538.0,319.0,540.9447266240545,336.18130224083797
165,0,8,-101.22029487439431,-80.81076546131953,131.70558166503906,-101.79067,-80.00988,131.70558,6.953833103179932,2.4664523601531982,335683587,0.9832333531620736,564.0,-101.24717697999999,-80.7419293407,135.45,[564],631.0,580.0,599.2465551752184,603.0752842242271
166,0,139,127.65277854657143,-22.801407643630228,127.00703430175781,127.86662,-21.605885,127.007034,7.219507217407227,0.17540933191776276,335765507,1.2144977895074152,884.0,126.25316462800001,-28.8164609473,135.45,[884],890.0,666.0,842.6021321467908,657.9845567428566
167,0,467,-108.88431015583774,66.52018658142333,129.94773864746094,-108.84533,66.61289,129.94774,6.943098068237305,-2.5945568084716797,335642627,0.1005675440946858,404.0,-114.423046224,55.1032348679,135.45,"[372, 404]",1062.0,825.0,1058.678068540933,823.5494427264905
168,0,839,-34.433939394286426,-122.27139559692296,127.78438568115236,-33.723106,-122.53665,127.784386,7.0291876792907715,1.8439502716064453,335708163,0.7587122783352638,660.0,-28.2601586125,-123.815844847,135.45,[660],653.0,383.0,663.7779700030819,355.0487687285431
169,0,999,-107.60991742218175,72.83390558805695,132.26611328125,-107.52904,72.8142,132.26611,6.946769714355469,-2.547987937927246,335634435,0.08324555581215207,372.0,-101.24717697999999,80.7419293407,135.45,[372],284.0,350.0,285.679049894278,347.4903823127295
170,0,489,-113.25317636252294,-57.349667900147324,129.3875274658203,-113.33209,-57.296024,129.38753,6.9376349449157715,2.671478033065796,335675395,0.09542199047821186,532.0,-114.423046224,-55.1032348679,135.45,[532],514.0,645.0,512.1426787101069,648.7947944590826
171,0,178,-100.7468677831821,81.28361632098677,131.6270294189453,-100.534225,81.58542,131.62703,6.954047679901123,-2.464108943939209,335634435,0.3691902391031225,372.0,-101.24717697999999,80.7419293407,135.45,[372],635.0,630.0,623.6674792114707,622.0123678727157
172,0,596,-126.48969291312824,-27.512287780991755,132.17364501953125,-126.4849,-27.659582,132.17365,6.92520809173584,2.926020383834839,335667203,0.14737226995672129,500.0,-126.25316462800001,-28.8164609473,135.45,[500],648.0,592.0,654.1669266523297,592.5388685948712
172,1,596,-126.43886039146673,-27.501305975718424,132.12054443359375,-126.39328,-27.836323,132.12054,6.92520809173584,2.926020383834839,335667203,0.33810328530005285,500.0,-126.25316462800001,-28.8164609473,135.45,[500],641.0,596.0,654.606198863263,594.5721694613314
173,0,33,-55.04398177953408,-117.27184309279255,130.7438201904297,-55.241425,-117.09633,130.74382,7.0063629150390625,2.0082550048828125,335699971,0.26417596681377004,628.0,-56.1879442157,-116.675468393,135.45,[628],585.0,639.0,578.145012008298,647.7584974466367
174,0,260,-128.11375437471452,-20.523427972831996,132.5087890625,-128.13335,-20.4373,132.50879,6.923705577850342,2.981339931488037,335667203,0.08832852382407172,500.0,-126.25316462800001,-28.8164609473,135.45,[500],937.0,526.0,933.7213189787201,527.5764101314201
175,0,397,119.97585144791447,-43.68244431656785,125.17497253417969,120.11765,-43.205658,125.17497,7.212616920471191,0.3478471338748932,335757315,0.4974262564691366,852.0,114.423046224,-55.1032348679,135.45,"[852, 884]",1077.0,829.0,1058.8316220532856,824.1122089565783
176,0,745,124.39685780551554,36.81493256766407,127.13407135009764,124.24372,37.47885,127.13407,7.215461730957031,-0.28908318281173706,335552515,0.6813508539555845,52.0,126.25316462800001,28.8164609473,135.45,[52],948.0,521.0,921.9388648145629,527.7477271006211
177,0,332,-49.448084291652776,-119.86930184953962,130.74502563476562,-49.92039,-119.6588,130.74503,7.012815952301025,1.960659384727478,335699971,0.5170933029117913,628.0,-56.1879442157,-116.675468393,135.45,[628],482.0,852.0,474.246661738415,871.5943969618888
178,0,8,-101.14033395264414,-80.74710999109811,131.60165405273438,-101.31496,-80.606415,131.60165,6.953833103179932,2.4664523601531982,335683587,0.22425037326887476,564.0,-101.24717697999999,-80.7419293407,135.45,[564],607.0,599.0,601.7927739840752,606.2737210942339
178,1,747,-99.29383597289052,-92.60827464031172,137.92059326171875,-94.79953,-88.7765,137.9206,6.9612016677856445,2.3895559310913086,335683587,5.906039846107473,564.0,-101.24717697999999,-80.7419293407,135.45,[564],280.0,859.0,127.34618801553097,680.1336402843788
178,2,343,-103.97449399413017,-89.02919435914373,139.12612915039062,-98.76032,-83.80983,139.12613,6.957051753997803,2.431999921798706,335683587,7.377625021144386,564.0,-101.24717697999999,-80.7419293407,135.45,[564],479.0,701.0,270.50939926225055,492.9073194347927
179,0,978,-95.73729264086069,-87.60582711003372,131.83680725097656,-96.57712,-86.54747,131.8368,6.960249423980713,2.399118185043335,335683587,1.3510832969636897,564.0,-101.24717697999999,-80.7419293407,135.45,[564],369.0,788.0,327.44408922665116,822.3953735655721
180,0,335,-126.95671699809009,13.567226669430966,130.41709899902344,-126.9685,13.097204,130.4171,6.922645092010498,-3.0365149974823,335659011,0.47017008765220236,468.0,-127.0,1.55530143492e-14,135.45,[468],1125.0,603.0,1144.689066777238,603.731320076397
181,0,170,-112.93913121969672,58.07614905093942,129.4346923828125,-112.77112,58.46089,129.4347,6.937865257263184,-2.6680026054382324,335642627,0.4198277159202351,404.0,-114.423046224,55.1032348679,135.45,[404],736.0,668.0,720.9165673215767,661.3566001721313
182,0,558,-30.090781406375754,123.38532798168126,127.67308044433594,-30.025461,123.380615,127.67308,7.033878326416016,-1.8113576173782349,335609859,0.06548999735231012,276.0,-28.2601586125,123.815844847,135.45,[276],584.0,531.0,584.7793253872504,528.77508824497
183,0,764,-52.713455922355934,-118.3430369177513,130.698974609375,-52.697468,-118.321434,130.69897,7.009029388427734,1.9884564876556396,335699971,0.02687573400329973,628.0,-56.1879442157,-116.675468393,135.45,[628],536.0,741.0,535.2972590099478,740.9795317337625
184,0,375,103.72441384848207,-77.57897172299272,127.3622589111328,103.97773,-77.2674,127.36226,7.191256523132324,0.640826404094696,335749123,0.40155231025672894,820.0,101.24717697999999,-80.7419293407,135.45,[820],740.0,711.0,728.518304708291,701.0894747392831
184,1,375,103.65680571507983,-77.52826285776973,127.27915954589844,103.95435,-77.21653,127.27916,7.191256523132324,0.640826404094696,335749123,0.4309432156929003,820.0,101.24717697999999,-80.7419293407,135.45,[820],743.0,710.0,730.5466593172105,698.3851494031933
184,2,375,103.53698913494736,-77.43839597965416,127.13188934326172,103.799416,-77.491,127.13189,7.191256523132324,0.640826404094696,335749123,0.2676463036981667,820.0,101.24717697999999,-80.7419293407,135.45,[820],732.0,704.0,734.1413344418334,693.5924861978947
185,0,924,27.179600152303465,-123.99261439893962,126.38556671142578,27.515476,-123.95351,126.38557,7.101899147033691,1.3536654710769653,335724547,0.3381451870883226,724.0,28.2601586125,-123.815844847,135.45,[724],596.0,572.0,594.9292179224153,558.7776615921385
186,0,543,-58.625157918198965,-115.44312902169258,130.74879455566406,-58.44705,-115.55258,130.7488,7.002233505249023,2.039299249649048,335699971,0.20905258695842208,628.0,-56.1879442157,-116.675468393,135.45,[628],646.0,511.0,651.2935748522966,504.51145190004127
187,0,316,78.00268145091104,-100.03191563977089,125.2254409790039,77.96645,-100.22263,125.22544,7.162776947021484,0.9071798920631409,335740931,0.19412807665020987,788.0,79.1832048361,-99.29259827339999,135.45,[788],564.0,553.0,572.427305345164,554.7790645924414
188,0,206,126.24232171003132,-28.713015482418996,126.82971954345702,126.20747,-28.875074,126.82972,7.218074321746826,0.2222938984632492,335765507,0.16576329027050615,884.0,126.25316462800001,-28.8164609473,135.45,[884],599.0,600.0,606.1378185952401,601.5662832812524
189,0,654,-85.70565746866487,94.1203680529834,129.1520233154297,-85.51855,94.20004,129.15202,6.969416618347168,-2.310804843902588,335626243,0.20336754666960632,340.0,-79.1832048361,99.29259827339999,135.45,[340],398.0,348.0,395.1107911833361,341.1018946974053
190,0,988,128.44608444296682,-19.837408274986956,127.2862091064453,128.59187,-18.428383,127.28621,7.2201008796691895,0.15188080072402954,335765507,1.4165475405219679,884.0,126.25316462800001,-28.8164609473,135.45,[884],1017.0,695.0,961.1621068925217,689.7167925986724
191,0,310,-36.823223168670665,-121.89739768457366,128.1456298828125,-37.920895,-121.57854,128.14563,7.026496410369873,1.8628045320510864,335708163,1.1430462656774951,660.0,-28.2601586125,-123.815844847,135.45,[660],691.0,215.0,678.7378864970538,259.47741775317354
191,1,778,-39.64048044785159,-120.3585318564601,127.58604431152342,-38.428905,-121.462585,127.586044,7.0229811668396,1.8876073360443115,335708163,1.6391608283811216,660.0,-28.2601586125,-123.815844847,135.45,[660],696.0,195.0,740.292519621596,146.78712658593668
192,0,722,127.00983720503075,-2.4765137128779315,124.38159179687499,126.9685,-2.7172427,124.38159,7.22185754776001,0.018176861107349396,335544323,0.24425266557705216,20.0,127.0,0.0,135.45,[20],493.0,600.0,502.93945148488274,602.3934882012298
193,0,415,16.634103277487156,-126.48880119367186,127.25025177001955,16.49343,-126.469215,127.25025,7.0892744064331055,1.438690423965454,335724547,0.1420309972331913,724.0,28.2601586125,-123.815844847,135.45,[724],495.0,131.0,495.08174613312576,136.9577865994863
194,0,558,-30.08425462456944,123.3584070412162,127.64523315429686,-30.407444,123.293434,127.64523,7.033878326416016,-1.8113576173782349,335609859,0.32965565374036315,276.0,-28.2601586125,123.815844847,135.45,[276],581.0,516.0,583.702487768648,529.0361595172226
194,1,558,-30.054308115242748,123.23488791532873,127.51746368408205,-30.41464,123.29179,127.51746,7.033878326416016,-1.8113576173782349,335609859,0.3647969143677557,276.0,-28.2601586125,123.815844847,135.45,[276],581.0,515.0,578.7617227331492,530.2340198902903
195,0,829,106.8217599208765,-73.65394186724734,127.52302551269531,106.79367,-73.73632,127.523026,7.194709777832031,0.6022937297821045,335749123,0.08703588516898082,820.0,101.24717697999999,-80.7419293407,135.45,[820],882.0,823.0,885.5194989381062,824.9833176350603
196,0,936,-125.72349228527128,31.0353002625925,132.20924377441406,-125.6141,31.474833,132.20924,6.926032066345215,-2.90097975730896,335650819,0.4529412947785558,436.0,-126.25316462800001,28.8164609473,135.45,[436],708.0,627.0,690.7535726117,623.1868937091497
197,0,124,126.91102692207005,-5.897128126642201,124.39756774902344,126.9685,-5.8596845,124.39757,7.2217254638671875,0.04511379823088646,335544323,0.06859284843695565,20.0,127.0,0.0,135.45,[20],367.0,600.0,366.11487493431196,598.4410768828019
198,0,423,50.74740831393865,-119.27646503942378,128.57432556152344,50.74957,-119.25949,128.57433,7.128754138946533,1.1671720743179321,335732739,0.01711103278888706,756.0,56.1879442157,-116.675468393,135.45,[756],498.0,384.0,497.96013414304866,384.37856392954586
199,0,875,-109.74275034508173,64.86772129977908,129.85066223144528,-109.48878,65.27675,129.85066,6.942004680633545,-2.609128475189209,335642627,0.4814621039642109,404.0,-114.423046224,55.1032348679,135.45,[404],1008.0,799.0,992.579457275163,789.2118351567308
200,0,868,126.56894135327639,-27.16748301469488,126.80826568603514,126.63393,-27.006676,126.808266,7.218478679656982,0.21009251475334167,335765507,0.1734417515020934,884.0,126.25316462800001,-28.8164609473,135.45,[884],674.0,617.0,667.9591173042047,614.631069011055
201,0,890,-34.29257522261469,122.46650324835355,127.9380874633789,-34.142384,122.440956,127.93809,7.029012680053711,-1.8451768159866333,335609859,0.1523488984760646,276.0,-28.2601586125,123.815844847,135.45,[276],547.0,366.0,548.026336054142,360.7033355954127
202,0,637,90.59152167270804,-90.17935889330693,125.93572235107422,90.82331,-89.969635,125.93572,7.177129745483398,0.7817823886871338,335740931,0.3125865176043688,820.0,101.24717697999999,-80.7419293407,135.45,"[788, 820]",232.0,185.0,224.50281789572273,175.77378770832183
202,1,637,92.27595817824476,-91.86070088676206,128.280517578125,92.50323,-91.655975,128.28052,7.177129745483398,0.7817823886871338,335749123,0.30588195830038456,820.0,101.24717697999999,-80.7419293407,135.45,"[788, 820]",165.0,252.0,157.24913815751734,243.15124792979077
203,0,569,53.022748958428565,118.20209166011045,128.45965576171875,53.138077,118.109245,128.45966,7.131076812744141,-1.1504888534545898,335585283,0.14805726416944226,180.0,56.1879442157,116.675468393,135.45,[180],659.0,480.0,663.064930684418,475.3921897091425
204,0,218,123.82235672766365,-39.49233881326654,127.38162994384766,123.86553,-39.13581,127.38163,7.214629650115967,0.30739322304725647,335765507,0.3591326836723331,884.0,126.25316462800001,-28.8164609473,135.45,[884],189.0,506.0,174.96488536133825,504.7676839865454
205,0,467,-108.81252910727198,66.47619783155096,129.86199951171875,-108.91705,66.46394,129.862,6.943098068237305,-2.5945568084716797,335642627,0.10524001042082354,404.0,-114.423046224,55.1032348679,135.45,"[372, 404]",1056.0,822.0,1056.9185185460383,826.4206846691206
205,1,573,-139.82958506754585,54.27161188561149,153.0100860595703,-118.631516,46.29166,153.01009,6.931614398956299,-2.77298641204834,352419843,22.65033731391119,405.0,-114.423046224,55.1032348679,165.55,[405],249.0,433.0,568.7350807084596,-414.26155374183395
205,2,467,-146.95004318544306,89.87288375847857,175.42897033691406,-108.66433,66.98873,175.42897,6.943098068237305,-2.5945568084716797,352419843,44.60359066357177,405.0,-114.423046224,55.1032348679,165.55,"[373, 405]",1077.0,832.0,1992.7859556231424,-699.0798784577225
205,3,319,-177.75962954441638,73.26841811520717,196.104736328125,-117.44103,48.763718,196.10474,6.932706832885742,-2.752713203430176,369197059,65.10617102185168,406.0,-114.423046224,55.1032348679,195.65,[406],348.0,481.0,1328.6073298922865,-1931.4633328166553
205,4,931,-187.45128674535954,105.11957020072441,218.9642486572266,-110.639114,62.888046,218.96425,6.940284729003906,-2.6328306198120117,385974275,87.65621163081978,407.0,-114.423046224,55.1032348679,225.75,[407],913.0,753.0,2602.653413312976,-2319.1296208543813
205,5,508,-213.48063898548207,91.55540237640525,236.89488220214844,-115.74836,52.27859,236.89488,6.933478355407715,-2.7389614582061768,385974275,105.32932316241899,407.0,-114.423046224,55.1032348679,225.75,[407],489.0,548.0,2060.08670034021,-3360.3037104592827
205,6,170,-222.933119967729,115.01551422430202,255.6705780029297,-112.35053,59.334248,255.67058,6.937865257263184,-2.6680026054382324,402751491,123.80998383869425,408.0,-114.423046224,55.1032348679,255.85000000000002,[408],771.0,684.0,2998.4911742560807,-3738.4029497491597
205,7,837,-224.4652027116863,114.10682808177808,256.65295410156256,-112.58576,58.96104,256.65295,6.9374680519104,-2.6740097999572754,402751491,124.73198121159929,408.0,-114.423046224,55.1032348679,255.85000000000002,[408],756.0,675.0,2962.143728555123,-3799.6862595074513
205,8,358,-230.30607743324435,111.25489923028363,260.7455749511719,-113.68211,56.569195,260.74557,6.936158657073975,-2.694342851638794,402751491,128.80867672184579,408.0,-114.423046224,55.1032348679,255.85000000000002,[408],660.0,631.0,2848.066574495345,-4033.321248369774
205,9,714,-230.91889254069974,111.04848272355594,261.22119140625,-113.8797,56.158905,261.2212,6.936047554016113,-2.6961135864257812,402751491,129.27118162456296,408.0,-114.423046224,55.1032348679,255.85000000000002,[408],644.0,623.0,2839.809914226237,-4057.8338526679895
206,0,188,126.31601060103276,27.963045660566422,126.73744201660155,126.4429,27.843622,126.73744,7.218178749084473,-0.21920448541641235,335552515,0.17425065165521117,52.0,126.25316462800001,28.8164609473,135.45,[52],563.0,609.0,567.8633885306568,604.5138389213099
207,0,453,111.85841420291399,60.339505645344616,124.7627716064453,111.54354,61.009995,124.76277,7.203256130218506,-0.49601322412490845,335560707,0.7407431915948528,84.0,114.423046224,55.1032348679,135.45,[84],838.0,486.0,811.4508310977845,499.4147191565594
208,0,592,-124.48453844795586,-36.81739162415033,132.49819946289062,-124.35845,-36.976185,132.4982,6.927872657775879,2.852626085281372,335667203,0.2027637020322,500.0,-126.25316462800001,-28.8164609473,135.45,[500],275.0,677.0,281.96277292598666,672.7450472017665
208,1,527,-136.550628267094,-54.3737077707774,149.9214324951172,-117.84145,-47.93224,149.92143,6.932250022888184,2.7610535621643066,335675395,19.787009161968317,532.0,-114.423046224,-55.1032348679,135.45,[532],888.0,465.0,631.1810838849038,-283.1032817237599
208,2,497,-155.2935642362081,-46.755577108189755,165.52647399902344,-124.03834,-38.378704,165.52647,6.928091526031494,2.84739089012146,352444419,32.35832485219348,501.0,-126.25316462800001,-28.8164609473,165.55,[501],219.0,690.0,-115.56464643559025,-559.6159843283237
208,3,251,-160.19914200147468,-61.2872690440563,174.97494506835938,-119.04642,-45.43011,174.97495,6.931543827056885,2.7743465900421143,352452611,44.102111276057975,533.0,-114.423046224,-55.1032348679,165.55,[533],988.0,417.0,354.6386329537478,-1229.0438310989873
208,4,497,-167.22022217011545,-50.3218628053437,178.2318115234375,-124.06745,-38.251133,178.23181,6.928091526031494,2.84739089012146,352444419,44.80919701762868,501.0,-126.25316462800001,-28.8164609473,165.55,[501],224.0,689.0,-258.216074321748,-1036.6823016846172
208,5,330,-171.0364698356443,-56.954768234420044,183.95623779296875,-120.85296,-41.678787,183.95624,6.929382801055908,2.818192958831787,369229827,52.4570337284934,502.0,-126.25316462800001,-28.8164609473,195.65,"[502, 534]",87.0,818.0,-523.5322914848018,-1189.3322083057717
208,6,330,-161.40860502944997,-53.7683928708575,173.60743713378906,-120.81397,-41.75974,173.60744,6.929382801055908,2.818192958831787,352452611,42.33357960345431,501.0,-126.25316462800001,-28.8164609473,165.55,"[501, 533]",84.0,819.0,-396.07727694229993,-804.2176160579982
209,0,430,-127.74262291365994,22.28449580673623,132.42666625976562,-127.71175,22.284431,132.42667,6.923971176147461,-2.9702868461608887,335650819,0.030876764893711616,436.0,-126.25316462800001,28.8164609473,135.45,[436],340.0,543.0,340.7213943774492,542.421668573603
210,0,988,128.41372496591794,-19.83236590040906,127.25413513183594,128.57043,-18.522263,127.254135,7.2201008796691895,0.15188080072402954,335765507,1.319442544396385,884.0,126.25316462800001,-28.8164609473,135.45,[884],1013.0,694.0,961.3638018756376,688.422413516717
211,0,167,-109.23429274238515,-65.8361204469984,129.89566040039062,-108.998375,-66.29508,129.89566,6.942851543426514,2.597808361053467,335675395,0.5160455423845798,532.0,-114.423046224,-55.1032348679,135.45,"[532, 564]",154.0,818.0,172.68457683606414,809.550139264594
212,0,272,11.303464528486074,129.51035860822776,129.7960205078125,11.337055,129.4685,129.79602,7.082329273223877,-1.4851151704788208,335601667,0.0536655030951221,244.0,7.92958802448e-15,129.5,135.45,[244],600.0,1055.0,602.4143443291103,1054.1385811394427
213,0,231,127.01017626926614,-8.839668264707143,124.66487884521484,126.9685,-9.076736,124.66488,7.221523761749268,0.06816378980875015,335544323,0.2407039333483171,20.0,127.0,0.0,135.45,[20],238.0,600.0,248.4132694117143,602.4070507706455
214,0,21,57.80111897450843,115.86995633101833,128.2955780029297,56.979427,116.259346,128.29558,7.136721611022949,-1.1094341278076172,335585283,0.9092862403352368,180.0,56.1879442157,116.675468393,135.45,[180],585.0,633.0,569.779517520733,666.526990352337
215,0,932,-16.441130278508354,-126.53146175886286,127.96939086914062,-15.711445,-126.6477,127.96939,7.05039119720459,1.6986521482467651,335708163,0.7388853451411518,660.0,-28.2601586125,-123.815844847,135.45,[660],488.0,1103.0,493.3753235254858,1074.761133359666
216,0,629,99.77142463359269,82.45037360298738,127.3540267944336,99.76362,82.55173,127.35403,7.186393737792969,-0.691978931427002,335568899,0.10165385910372418,116.0,101.24717697999999,80.7419293407,135.45,[116],674.0,542.0,670.3377704914953,542.9699061437077
217,0,703,35.281619576235244,-122.15817560273899,126.42874145507812,34.93398,-122.26028,126.42874,7.111473560333252,1.2882875204086304,335724547,0.36232388778052177,724.0,28.2601586125,-123.815844847,135.45,[724],664.0,868.0,668.3067697704405,882.8584385494097
218,0,204,124.12405802679677,38.28262910875492,127.30328369140625,123.977455,38.64543,127.30328,7.214947700500488,-0.30051591992378235,335552515,0.39130294558042206,52.0,126.25316462800001,28.8164609473,135.45,[52],995.0,510.0,980.6467264581967,516.8357359518706
219,0,807,-3.1772851041750982,129.538449273487,129.67782592773438,-4.3863077,129.4685,129.67783,7.06559419631958,-1.5966945886611938,335601667,1.2110440776352154,244.0,7.92958802448e-15,129.5,135.45,[244],600.0,426.0,603.53797093948,474.9085958329958
220,0,311,-72.96963725738897,104.1604335874581,128.76177978515628,-73.96948,103.41012,128.76178,6.984034538269043,-2.1832573413848877,335626243,1.2500654699345404,340.0,-79.1832048361,99.29259827339999,135.45,[340],766.0,810.0,796.7134125623244,850.5427031484413
221,0,548,-61.13033205347165,-114.38783586160207,131.02403259277344,-61.052483,-114.29787,131.02403,6.9994916915893555,2.060204029083252,335699971,0.11897463950449433,628.0,-56.1879442157,-116.675468393,135.45,[628],697.0,407.0,693.5053012559172,404.304486489134
222,0,569,53.03723457011074,118.23426652046328,128.49464416503906,52.997204,118.177086,128.49464,7.131076812744141,-1.1504888534545898,335585283,0.06980033273370609,180.0,56.1879442157,116.675468393,135.45,[180],662.0,474.0,664.351925098531,475.9716141764295
223,0,410,-117.44004736101851,-48.90031882942276,129.74562072753906,-117.45105,-48.742924,129.74562,6.933099269866943,2.7456650733947754,335675395,0.1577791780308937,532.0,-114.423046224,-55.1032348679,135.45,[532],856.0,480.0,850.1166415390895,481.31995451925945
224,0,905,11.925731947965687,129.46021902921984,129.78848266601562,11.645403,129.4685,129.78848,7.083048343658447,-1.4803133010864258,335601667,0.2804514967330017,244.0,7.92958802448e-15,129.5,135.45,[244],600.0,1067.0,600.4087611687936,1079.0292779186273
225,0,226,112.94498147913328,-58.10543870286347,124.65653991699219,113.4037,-57.147327,124.65654,7.2048516273498535,0.47382473945617676,335757315,1.062262463277423,852.0,114.423046224,-55.1032348679,135.45,[852],520.0,561.0,481.9118466014612,542.8774102053308
226,0,928,113.19252239411435,57.60163454357826,124.6454391479492,113.298,57.366833,124.64544,7.204976558685303,-0.4720499813556671,335560707,0.25740373272319833,84.0,114.423046224,55.1032348679,135.45,[84],692.0,556.0,701.9359870271302,552.7790468045737
227,0,998,-62.40530824108282,-113.5286135373608,130.90338134765625,-62.465603,-113.61735,130.90338,6.9979567527771,2.0720114707946777,335699971,0.10728092811219679,628.0,-56.1879442157,-116.675468393,135.45,[628],724.0,350.0,727.8741942255681,353.30543898468704
228,0,198,51.52650132468989,118.86389465656612,128.49305725097656,51.631157,118.83494,128.49306,7.129319667816162,-1.1631181240081787,335585283,0.10858765594386649,180.0,56.1879442157,116.675468393,135.45,[180],688.0,419.0,689.5370505426445,415.54228435959544
229,0,58,55.42630688531062,117.046939522912,128.36602783203125,55.25312,117.09069,128.36603,7.133920192718506,-1.1299021244049072,335585283,0.17862729022740018,180.0,56.1879442157,116.675468393,135.45,[180],618.0,564.0,616.8588451964797,571.5345067844248
230,0,367,-125.16727505094786,-33.34276304638479,132.2301483154297,-125.126465,-33.611282,132.23015,6.926795482635498,2.879850149154663,335667203,0.2716028142182957,500.0,-126.25316462800001,-28.8164609473,135.45,[500],410.0,647.0,420.9479160366084,645.4355830820862
231,0,213,126.95676774905087,8.192779570032144,124.56986999511719,126.9685,7.997896,124.56987,7.221548557281494,-0.06576395034790039,335544323,0.1952360987574007,20.0,127.0,0.0,135.45,[20],921.0,600.0,929.7111828012858,600.2707099620346
232,0,19,-59.57685195031081,-114.938842520849,130.75485229492188,-59.446274,-115.07138,130.75485,7.001139163970947,2.0476174354553223,335699971,0.18605643991210394,628.0,-56.1879442157,-116.675468393,135.45,[628],666.0,471.0,671.4650348860403,466.44369061556745
232,1,543,-59.55625951450202,-117.2702496252241,132.81964111328125,-58.490543,-115.53163,132.81964,7.002233505249023,2.039299249649048,335699971,2.03925084305858,628.0,-56.1879442157,-116.675468393,135.45,[628],647.0,509.0,578.2087507110361,467.2673880479192
233,0,280,-64.10195288011164,-112.7635678617662,131.09974670410156,-63.681873,-113.031624,131.09975,6.996111869812012,2.0863137245178223,335699971,0.4983180141037814,628.0,-56.1879442157,-116.675468393,135.45,[628],747.0,302.0,758.4760212493518,285.4396534235343
234,0,323,109.55611239977952,-64.99116436666372,125.0955047607422,109.89433,-64.4346,125.095505,7.200363636016846,0.5340943932533264,335757315,0.651272652106237,852.0,114.423046224,-55.1032348679,135.45,[852],228.0,420.0,206.48282004945088,407.3226470311806
235,0,448,-1.6476754103496205,-129.49633534239103,129.56719970703125,-1.8447965,-129.4685,129.5672,7.067774772644043,1.582145094871521,335716355,0.19907591323475377,692.0,-2.37887640734e-14,-129.5,135.45,[692],603.0,528.0,602.1465863043591,536.0929835860161
236,0,575,33.68393299639865,-122.55857202663356,126.41453552246094,33.39106,-122.61244,126.414536,7.109588623046875,1.3012385368347168,335724547,0.2977862333468999,724.0,28.2601586125,-123.815844847,135.45,[724],650.0,807.0,652.290912814658,818.9509753559461
237,0,186,-57.65349461950973,115.93622331878578,130.73919677734375,-58.001373,115.767204,130.7392,7.002979278564453,-2.0336573123931885,335618051,0.3867647915501414,308.0,-56.1879442157,116.675468393,135.45,[308],565.0,529.0,572.4301970314309,543.3779838476107
238,0,878,-22.827390788639605,-125.0348201475972,127.61144256591798,-22.659992,-125.06174,127.61144,7.0428147315979,1.750022292137146,335708163,0.1695488178933662,660.0,-28.2601586125,-123.815844847,135.45,[660],552.0,826.0,553.2409879761121,819.310712954416
239,0,506,-126.93920572515981,-13.308229318179656,130.37124633789062,-126.9685,-13.416948,130.37125,6.922657012939453,3.035752058029175,335659011,0.112596056171115,468.0,-127.0,1.55530143492e-14,135.45,[468],65.0,603.0,69.67082727281316,604.4317709936081
240,0,416,83.7217154068203,95.59929429637123,125.33782958984375,83.21393,96.03792,125.33783,7.169183731079102,-0.8528673648834229,335577091,0.6709982544374934,148.0,79.1832048361,99.29259827339999,135.45,[148],471.0,763.0,454.2678409188494,783.5404228288115
241,0,509,97.3568152340049,85.51262352216872,127.55304718017578,97.796616,85.01827,127.55305,7.183389663696289,-0.7220728397369385,335568899,0.6616701553877476,116.0,101.24717697999999,80.7419293407,135.45,[116],773.0,463.0,792.827767258749,446.38553016019614
242,0,387,70.30464156957169,106.3947612983684,126.06904602050781,69.83781,106.70501,126.069046,7.152724742889404,-0.9882100820541382,335577091,0.5605253927990285,148.0,79.1832048361,99.29259827339999,135.45,"[148, 180]",898.0,228.0,886.0865209987361,246.8574693388672
243,0,58,55.41078604575887,117.01427827604857,128.33018493652344,55.240402,117.09682,128.33018,7.133920192718506,-1.1299021244049072,335585283,0.18932324527093675,180.0,56.1879442157,116.675468393,135.45,[180],618.0,564.0,615.5523953219426,570.9136732023546
244,0,109,-124.49542543352436,-36.460763767121534,132.40818786621094,-124.61853,-35.836697,132.40819,6.927762508392334,2.8552870750427246,335667203,0.6360932319955145,500.0,-126.25316462800001,-28.8164609473,135.45,[500],321.0,667.0,296.22788720713856,672.3095677790263
245,0,682,95.71434438388314,87.61264842536184,127.76685333251953,96.028824,87.235016,127.76685,7.181282997131348,-0.7425894737243652,335568899,0.49143024298905097,116.0,101.24717697999999,80.7419293407,135.45,[116],861.0,393.0,876.8287633864736,380.686696155326
245,1,69,91.24036704550963,99.83674414140114,133.35279846191406,87.19699,92.86153,133.3528,7.171595096588135,-0.8317713141441345,335577091,8.062415978394963,148.0,79.1832048361,99.29259827339999,135.45,"[116, 148]",344.0,922.0,623.765834720046,1084.2864883763848
245,2,682,101.02989082941349,92.46430780697847,134.85317993164062,95.93296,87.355225,134.85318,7.181282997131348,-0.7425894737243652,335568899,7.216746482896728,116.0,101.24717697999999,80.7419293407,135.45,[116],866.0,389.0,1070.8951386511387,593.3085539765398
246,0,681,90.17903429555008,-90.5029254335459,125.88140869140625,90.02441,-90.606735,125.88141,7.176688194274902,0.7858555912971497,335740931,0.18624244838006349,788.0,79.1832048361,-99.29259827339999,135.45,"[788, 820]",949.0,1035.0,953.5869135941635,1041.833178378003
246,1,681,92.02152772621048,-92.35708217618958,128.45687866210938,91.853806,-92.47033,128.45688,7.176688194274902,0.7858555912971497,335749123,0.2023749951393967,788.0,79.1832048361,-99.29259827339999,135.45,"[788, 820]",874.0,1108.0,879.4206438884163,1115.5329156044188
247,0,554,126.92665032934724,-2.317447753062879,124.29715728759766,126.9685,-2.367242,124.29716,7.221860408782959,0.01693776622414589,335544323,0.06504401248882795,20.0,127.0,0.0,135.45,[20],507.0,600.0,509.30208987748483,599.0660131738895
248,0,415,16.629797644003702,-126.45571506493434,127.21697235107422,16.156391,-126.54614,127.21697,7.0892744064331055,1.438690423965454,335724547,0.4819656103687009,724.0,28.2601586125,-123.815844847,135.45,[724],492.0,117.0,496.4051912826267,136.7855612601481
249,0,733,116.81631671868672,-49.88394801600225,124.5818862915039,117.02541,-49.62676,124.58189,7.209537506103516,0.4022665321826935,335757315,0.3314632374877671,852.0,114.423046224,-55.1032348679,135.45,[852],821.0,706.0,810.7714740759099,697.7308197874686
250,0,184,104.52610923759494,76.54372807695472,127.37834167480469,104.01744,77.217606,127.37834,7.191934108734131,-0.6334229707717896,335568899,0.8443071048330787,116.0,101.24717697999999,80.7419293407,135.45,[116],461.0,712.0,434.07194945018887,733.1572903037977
251,0,398,-118.54069712799537,46.48622490277194,129.8877716064453,-118.58458,46.389122,129.88777,6.931812286376953,-2.7692458629608154,335642627,0.1065581140477811,404.0,-114.423046224,55.1032348679,135.45,[404],253.0,435.0,257.3196013948774,437.29396384018514
252,0,77,60.030946109567594,114.83926614469237,128.34481811523438,59.49626,115.0473,128.34482,7.139290809631348,-1.090484857559204,335585283,0.5737303790182823,180.0,56.1879442157,116.675468393,135.45,[180],536.0,734.0,528.5519100676947,755.7200757547037
253,0,812,-107.56263363719336,-72.73267802391638,132.16482543945312,-107.655754,-72.655304,132.16483,6.946962833404541,2.5456247329711914,335683587,0.12107090955081973,564.0,-101.24717697999999,-80.7419293407,135.45,[564],925.0,345.0,922.3700526713446,349.38173371226526
254,0,470,-82.58476234731643,96.50293796394544,128.8059844970703,-82.28916,96.77539,128.80598,6.972804069519043,-2.2799994945526123,335626243,0.40200771855154105,340.0,-79.1832048361,99.29259827339999,135.45,[340],501.0,477.0,490.413587621818,465.9376995513429
255,0,572,-81.3486970565209,97.58129898304833,128.8058319091797,-81.140915,97.691086,128.80583,6.974251747131348,-2.267087936401367,335626243,0.23500333204332277,340.0,-79.1832048361,99.29259827339999,135.45,[340],537.0,523.0,533.5480283859334,515.3803111831638
256,0,927,89.33056560035766,91.13497735055716,125.75749206542969,89.0621,91.374146,125.75749,7.175501823425293,-0.7967303395271301,335577091,0.3595461437270325,148.0,79.1832048361,99.29259827339999,135.45,"[116, 148]",285.0,997.0,275.6951630862869,1007.8944305703061
257,0,410,-117.38775441522012,-48.87862916570157,129.68788146972656,-117.20896,-49.24562,129.68788,6.933099269866943,2.7456650733947754,335675395,0.40822753178478455,532.0,-114.423046224,-55.1032348679,135.45,[532],836.0,490.0,850.9842280879371,483.4116723511954
258,0,876,47.04200472977391,120.97428811975624,128.835205078125,47.89549,120.63394,128.8352,7.123956203460693,-1.2012970447540283,335585283,0.9188420284453801,180.0,56.1879442157,116.675468393,135.45,[180],760.0,270.0,773.9527890702493,236.16242056295619
259,0,266,-123.81667337012186,-39.42014825576189,132.60931396484375,-123.62254,-40.200405,132.60931,6.9287590980529785,2.8319578170776367,335667203,0.8040443060354954,500.0,-126.25316462800001,-28.8164609473,135.45,"[500, 532]",146.0,707.0,177.85250766152444,699.4596503151263
260,0,373,-127.93393078239478,21.35761663725134,132.46336364746094,-127.9119,21.4075,132.46336,6.923794269561768,-2.9775805473327637,335650819,0.05452969624069917,436.0,-126.25316462800001,28.8164609473,135.45,[436],305.0,535.0,303.64622759805354,534.7693538242095
261,0,559,66.88282634556526,-108.9545381273856,126.45559692382812,67.579155,-108.506226,126.4556,7.148775100708008,1.0189067125320435,335740931,0.8281652525951572,756.0,56.1879442157,-116.675468393,135.45,"[756, 788]",928.0,1057.0,910.8372106245758,1029.7952851946104
261,1,559,68.13532199787733,-111.00116595744475,128.8289794921875,68.83575,-110.549644,128.82898,7.148775100708008,1.0189067125320435,335732739,0.8333465713739298,756.0,56.1879442157,-116.675468393,135.45,"[756, 788]",847.0,1107.0,828.9720974222098,1079.895111287093
262,0,662,22.90406501837424,125.06729002048996,126.69389343261719,23.195387,124.93954,126.69389,7.096373081207275,-1.391013264656067,335593475,0.31810258219291737,212.0,28.2601586125,123.815844847,135.45,[212],646.0,399.0,652.0578069395987,387.7562562349696
263,0,880,-70.67922375353373,-106.01284605335968,128.94371032714844,-70.44159,-106.22351,128.94371,6.987172603607178,2.1574573516845703,335691779,0.31756844657904687,596.0,-79.1832048361,-99.29259827339999,135.45,"[596, 628]",324.0,951.0,333.1900888016122,942.1592433026507
264,0,571,2.2759916179202264,129.53523896100535,129.5399169921875,0.9896978,129.4685,129.53992,7.071905612945557,-1.5546016693115234,335601667,1.2880237019901197,244.0,7.92958802448e-15,129.5,135.45,[244],600.0,641.0,603.4095584402138,693.0396647168087
265,0,778,-39.857765433996974,-121.01525533115273,128.2825164794922,-38.796844,-121.3786,128.28252,7.0229811668396,1.8876073360443115,335708163,1.1214157991107545,660.0,-28.2601586125,-123.815844847,135.45,[660],699.0,180.0,714.023580633891,138.0957271401212
266,0,663,-123.56855897489004,40.64264633025596,132.7467803955078,-123.59613,40.316124,132.74678,6.929059982299805,-2.8252384662628174,335650819,0.3276843581823098,436.0,-126.25316462800001,28.8164609473,135.45,"[404, 436]",1061.0,708.0,1075.047415318238,709.3842261243992
267,0,19,-59.6227844815221,-115.02715778101629,130.8553924560547,-59.594467,-115.00001,130.8554,7.001139163970947,2.0476174354553223,335699971,0.03923010650634854,628.0,-56.1879442157,-116.675468393,135.45,[628],669.0,465.0,667.9324244793486,464.60638936711575
268,0,622,-99.76469280860329,82.58608943506988,131.66976928710938,-100.21258,81.988754,131.66977,6.955211639404297,-2.4515202045440674,335634435,0.746599142623019,372.0,-101.24717697999999,80.7419293407,135.45,[372],651.0,643.0,675.7664037747952,661.2993668558681
269,0,662,22.896862476103706,125.02825665435375,126.65434265136719,23.47533,124.87564,126.65434,7.096373081207275,-1.391013264656067,335593475,0.5982613661655795,212.0,28.2601586125,123.815844847,135.45,[212],644.0,410.0,650.4964722941503,387.46815454414826
270,0,622,-99.7592074901695,82.58153571582079,131.6625213623047,-99.97658,82.28469,131.66252,6.955211639404297,-2.4515202045440674,335634435,0.3679221438395637,372.0,-101.24717697999999,80.7419293407,135.45,[372],663.0,652.0,675.5842550048317,661.5187795932195
271,0,703,35.267931655806024,-122.11054348114521,126.37946319580078,34.759327,-122.30014,126.37946,7.111473560333252,1.2882875204086304,335724547,0.5427943870344781,724.0,28.2601586125,-123.815844847,135.45,[724],662.0,861.0,670.2120546341916,882.3109217322409
272,0,212,10.433083867093956,-129.44719527849156,129.671142578125,10.38464,-129.4685,129.67114,7.081747531890869,1.4889975786209106,335716355,0.05292423176987091,692.0,-2.37887640734e-14,-129.5,135.45,[692],603.0,1017.0,604.1121888603379,1019.3233546837592
273,0,642,4.696385963507055,129.3636102023297,129.3821258544922,4.3628664,129.4685,129.38213,7.0747151374816895,-1.5358808040618896,335601667,0.34962608168351483,244.0,7.92958802448e-15,129.5,135.45,[244],600.0,776.0,596.5444080931883,789.8554385402819
274,0,767,101.54023820869406,80.38553165185294,127.39341735839844,101.534615,80.33097,127.39342,7.188426971435547,-0.6709871888160706,335568899,0.05484993944252902,116.0,101.24717697999999,80.7419293407,135.45,[116],585.0,613.0,587.7440924461177,613.7224491477627
275,0,278,-86.758746960797,-93.14611891976529,129.16581726074216,-86.68592,-93.26909,129.16582,6.9684953689575195,2.3193352222442627,335691779,0.14291689884545075,596.0,-79.1832048361,-99.29259827339999,135.45,"[564, 596]",842.0,301.0,847.859174145388,298.9783150121201
276,0,100,38.20393236523523,121.52820083493498,126.61442565917969,38.359245,121.478485,126.614426,7.11447811126709,-1.2675583362579346,335593475,0.16307593739851928,212.0,28.2601586125,123.815844847,135.45,[212],508.0,1005.0,510.49423951739925,999.7509501094092
277,0,58,55.38647077445785,116.96311035599865,128.27403259277344,56.293633,116.58961,128.27403,7.133920192718506,-1.1299021244049072,335585283,0.9810438258085039,180.0,56.1879442157,116.675468393,135.45,[180],598.0,606.0,613.5056785199458,569.9410623503138
277,1,58,55.45335113208421,117.10384987505313,128.42848205566406,56.18464,116.6322,128.42848,7.133920192718506,-1.1299021244049072,335585283,0.8701916399377472,180.0,56.1879442157,116.675468393,135.45,[180],600.0,601.0,619.1352592821249,572.6162766553682
278,0,275,-85.99649538926315,93.85773348872317,129.16046142578125,-86.09573,93.739746,129.16046,6.969083309173584,-2.3138833045959473,335626243,0.15417281308182335,340.0,-79.1832048361,99.29259827339999,135.45,[340],379.0,325.0,384.60540861292714,329.4683778734742
278,1,447,-122.78337729273335,90.76096129736834,155.34127807617188,-103.81703,77.46891,155.34128,6.950247764587402,-2.5066897869110107,352411651,23.160329897822486,373.0,-101.24717697999999,80.7419293407,165.55,[373],471.0,499.0,1002.7612782667336,-259.4480125093344
278,2,641,-123.144723360645,125.49619281508058,178.49122619628906,-88.82059,91.56675,178.49123,6.965389251708984,-2.348630666732788,352403459,48.263375812079786,341.0,-79.1832048361,99.29259827339999,165.55,"[341, 373]",292.0,216.0,1650.1437816672233,-1156.4607409818
278,3,447,-161.55663977614677,119.55224333504884,204.4747314453125,-102.52991,79.08292,204.47473,6.950247764587402,-2.5066897869110107,369188867,71.56760153453797,374.0,-101.24717697999999,80.7419293407,195.65,[374],535.0,550.0,2154.4125597739535,-1810.3785118458711
278,4,78,-161.35454860153186,154.8911972630085,227.16192626953125,-92.695656,91.41467,227.16193,6.962260723114014,-2.3790388107299805,385966083,93.50568276294563,375.0,-101.24717697999999,80.7419293407,225.75,"[343, 375]",1028.0,944.0,3567.97071689234,-1802.2948648612748
278,5,178,-193.9427147326969,156.88984087322024,253.65386962890625,-99.32198,83.10553,253.65387,6.954047679901123,-2.464108943939209,402743299,119.9883634879678,376.0,-101.24717697999999,80.7419293407,255.85000000000002,[376],696.0,679.0,3647.9164613008093,-3105.8215101078767
278,6,179,-193.63584235486633,176.60907750113984,266.27459716796875,-93.89541,89.91023,266.2746,6.9596710205078125,-2.4049742221832275,402743299,132.15462094252354,376.0,-101.24717697999999,80.7419293407,255.85000000000002,"[344, 376]",968.0,896.0,4436.685926417593,-3093.5466149946533
278,7,622,-208.813577151137,173.3969025230981,275.9430236816406,-98.44021,84.211235,275.94302,6.955211639404297,-2.4515202045440674,419520515,141.9026560886086,377.0,-101.24717697999999,80.7419293407,285.95,[377],740.0,714.0,4308.198927295924,-3700.65600684548
278,8,179,-208.25800953036014,190.02709539228817,286.43792724609375,-94.36736,89.31932,286.43793,6.9596710205078125,-2.4049742221832275,419520515,152.03004722854595,377.0,-101.24717697999999,80.7419293407,285.95,[377],945.0,877.0,4973.406642063526,-3678.433302014406
278,9,419,-212.57524784399357,186.78831123861164,287.5860290527344,-96.5992,86.51979,287.58603,6.957845211029053,-2.4237253665924072,419520515,153.3108623046266,377.0,-101.24717697999999,80.7419293407,285.95,[377],833.0,787.0,4843.855275916465,-3851.122834559743
278,10,419,-213.11063201988145,187.26165851856786,288.3122863769531,-96.29639,86.8995,288.3123,6.957845211029053,-2.4237253665924072,419520515,154.0069192343967,377.0,-101.24717697999999,80.7419293407,285.95,[377],848.0,800.0,4862.789167114714,-3872.538201595258
278,11,179,-208.23499787943365,190.00596971949562,286.40618896484375,-94.336365,89.32338,286.4062,6.9596710205078125,-2.4049742221832275,419520515,152.01934942502237,377.0,-101.24717697999999,80.7419293407,285.95,[377],945.0,878.0,4972.561615151824,-3677.512835977346
278,12,179,-208.25557560641028,190.024860945392,286.4345703125,-94.372574,89.32259,286.43457,6.9596710205078125,-2.4049742221832275,419520515,152.02067201225336,377.0,-101.24717697999999,80.7419293407,285.95,[377],945.0,876.0,4973.317264187679,-3678.335945056411
279,0,112,-67.69221511862997,111.19172622463884,131.64927673339844,-67.51467,111.185844,131.64928,6.991947650909424,-2.119049072265625,335618051,0.17764119461229688,308.0,-56.1879442157,116.675468393,135.45,"[308, 340]",382.0,148.0,382.65031326555345,141.8291638828009
280,0,743,-63.24795535996236,113.2388550054493,131.08306884765625,-63.324467,113.203735,131.08307,6.996723175048828,-2.081559658050537,335618051,0.08418655508993601,308.0,-56.1879442157,116.675468393,135.45,[308],463.0,316.0,464.5354644979716,319.59955422950543
280,1,788,-62.93903329651948,112.8308718016633,130.5695343017578,-63.220448,113.25383,130.56953,6.996794700622559,-2.0810065269470215,335618051,0.5080232051385741,308.0,-56.1879442157,116.675468393,135.45,[308],465.0,320.0,448.21613634653204,331.95643676722057
281,0,284,-102.03523450991634,79.62193207260134,131.6309051513672,-102.17747,79.52486,131.6309,6.952573299407959,-2.4803526401519775,335634435,0.17220288449466584,372.0,-101.24717697999999,80.7419293407,135.45,[372],553.0,564.0,557.2001092760536,570.4776988033461
282,0,711,-39.82011642619182,121.12520365444652,128.38143920898438,-39.593422,121.19679,128.38144,7.022674560546875,-1.8897794485092163,335609859,0.23772961396591827,276.0,-28.2601586125,123.815844847,135.45,[276],497.0,148.0,494.37435229786104,139.6016874523275
283,0,767,101.58069025418081,80.41746713643079,127.4441146850586,101.10797,80.86597,127.444115,7.188426971435547,-0.6709871888160706,335568899,0.6516250898553795,116.0,101.24717697999999,80.7419293407,135.45,[116],606.0,596.0,589.0215118292315,615.3405309672326
284,0,281,-102.71590059348819,-78.75489013521292,131.64866638183594,-102.62048,-78.96934,131.64867,6.952060699462891,2.486076593399048,335683587,0.2347170587513226,564.0,-101.24717697999999,-80.7419293407,135.45,[564],672.0,547.0,681.481568219483,543.2510554604721
285,0,428,127.22196637244633,-24.459067200928985,126.8946533203125,127.27462,-24.199617,126.89465,7.219138145446777,0.1885916143655777,335765507,0.2647387711404088,884.0,126.25316462800001,-28.8164609473,135.45,[884],786.0,642.0,776.2957498548406,640.7520697778529
286,0,0,-124.24989527507569,-37.45088343860698,132.44955444335938,-124.305435,-37.208447,132.44955,6.928089618682861,2.8474326133728027,335667203,0.2487174079386853,500.0,-126.25316462800001,-28.8164609473,135.45,[500],266.0,679.0,256.62310034772077,682.1307741169733
287,0,415,16.62350201956724,-126.40733741588792,127.1683120727539,16.867723,-126.38378,127.16831,7.0892744064331055,1.438690423965454,335724547,0.2453548424576511,724.0,28.2601586125,-123.815844847,135.45,[724],499.0,146.0,498.3402972444833,136.53373628268966
288,0,766,-2.57601639720815,-129.4356554152613,129.54136657714844,-2.5541315,-129.4685,129.54137,7.066699028015137,1.5893216133117676,335716355,0.03947277618379579,692.0,-2.37887640734e-14,-129.5,135.45,[692],603.0,499.0,604.5737833895487,498.9593441116749
289,0,252,58.67940169261419,-115.45474502981597,128.29454040527344,58.02255,-115.757,128.29454,7.138110160827637,1.0992130041122437,335732739,0.7230603298707337,756.0,56.1879442157,-116.675468393,135.45,[756],638.0,675.0,650.8289345273613,701.6582990765676
290,0,67,126.98021447931546,-4.130471221971675,124.39556884765625,126.9685,-4.842683,124.39557,7.221807479858398,0.03119758330285549,335544323,0.7123079791289868,20.0,127.0,0.0,135.45,[20],408.0,600.0,436.781151121133,601.2085791726184
291,0,879,-81.47119106204627,-97.42981507891818,128.7649688720703,-81.39901,-97.48527,128.76497,6.974390506744385,2.2658605575561523,335691779,0.09102271585512399,596.0,-79.1832048361,-99.29259827339999,135.45,[596],674.0,513.0,676.5113277792722,510.4805509621491
291,1,879,-81.50112997981341,-97.46551920841011,128.8122100830078,-81.4326,-97.51932,128.81221,6.974390506744385,2.2658605575561523,335691779,0.08712269294295522,596.0,-79.1832048361,-99.29259827339999,135.45,[596],672.0,512.0,675.0831625995949,509.2829942514635
291,2,390,-81.54003429188742,-97.35014793106893,128.74954223632812,-81.59413,-97.32966,128.74954,6.974298000335693,2.266679048538208,335691779,0.0578473948897571,596.0,-79.1832048361,-99.29259827339999,135.45,[596],680.0,505.0,679.6980136932422,507.7268217685031
291,3,255,-81.94315133010969,-97.26418691673098,128.95164489746094,-81.78067,-97.143845,128.95164,6.97397518157959,2.269540786743164,335691779,0.2021939682590447,596.0,-79.1832048361,-99.29259827339999,135.45,[596],687.0,498.0,683.1364542667603,491.6021402396126
292,0,143,-125.40406948362033,32.40203584950359,132.22747802734375,-125.51282,31.918562,132.22748,6.926415920257568,-2.890144109725952,335650819,0.4955533585532148,436.0,-126.25316462800001,28.8164609473,135.45,[436],726.0,631.0,745.4229960881436,635.9638057751874
293,0,585,-89.96097827520862,-90.50033339802758,129.5482635498047,-89.07828,-91.36125,129.54826,6.965055465698242,2.3518316745758057,335691779,1.233021107571768,596.0,-79.1832048361,-99.29259827339999,135.45,"[564, 596]",919.0,206.0,953.6905950148963,170.88906243565532
294,0,179,-96.06197625744244,87.3646331919008,131.9263153076172,-95.08151,88.422905,131.92632,6.9596710205078125,-2.4049742221832275,335634435,1.4426532598128594,372.0,-101.24717697999999,80.7419293407,135.45,[372],909.0,848.0,866.9081540480317,809.408028902302
295,0,34,16.549067892265157,126.51154821562795,127.27080535888673,16.463758,126.47598,127.270805,7.08876895904541,-1.4420740604400635,335593475,0.09242621965948261,212.0,28.2601586125,123.815844847,135.45,[212],708.0,130.0,709.8281347451183,133.5563711906063
296,0,594,44.893360460911936,122.04187395539338,129.11895751953125,44.995087,122.0307,129.11896,7.121347904205322,-1.2196764945983887,335585283,0.10233798709297724,180.0,56.1879442157,116.675468393,135.45,[180],816.0,154.0,816.6562224957352,150.2166498084773
297,0,337,51.0760864096228,-119.17975788164404,128.60752868652344,51.192814,-119.046036,128.60753,7.129120349884033,1.1645472049713135,335732739,0.1775018445702648,756.0,56.1879442157,-116.675468393,135.45,[756],507.0,402.0,501.82842045423854,397.525687756912
298,0,493,11.416224323918868,-129.45927125378694,129.74502563476562,11.154443,-129.4685,129.74503,7.082876682281494,1.4814637899398804,335716355,0.26194436608324184,692.0,-2.37887640734e-14,-129.5,135.45,[692],603.0,1048.0,603.629149848523,1058.6489729567556
299,0,445,81.312840032253,97.61699109610345,125.3583755493164,81.376045,97.50358,125.358376,7.1663007736206055,-0.8775972127914429,335577091,0.12983599200369253,148.0,79.1832048361,99.29259827339999,135.45,[148],530.0,689.0,534.9757129081382,687.18540784612
300,0,900,-83.82227691423032,-95.54130430081204,128.91047668457034,-83.45826,-95.84306,128.91048,6.971739768981934,2.289583206176758,335691779,0.47282887418576136,596.0,-79.1832048361,-99.29259827339999,135.45,[596],739.0,430.0,752.0517589035177,416.4371168747874
301,0,104,72.22822853078833,104.84738058179937,125.82157897949219,72.32861,104.71866,125.82158,7.155170917510986,-0.9689007997512817,335577091,0.16323751420606658,148.0,79.1832048361,99.29259827339999,135.45,[148],819.0,327.0,824.1912923359752,323.8009477875329
302,0,799,-11.806009455111052,-129.3958863423186,130.20950317382812,-10.696753,-129.4685,130.2095,7.056074142456055,1.660402774810791,335716355,1.1116314496036672,692.0,-2.37887640734e-14,-129.5,135.45,[692],603.0,174.0,606.1645463072568,129.75962179555884
303,0,974,-61.7809541190727,113.97886423215095,130.9928741455078,-61.93873,113.87107,130.99287,6.998361110687256,-2.0688960552215576,335618051,0.19108143059137447,308.0,-56.1879442157,116.675468393,135.45,[308],489.0,371.0,494.13583356603795,378.27960386509176
304,0,468,-126.89793436142008,11.11911979780416,130.1202850341797,-126.9685,11.138586,130.12029,6.9223809242248535,-3.0555734634399414,335659011,0.0731996878360328,468.0,-127.0,1.55530143492e-14,135.45,[468],1047.0,603.0,1046.7647919121657,606.0826255431971
305,0,415,16.622214855335187,-126.39744647055977,127.15836334228516,16.916782,-126.37259,127.15836,7.0892744064331055,1.438690423965454,335724547,0.2956144691901795,724.0,28.2601586125,-123.815844847,135.45,[724],499.0,148.0,498.73593505760937,136.48224971340753
306,0,745,124.40230205579974,36.816535798127006,127.13963317871094,124.421196,36.701275,127.13963,7.215461730957031,-0.28908318281173706,335552515,0.1167992365141246,52.0,126.25316462800001,28.8164609473,135.45,[52],917.0,528.0,922.0029940330802,527.9654971119891
307,0,139,127.64820941085418,-22.80058514932898,127.0024871826172,127.81237,-21.843569,127.00249,7.219507217407227,0.17540933191776276,335765507,0.9709938655347663,884.0,126.25316462800001,-28.8164609473,135.45,[884],880.0,664.0,842.6350319188407,657.8017913141667
308,0,652,-12.32134782448702,129.5273074256147,130.40675354003906,-12.519911,129.4685,130.40675,7.055088520050049,-1.6670196056365967,335601667,0.20708665904014253,244.0,7.92958802448e-15,129.5,135.45,[244],600.0,101.0,603.0922970245882,109.14608702051893
309,0,754,108.79747959424276,-66.59732005756814,125.29069519042969,108.973145,-66.34747,125.290695,7.199263095855713,0.547956109046936,335757315,0.3054204479857584,852.0,114.423046224,-55.1032348679,135.45,"[820, 852]",152.0,384.0,142.23659241327425,376.9773348097101
309,1,674,111.87892020520303,-63.6005924818528,126.35715484619142,110.68298,-62.79695,126.357155,7.201794624328613,0.515578031539917,335757315,1.4408691837491328,852.0,114.423046224,-55.1032348679,135.45,[852],294.0,452.0,262.10569544188786,500.23495924812096
309,2,797,129.00323151478733,-59.320111993736646,139.29421997070312,115.47653,-52.84305,139.29422,7.207836627960205,0.4295245409011841,335757315,14.99746501839911,852.0,114.423046224,-55.1032348679,135.45,[852],692.0,644.0,433.32491496653404,1185.207411631493
309,3,48,142.89071083625458,-89.47572149628832,165.6092987060547,108.57701,-67.17006,165.6093,7.198474884033203,0.5576929450035095,352534531,40.92642861656215,853.0,114.423046224,-55.1032348679,165.55,"[821, 853]",119.0,368.0,-772.8994651355328,1740.706584490183
309,4,797,172.26116520110736,-79.3150989277492,186.04547119140622,115.765816,-52.24234,186.04547,7.207836627960205,0.4295245409011841,369311747,62.64709715951878,854.0,114.423046224,-55.1032348679,195.65,[854],716.0,655.0,-366.4745623939683,2915.524759084294
309,5,614,172.57634134520777,-99.85781119628518,195.77978515625,110.338486,-63.51231,195.77979,7.201266288757324,0.5224813222885132,369311747,72.0731997920839,854.0,114.423046224,-55.1032348679,195.65,[854],265.0,438.0,-1188.1830531354074,2928.1318048483104
310,0,672,-35.78017683107464,122.08001510652866,128.00799560546875,-35.95991,122.026115,128.008,7.027286052703857,-1.8572574853897095,335609859,0.18764240589885775,276.0,-28.2601586125,123.815844847,135.45,[276],530.0,294.0,532.5668103811466,301.1992712570145
311,0,72,-73.66470370865136,-103.69557222049116,128.7913818359375,-73.658485,-103.65813,128.79138,6.983572483062744,2.1870980262756348,335691779,0.03795819273701581,596.0,-79.1832048361,-99.29259827339999,135.45,[596],427.0,822.0,425.8810421163531,822.7400450979457
312,0,682,95.64141098356049,87.54606972646434,127.66961669921874,96.39603,86.77455,127.66962,7.181282997131348,-0.7425894737243652,335568899,1.0792058592782805,116.0,101.24717697999999,80.7419293407,135.45,[116],843.0,407.0,874.1656154305736,377.7693601424198
313,0,571,2.2741504165387596,129.4380463904672,129.44271850585938,1.5228869,129.4685,129.44272,7.071905612945557,-1.5546016693115234,335601667,0.7518807699103638,244.0,7.92958802448e-15,129.5,135.45,[244],600.0,662.0,599.5218556186882,692.96601666155
314,0,755,-55.51135739043821,116.93759067260544,130.65792846679688,-55.112606,117.15836,130.65793,7.005407333374023,-2.0153932571411133,335618051,0.4557885521906541,308.0,-56.1879442157,116.675468393,135.45,[308],621.0,645.0,612.4848911842173,629.0634730104716
315,0,497,-124.27701659880222,-37.464670736080734,132.48008728027344,-124.24051,-37.492928,132.48009,6.928091526031494,2.84739089012146,335667203,0.0461654627463655,500.0,-126.25316462800001,-28.8164609473,135.45,[500],254.0,682.0,256.0716084487706,681.045921167912
316,0,187,78.60269827910088,99.68685736957195,125.3171157836914,78.75263,99.59568,125.317116,7.163106441497803,-0.9044386148452759,335577091,0.17548057589225402,148.0,79.1832048361,99.29259827339999,135.45,[148],614.0,584.0,617.7703638468785,578.7797377200349
317,0,306,124.25866748130647,-37.49684474981768,127.19774627685548,124.30494,-37.21065,127.19775,7.2153449058532715,0.29172560572624207,335765507,0.2899098363701293,884.0,126.25316462800001,-28.8164609473,135.45,[884],266.0,524.0,254.78464789929262,522.2201141322586
318,0,975,-26.60047833064891,-124.1660564165959,127.5736083984375,-27.023914,-124.0657,127.57361,7.038358688354492,1.7804862260818481,335708163,0.4351667738353806,660.0,-28.2601586125,-123.815844847,135.45,[660],592.0,651.0,587.9915372161645,668.3872112740437
319,0,527,-118.16364385523411,-47.08141124884423,129.74507141113284,-118.01825,-47.565125,129.74507,6.932250022888184,2.7610535621643066,335675395,0.5050921062608034,532.0,-114.423046224,-55.1032348679,135.45,[532],903.0,458.0,922.8729447622305,452.3760947506355
320,0,546,-29.723533739961567,-123.45288953352429,127.63732147216797,-29.5388,-123.49169,127.63732,7.034694671630859,1.8057137727737427,335708163,0.18876551077550427,660.0,-28.2601586125,-123.815844847,135.45,[660],614.0,550.0,616.5182125390288,543.4649949015375
321,0,663,-123.40147206171423,40.58742968842125,132.56719970703125,-123.6222,40.201912,132.5672,6.929059982299805,-2.8252384662628174,335650819,0.4442350425880692,436.0,-126.25316462800001,28.8164609473,135.45,"[404, 436]",1057.0,707.0,1072.83874964485,716.0677026514315
321,1,663,-123.26452565924592,40.54217400473863,132.42001342773438,-123.644745,40.098545,132.42001,6.929059982299805,-2.8252384662628174,335650819,0.5842715792514734,436.0,-126.25316462800001,28.8164609473,135.45,"[404, 436]",1053.0,706.0,1071.028522297545,721.545558750164
322,0,711,-39.85725172377715,121.23868323842362,128.5016632080078,-39.913406,121.12376,128.50166,7.022674560546875,-1.8897794485092163,335609859,0.1279121601616723,276.0,-28.2601586125,123.815844847,135.45,[276],494.0,135.0,498.9135356569449,138.11627554891402
323,0,922,109.9279635029452,64.23933385558485,125.03026580810547,109.98161,64.25337,125.030266,7.200669765472412,-0.5301786661148071,335560707,0.05545593308322762,84.0,114.423046224,55.1032348679,135.45,[84],968.0,424.0,967.4439595073937,422.1966911578079
324,0,893,126.9707470214189,-9.435427819378674,124.66914367675781,126.9685,-9.344063,124.66914,7.221471786499023,0.07285317033529282,335544323,0.09139268506411424,20.0,127.0,0.0,135.45,[20],228.0,600.0,224.58288722485307,600.829880856756
325,0,361,-126.93222390018354,10.489284992625471,130.10174560546875,-126.9685,9.644397,130.10175,6.92232084274292,-3.06052303314209,335659011,0.8456665510642866,468.0,-127.0,1.55530143492e-14,135.45,[468],987.0,603.0,1021.5713997050182,604.7110439926587
326,0,901,76.46215353308799,101.42291307567939,125.43009185791016,76.96966,101.017555,125.43009,7.160475730895996,-0.9261379241943359,335577091,0.6495195592750631,148.0,79.1832048361,99.29259827339999,135.45,[148],670.0,513.0,687.2125920911759,493.15794787951916
326,1,901,76.38165872830723,101.31643574724148,125.29827880859374,77.15771,100.866035,125.29828,7.160475730895996,-0.9261379241943359,335577091,0.8972801514357887,148.0,79.1832048361,99.29259827339999,135.45,[148],664.0,520.0,682.9534989536597,489.93815568828893
327,0,804,126.00674859488026,29.727169732330367,126.83572387695312,126.14853,29.133326,126.835724,7.21769905090332,-0.23302635550498962,335552515,0.6105346667536621,52.0,126.25316462800001,28.8164609473,135.45,[52],614.0,597.0,638.4283514012146,592.1433586752102
327,1,748,173.15988011587615,238.97117947128208,291.53216552734375,77.34541,100.717896,291.53217,7.157927513122559,-0.9468387961387634,419463171,168.20934158221638,153.0,79.1832048361,99.29259827339999,285.95,[153],659.0,528.0,6189.143247915283,4361.067011191046
327,2,745,395.47396031727294,115.77831704754499,403.82803344726557,124.82735,34.921825,403.82803,7.215461730957031,-0.28908318281173706,486547459,282.46656730933864,61.0,126.25316462800001,28.8164609473,406.34999999999997,[61],846.0,544.0,4080.4742440097993,11370.831827570915
328,0,134,107.76977081043151,68.6916243887681,125.55410766601562,108.16079,68.03435,125.55411,7.197561740875244,-0.5687927603721619,335560707,0.7647930904176403,84.0,114.423046224,55.1032348679,135.45,"[84, 116]",1119.0,351.0,1145.535580834724,335.86898345726013
328,1,134,109.88295494269187,70.03452025663864,128.01388549804688,110.28726,69.35551,128.01389,7.197561740875244,-0.5687927603721619,335568899,0.7902678717921472,116.0,101.24717697999999,80.7419293407,135.45,"[84, 116]",146.0,963.0,173.70363663754574,947.4311185076749
329,0,303,-62.79733802114788,-113.51393349413411,131.08822631835938,-63.320934,-113.20544,131.08823,6.997607231140137,2.0747122764587402,335699971,0.6077197764027854,628.0,-56.1879442157,-116.675468393,135.45,[628],740.0,316.0,728.4613959546357,337.6242477820847
330,0,772,-123.1641485442724,42.09024417897308,132.81494140625,-123.193954,42.07817,132.81494,6.929592132568359,-2.8137030601501465,335650819,0.03215836012974031,436.0,-126.25316462800001,28.8164609473,135.45,"[404, 436]",1132.0,724.0,1132.951329266923,725.560643349105
331,0,751,-7.464169543753087,129.55463504948239,129.96095275878906,-7.982128,129.4685,129.96095,7.060651779174805,-1.6297252178192139,335601667,0.5250708030771462,244.0,7.92958802448e-15,129.5,135.45,[244],600.0,282.0,604.1854019792953,303.43321824987623
332,0,668,-49.06223600146768,120.07316069253284,130.78594970703125,-48.59516,120.297,130.78595,7.012894630432129,-1.960084080696106,335618051,0.5179395446063101,308.0,-56.1879442157,116.675468393,135.45,[308],746.0,905.0,737.9076919813133,887.0283285692926
333,0,940,37.916493514923786,121.50915509350125,126.51640319824219,37.7819,121.61026,126.5164,7.11417293548584,-1.2696666717529297,335593475,0.1683390107179023,212.0,28.2601586125,123.815844847,135.45,[212],513.0,982.0,509.7324098600501,988.2533960969514
334,0,554,127.00171277373875,-2.3189173096689046,124.37066650390625,126.9685,-2.3911707,124.37067,7.221860408782959,0.01693776622414589,335544323,0.07952209837595288,20.0,127.0,0.0,135.45,[20],506.0,600.0,509.2433076132438,602.0685109495497
335,0,486,-126.96654913054408,-12.461514361209993,130.3135528564453,-126.9685,-12.709161,130.31355,6.922558307647705,3.0423758029937744,335659011,0.2476541136058543,468.0,-127.0,1.55530143492e-14,135.45,[468],93.0,603.0,103.53942555159968,603.3380347782372
336,0,809,105.27810728897748,75.5622772652132,127.39523315429688,105.284424,75.62886,127.39523,7.192797660827637,-0.6238840818405151,335568899,0.0668821524044501,116.0,101.24717697999999,80.7419293407,135.45,[116],397.0,763.0,394.8139169805279,763.2372123590994
337,0,297,51.96660926886398,118.8131652784723,128.61297607421875,51.83322,118.73763,128.61298,7.129775524139404,-1.159850001335144,335585283,0.15328886689242163,180.0,56.1879442157,116.675468393,135.45,[180],684.0,427.0,687.5078754188917,433.14660212655895
338,0,98,-107.91335400681419,72.60019924830704,132.39341735839844,-108.350945,71.78356,132.39342,6.9465413093566895,-2.5507850646972656,335634435,0.9264892503483805,372.0,-101.24717697999999,80.7419293407,135.45,[372],243.0,317.0,276.3307963042814,335.35291892743203
339,0,435,15.811922408101964,126.77709163501913,127.45643615722655,15.784897,126.63093,127.456436,7.087874412536621,-1.4480667114257812,335593475,0.14864110265766992,212.0,28.2601586125,123.815844847,135.45,[212],714.0,102.0,720.4498715207654,104.07055182407859
340,0,876,47.057039120998525,121.01279498929216,128.87623596191406,47.4185,120.86365,128.87624,7.123956203460693,-1.2012970447540283,335585283,0.39102202524120966,180.0,56.1879442157,116.675468393,135.45,[180],769.0,251.0,775.4930638516862,236.76379621194087
341,0,755,-55.59713325689518,117.11893131254328,130.86041259765625,-56.52016,116.48052,130.86041,7.005407333374023,-2.0153932571411133,335618051,1.1222949104963196,308.0,-56.1879442157,116.675468393,135.45,[308],594.0,588.0,619.738516781731,625.6324383521928
342,0,962,118.05130889860447,47.53352507283125,124.79891967773438,118.15666,47.277702,124.79892,7.210611820220947,-0.3841136693954468,335560707,0.2766668542831383,84.0,114.423046224,55.1032348679,135.45,[84],288.0,751.0,299.21160819725003,747.1305069841787
342,1,133,117.7741560966424,47.46693582203443,124.52275848388672,117.95668,47.577923,124.52276,7.210592746734619,-0.38443952798843384,335560707,0.21361928278223805,84.0,114.423046224,55.1032348679,135.45,[84],300.0,743.0,296.5480381653771,736.0443949056958
343,0,419,-97.56435452963342,85.44381415937823,131.8002471923828,-97.83301,84.97263,131.80025,6.957845211029053,-2.4237253665924072,335634435,0.5423890950102073,372.0,-101.24717697999999,80.7419293407,135.45,[372],771.0,738.0,790.0753927471294,749.3128980146628
344,0,677,124.81208170636455,35.09965490845207,127.04869079589842,124.86649,34.750313,127.04869,7.216047286987305,-0.2754872143268585,335552515,0.3535541238514151,52.0,126.25316462800001,28.8164609473,135.45,[52],839.0,546.0,853.3277584460826,544.3566831345817
345,0,431,72.9581034058283,-104.12684243009426,125.6249771118164,73.65291,-103.66257,125.62498,7.156501770019531,0.9582912921905518,335740931,0.8356467089637482,788.0,79.1832048361,-99.29259827339999,135.45,[788],427.0,380.0,408.63023373222916,352.9959427891316
346,0,427,-127.12414456677652,-24.88222656486323,132.2765350341797,-127.010735,-25.355755,132.27654,6.924590110778809,2.946901559829712,335667203,0.4869197768264895,500.0,-126.25316462800001,-28.8164609473,135.45,[500],740.0,571.0,759.3693752974707,567.1608024489399
347,0,392,-44.406532427958155,122.25802968023527,131.04991149902344,-44.89038,122.08112,131.04991,7.018354892730713,-1.9205893278121948,335618051,0.5151748766547715,308.0,-56.1879442157,116.675468393,135.45,[308],818.0,1053.0,825.3024514894105,1073.2564715096737
348,0,249,117.34913128648623,48.852071219153004,124.66349792480467,117.59527,48.44345,124.6635,7.209925651550293,-0.3957982063293457,335560707,0.477026149310976,84.0,114.423046224,55.1032348679,135.45,[84],335.0,728.0,351.95345405012006,719.0434024994488
349,0,107,69.1170126860452,107.2597039934044,126.16947174072266,69.558624,106.92766,126.16947,7.151252746582031,-0.999713659286499,335577091,0.5525172186024292,148.0,79.1832048361,99.29259827339999,135.45,"[148, 180]",907.0,217.0,920.6842288001764,199.35231399780776
350,0,594,44.88691712282889,122.02443159671384,129.10049438476562,45.497746,121.788635,129.1005,7.121347904205322,-1.2196764945983887,335585283,0.6547604437040465,180.0,56.1879442157,116.675468393,135.45,[180],806.0,174.0,815.9585281485533,149.9589162851555
351,0,921,-126.96209667556786,4.22359540159232,129.7696075439453,-126.9685,4.2509007,129.7696,6.92191743850708,-3.1097147464752197,335659011,0.028045707316946902,468.0,-127.0,1.55530143492e-14,135.45,[468],772.0,603.0,770.9438160636921,603.5161329772859
352,0,580,52.0279042637776,118.58052800686346,128.4231414794922,52.5029,118.41513,128.42314,7.129936218261719,-1.1586943864822388,335585283,0.5029676510678529,180.0,56.1879442157,116.675468393,135.45,[180],671.0,454.0,678.2023845545382,435.5984019231039
353,0,167,-109.23538434247894,-65.83677631190221,129.89695739746094,-109.1692,-65.94036,129.89696,6.942851543426514,2.597808361053467,335675395,0.12292495980729752,532.0,-114.423046224,-55.1032348679,135.45,"[532, 564]",168.0,812.0,172.65834223991135,809.5064752608425
353,1,167,-108.85439132287138,-65.60786220577575,129.44427490234372,-109.17621,-65.925804,129.44427,6.942851543426514,2.597808361053467,335675395,0.45238630103493865,532.0,-114.423046224,-55.1032348679,135.45,"[532, 564]",169.0,811.0,181.81490648497004,824.7461960451449
353,2,475,-105.8082719360973,-67.11025512484775,127.5780487060547,-107.82688,-68.61966,127.57805,6.944606304168701,2.5750069618225098,335675395,2.5205327890402627,564.0,-101.24717697999999,-80.7419293407,135.45,"[532, 564]",1086.0,338.0,1147.2669686340896,419.5562017561076
354,0,498,-46.1764667266325,121.48042629446718,130.97525024414062,-46.21174,121.44479,130.97525,7.016292095184326,-1.9354325532913208,335618051,0.050137668456217636,308.0,-56.1879442157,116.675468393,135.45,[308],792.0,1001.0,794.1983160586869,1002.4590995627
355,0,908,127.02105844274956,-14.538247914795647,125.19746398925781,126.9685,-14.82501,125.197464,7.220901966094971,0.11263159662485123,335544323,0.2915394336147258,884.0,126.25316462800001,-28.8164609473,135.45,"[20, 884]",1161.0,630.0,1173.128521300174,632.7157525899821
355,1,908,129.40029538119688,-14.813825760720647,127.54290771484376,129.3478,-15.116456,127.54291,7.220901966094971,0.11263159662485123,335765507,0.3071506473970147,884.0,126.25316462800001,-28.8164609473,135.45,[884],1150.0,725.0,1162.105407463174,727.8852301278749
355,2,671,131.91571028894623,-11.03243090333126,129.6212158203125,126.9685,-11.372263,129.62122,7.221362113952637,0.08206341415643692,335544323,4.9588701313426045,20.0,127.0,0.0,135.45,[20],147.0,600.0,160.70276386674962,798.6284115578491
355,3,908,129.46812257225156,-14.821683681620925,127.60977172851564,129.2976,-15.336305,127.60977,7.220901966094971,0.11263159662485123,335765507,0.5421348288409921,884.0,126.25316462800001,-28.8164609473,135.45,[884],1141.0,723.0,1161.791090627163,730.598317770062
355,4,981,177.16129319836546,-19.924617651900917,174.57797241210938,129.50227,-14.439639,174.57797,7.220944404602051,0.11014368385076523,352542723,47.97360881504757,21.0,127.0,0.0,165.55,"[21, 885]",24.0,702.0,-194.98470607603664,2608.451727934618
355,5,67,166.03533566003125,-5.468329203344183,162.65792846679688,126.99129,-5.0294557,162.65793,7.221807479858398,0.03119758330285549,352321539,39.04651492360432,21.0,127.0,0.0,165.55,[21],400.0,601.0,383.2668318662327,2163.4134264012496
355,6,67,166.0420950885043,-5.4685634987909,162.66455078125,126.964066,-5.029008,162.66455,7.221807479858398,0.03119758330285549,352321539,39.080501552423684,21.0,127.0,0.0,165.55,[21],400.0,600.0,383.257460048364,2163.683803540172
356,0,170,-112.9534205239288,58.08352179675421,129.45108032226562,-112.35782,59.319122,129.45108,6.937865257263184,-2.6680026054382324,335642627,1.371659683353594,404.0,-114.423046224,55.1032348679,135.45,[404],770.0,684.0,721.2114771541684,660.7850280028481
357,0,148,-86.8336550723252,93.03175417527746,129.1403045654297,-86.651535,93.29652,129.1403,6.9680891036987305,-2.323118209838867,335626243,0.3213514488960702,340.0,-79.1832048361,99.29259827339999,135.45,"[340, 372]",362.0,303.0,351.5662360750986,295.981990550992
358,0,366,-115.06710163711614,-53.6802275162845,129.4530487060547,-114.77656,-54.296555,129.45305,6.935573577880859,2.703719139099121,335675395,0.6813770481094882,532.0,-114.423046224,-55.1032348679,135.45,[532],634.0,587.0,658.9202940646197,576.2377834753545
359,0,798,100.44429876085997,-81.77610209567501,127.42783355712889,100.114845,-82.111305,127.42783,7.187371253967285,0.6819543242454529,335749123,0.4700007921240353,820.0,101.24717697999999,-80.7419293407,135.45,[820],547.0,556.0,560.6330898009992,569.8848712343988
360,0,778,-39.870704584012856,-121.05436167111475,128.32398986816406,-38.604683,-121.42246,128.32399,7.0229811668396,1.8876073360443115,335708163,1.3184494836858371,660.0,-28.2601586125,-123.815844847,135.45,[660],697.0,188.0,712.4593270354103,137.57816113948593
361,0,958,-126.94160137173412,-9.872271930878924,130.0613555908203,-126.9685,-9.646139,130.06136,6.92229700088501,3.0625991821289062,335659011,0.22772676144727058,468.0,-127.0,1.55530143492e-14,135.45,[468],216.0,603.0,207.10912276484243,604.3359451306355
362,0,662,22.88144325477333,124.9446933050749,126.56967163085938,23.540987,124.86066,126.56967,7.096373081207275,-1.391013264656067,335593475,0.6648760154417357,212.0,28.2601586125,123.815844847,135.45,[212],643.0,413.0,647.1539383229964,386.8513856909332
363,0,815,-29.08155643173086,-123.56404228065185,127.58312225341797,-28.737892,-123.67449,127.58312,7.035436630249023,1.8005925416946411,335708163,0.3609768031924988,660.0,-28.2601586125,-123.815844847,135.45,[660],607.0,582.0,612.0721026539263,569.1440872307658
364,0,935,-127.56194851310738,22.66897479396721,132.3115234375,-127.43739,23.486444,132.31152,6.924050331115723,-2.9671225547790527,335650819,0.8269042903914218,436.0,-126.25316462800001,28.8164609473,135.45,[436],388.0,554.0,356.1005538666883,549.6486445957055
365,0,509,97.4057886779483,85.55552168502618,127.61713409423828,97.64309,85.21079,127.617134,7.183389663696289,-0.7220728397369385,335568899,0.41850897837191336,116.0,101.24717697999999,80.7419293407,135.45,[116],780.0,457.0,794.5436937730472,448.344467917932
366,0,714,-114.50178620468432,54.86677955543564,129.4402618408203,-114.70611,54.44285,129.44026,6.936047554016113,-2.6961135864257812,335642627,0.4706009175020659,404.0,-114.423046224,55.1032348679,135.45,[404],575.0,590.0,592.5417875014256,598.8504007726272
367,0,707,-125.14242794999154,34.08304390955891,132.40020751953125,-124.9793,34.256073,132.4002,6.9268999099731445,-2.8770923614501953,335650819,0.23780100841297852,436.0,-126.25316462800001,28.8164609473,135.45,[436],819.0,652.0,812.6633184903563,646.429467120339
368,0,475,-110.03569840445925,-69.78322017786559,132.67071533203125,-109.824715,-69.93551,132.67072,6.944606304168701,2.5750069618225098,335683587,0.26020365613197344,564.0,-101.24717697999999,-80.7419293407,135.45,"[532, 564]",1034.0,258.0,1040.3483665133763,250.45914302162942
369,0,337,51.058791897958145,-119.13925079752153,128.5638427734375,51.114006,-119.083984,128.56384,7.129120349884033,1.1645472049713135,335732739,0.07812156689199223,756.0,56.1879442157,-116.675468393,135.45,[756],505.0,399.0,503.4487038191389,396.83390729032567
370,0,447,-104.20134540798972,76.98498606664361,131.80760192871094,-104.33533,76.81899,131.8076,6.950247764587402,-2.5066897869110107,335634435,0.2133188525336444,372.0,-101.24717697999999,80.7419293407,135.45,[372],445.0,478.0,451.7222690377446,483.83326288041076
370,1,447,-103.7741063632966,76.668417151006,131.26661682128906,-104.37679,76.767,131.26662,6.950247764587402,-2.5066897869110107,335634435,0.6106957605783803,372.0,-101.24717697999999,80.7419293407,135.45,[372],443.0,476.0,439.0595124122399,500.9228246681357
370,2,61,-105.45284465153236,75.5320198369518,131.9916534423828,-105.122795,75.91127,131.99165,6.948982238769531,-2.521434783935547,335634435,0.5027559017615242,372.0,-101.24717697999999,80.7419293407,135.45,[372],408.0,446.0,393.60361985007216,433.7732931387052
371,0,987,-47.043807395566546,120.96566346361578,130.82447814941406,-47.87384,120.64437,130.82448,7.015233516693115,-1.9430867433547974,335618051,0.8900469098707408,308.0,-56.1879442157,116.675468393,135.45,[308],760.0,934.0,773.6078028246311,967.765472805338
372,0,889,-126.89874814060818,-4.169324849266559,129.70288085937497,-126.9685,-4.076109,129.70288,6.921928882598877,3.1073732376098633,335659011,0.11642285903972224,468.0,-127.0,1.55530143492e-14,135.45,[468],438.0,603.0,435.227006029337,606.0500743756734
373,0,260,-128.12575100245067,-20.525332504243124,132.5211944580078,-128.12468,-20.475245,132.5212,6.923705577850342,2.981339931488037,335667203,0.05009944044585867,500.0,-126.25316462800001,-28.8164609473,135.45,[500],935.0,527.0,933.645137722275,527.096545021974
373,1,260,-127.48339352987114,-20.42335012753756,131.85694885253906,-128.08832,-20.634554,131.85695,6.923705577850342,2.981339931488037,335667203,0.6407343412328634,500.0,-126.25316462800001,-28.8164609473,135.45,[500],929.0,528.0,937.7244327904975,552.7908439251553
373,2,427,-118.72256637935425,-23.249198725847236,123.5366744995117,-126.928734,-25.715029,123.536674,6.924590110778809,2.946901559829712,335667203,8.56863477623009,500.0,-126.25316462800001,-28.8164609473,135.45,[500],726.0,574.0,824.6904888581105,903.2239299458308
373,3,209,-118.88714306220754,-19.858709095642553,123.09700012207031,-127.923676,-21.353998,123.097,6.923861503601074,2.9747767448425293,335667203,9.159410932386791,500.0,-126.25316462800001,-28.8164609473,135.45,[500],900.0,535.0,960.3100740662978,896.6408626316991
374,0,53,38.97538277836429,121.37490096270449,126.6856460571289,38.942085,121.34545,126.685646,7.115363597869873,-1.2614253759384155,335593475,0.0444522633530033,212.0,28.2601586125,123.815844847,135.45,[212],503.0,1029.0,504.3622446281796,1030.6089666345717
375,0,184,105.31899550804155,77.1226965655951,128.34361267089844,104.29586,76.86848,128.34361,7.191934108734131,-0.6334229707717896,335568899,1.0542453832614307,116.0,101.24717697999999,80.7419293407,135.45,[116],447.0,723.0,457.23068899580426,764.8727411216623
376,0,78,-93.78539580924917,89.84675758758385,131.90719604492188,-94.86712,88.69175,131.9072,6.962260723114014,-2.3790388107299805,335634435,1.5824563879402207,372.0,-101.24717697999999,80.7419293407,135.45,[372],919.0,857.0,966.1931298753541,900.4712468300329
377,0,472,48.77159349954309,120.23603984032525,128.75100708007812,48.85187,120.17337,128.751,7.126000881195068,-1.186809778213501,335585283,0.10184311182598224,180.0,56.1879442157,116.675468393,135.45,[180],741.0,308.0,744.4228578930097,305.34597135372337
378,0,564,-23.6968538072324,124.7803374373616,127.54609680175781,-24.32847,124.680916,127.5461,7.041378021240234,-1.7598228454589844,335609859,0.6393934322063691,276.0,-28.2601586125,123.815844847,135.45,[276],636.0,759.0,640.5797036144639,784.5321922107041
379,0,816,78.2542523739321,99.99354181630406,125.35040283203125,78.247925,99.99817,125.3504,7.1626667976379395,-0.9080893993377686,335577091,0.007838906518514651,148.0,79.1832048361,99.29259827339999,135.45,[148],630.0,564.0,630.0377417161627,564.8419015132839
380,0,587,84.25130688027275,-95.42075313566602,125.53700256347656,84.7017,-94.851456,125.537,7.169956207275391,0.8461524844169617,335740931,0.7259146074045297,788.0,79.1832048361,-99.29259827339999,135.45,[788],779.0,822.0,756.8738055093587,804.7240817669098
381,0,622,-99.7438601428803,82.56879489320272,131.64224243164062,-99.89246,82.39017,131.64224,6.955211639404297,-2.4515202045440674,335634435,0.23235931713233465,372.0,-101.24717697999999,80.7419293407,135.45,[372],667.0,656.0,675.0746221001089,662.1326734847878
382,0,815,-29.07825946011144,-123.55011835422374,127.56874084472656,-28.728235,-123.6767,127.56874,7.035436630249023,1.8005925416946411,335708163,0.372208340231994,660.0,-28.2601586125,-123.815844847,135.45,[660],607.0,583.0,612.6290597110506,569.2759660955426
383,0,545,-126.89713068527772,8.555550261909957,129.92123413085938,-126.9685,7.6207194,129.92123,6.922159671783447,-3.0756514072418213,335659011,0.9375510681737309,468.0,-127.0,1.55530143492e-14,135.45,[468],906.0,603.0,944.2220104763976,606.1147725888918
384,0,112,-67.7106418775511,111.22208955260794,131.68519592285156,-67.812035,111.04264,131.6852,6.991947650909424,-2.119049072265625,335618051,0.2061125451928848,308.0,-56.1879442157,116.675468393,135.45,"[308, 340]",376.0,137.0,383.8648463843174,141.092093525956
385,0,931,-110.96263563803586,62.08774564087798,129.54795837402344,-111.64367,60.80207,129.54796,6.940284729003906,-2.6328306198120117,335642627,1.4549112963710253,404.0,-114.423046224,55.1032348679,135.45,[404],829.0,713.0,881.3804309191192,740.4164234385655
386,0,832,-18.096446489369555,-126.05025788058356,127.75202178955078,-18.199785,-126.07975,127.75202,7.048410892486572,1.7120323181152344,335708163,0.1074648060932147,660.0,-28.2601586125,-123.815844847,135.45,[660],511.0,1004.0,512.6234786566579,1008.548484925218
387,0,996,69.4375843564776,-106.95377066783476,126.0738525390625,69.60549,-106.89028,126.07385,7.15203332901001,0.9936254620552063,335740931,0.17950962975802598,788.0,79.1832048361,-99.29259827339999,135.45,"[756, 788]",298.0,218.0,295.553104222609,212.17518081510377
388,0,188,126.44499799161531,27.99141805893305,126.8668212890625,126.27176,28.593449,126.86682,7.218178749084473,-0.21920448541641235,335552515,0.62646033868583,52.0,126.25316462800001,28.8164609473,135.45,[52],593.0,602.0,568.998284465322,609.673334544612
389,0,927,89.32680480389536,91.1311508118888,125.75220489501955,89.67464,90.885666,125.752205,7.175501823425293,-0.7967303395271301,335577091,0.42573462513738586,148.0,79.1832048361,99.29259827339999,135.45,"[116, 148]",265.0,1021.0,275.5421015395524,1007.743998711814
390,0,118,-80.84560151172627,97.9941926600477,128.791748046875,-80.85473,97.91931,128.79175,6.9748311042785645,-2.261964797973633,335626243,0.07543533762531507,340.0,-79.1832048361,99.29259827339999,135.45,[340],547.0,535.0,550.0637754659084,535.5041329749491
391,0,278,-86.76794365768728,-93.15596561224083,129.1794891357422,-86.95626,-93.0535,129.17949,6.9684953689575195,2.3193352222442627,335691779,0.21438995633716343,596.0,-79.1832048361,-99.29259827339999,135.45,"[564, 596]",851.0,291.0,847.4653064463661,298.6104471365087
392,0,490,-45.219670369056985,-121.93484248561981,131.03675842285156,-45.245583,-121.91007,131.03676,7.017805576324463,1.924534797668457,335699971,0.03584694520033118,628.0,-56.1879442157,-116.675468393,135.45,[628],392.0,1039.0,391.62503629520756,1040.7309538657205
392,1,201,-42.273722430923954,-147.46382823658678,154.33139038085938,-34.40629,-122.38072,154.33139,7.02855920791626,1.848344087600708,352485379,26.28799608919706,661.0,-28.2601586125,-123.815844847,165.55,[661],659.0,356.0,-343.9193355834709,41.45744726304201
392,2,354,-59.74662205367349,-153.80465745933907,166.30335998535156,-46.406063,-121.35121,166.30336,7.015722274780273,1.939549207687378,352477187,35.0884121222995,629.0,-56.1879442157,-116.675468393,165.55,[629],414.0,993.0,-883.1675626535628,459.65288648106025
392,3,201,-47.625856123355334,-166.0046749241701,173.74598693847656,-34.13406,-122.442856,173.74599,7.02855920791626,1.848344087600708,352485379,45.60329645465856,661.0,-28.2601586125,-123.815844847,165.55,[661],656.0,367.0,-1085.553203086804,-172.6279004342132
392,4,778,-53.43711657948006,-161.99319637640656,171.74742126464844,-37.73219,-121.621605,171.74742,7.0229811668396,1.8876073360443115,352485379,43.318704290869896,661.0,-28.2601586125,-123.815844847,165.55,[661],689.0,223.0,-925.0940611762621,-405.0783186792023
392,5,490,-62.1540213640983,-167.33248667237967,179.85775756835938,-42.551674,-120.52159,179.85776,7.017805576324463,1.924534797668457,352485379,50.749502093281365,629.0,-56.1879442157,-116.675468393,165.55,"[629, 661]",448.0,1147.0,-1424.280731175187,363.35691406406795
392,6,322,-57.453855601663236,-170.14525757810588,180.83871459960938,-40.168003,-121.06564,180.83871,7.0220046043396,1.894531488418579,369262595,52.03469259997996,662.0,-28.2601586125,-123.815844847,195.65,[662],712.0,125.0,-1251.1765092442351,-565.7478795665293
393,0,864,107.6213195952223,-72.635918970067,127.59304809570311,107.645386,-72.668304,127.59305,7.195572376251221,0.5923422574996948,335749123,0.040348461062621174,820.0,101.24717697999999,-80.7419293407,135.45,[820],924.0,857.0,926.2404148253199,856.9657046088923
394,0,983,26.520491559313086,124.23799309523383,126.50707244873047,25.349367,124.44791,126.50707,7.100693702697754,-1.361829400062561,335593475,1.189788231793725,212.0,28.2601586125,123.815844847,135.45,[212],627.0,485.0,618.8859299293534,532.4133178725234
395,0,552,-114.11471627051651,-55.81153252484364,129.49200439453125,-114.16964,-55.556835,129.492,6.936731338500977,2.6853435039520264,335675395,0.26055193528156984,532.0,-114.423046224,-55.1032348679,135.45,[532],583.0,612.0,573.6680937222542,614.3331981393396
396,0,301,71.74998527226126,-105.31904768867753,125.94461059570314,70.91435,-105.8465,125.94461,7.154852867126465,0.9714205861091614,335740931,0.9881723553637802,788.0,79.1832048361,-99.29259827339999,135.45,"[756, 788]",339.0,271.0,360.9420233888983,304.67121744645
397,0,860,120.23210910211128,43.01994037521217,125.18812561035156,120.27588,42.8771,125.188126,7.212769985198975,-0.34494102001190186,335560707,0.14939419758275707,84.0,114.423046224,55.1032348679,135.45,"[52, 84]",112.0,836.0,118.66822029248681,834.362515124451
398,0,586,-118.9127568563963,-45.69785031127685,129.9545440673828,-118.91309,-45.706955,129.95454,6.931597709655762,2.773317575454712,335675395,0.009110868810941352,532.0,-114.423046224,-55.1032348679,135.45,[532],977.0,422.0,978.2153822649258,422.41157470414805
399,0,932,-16.430473207241448,-126.45030626053176,127.88729858398438,-17.089334,-126.333206,127.8873,7.05039119720459,1.6986521482467651,335708163,0.6691865336292342,660.0,-28.2601586125,-123.815844847,135.45,[660],501.0,1048.0,496.6215434587298,1075.1874162103422
400,0,48,108.29980887152124,-67.75134440632246,125.48523712158203,108.308136,-67.72838,125.48524,7.198474884033203,0.5576929450035095,335757315,0.024429143845323117,852.0,114.423046224,-55.1032348679,135.45,"[820, 852]",96.0,357.0,96.07561846310148,357.0705059008492
400,1,48,110.48310179858163,-69.12132023231243,128.0171356201172,110.48331,-69.109665,128.01714,7.198474884033203,0.5576929450035095,335749123,0.011657119522296026,852.0,114.423046224,-55.1032348679,135.45,"[820, 852]",41.0,444.0,41.27658542350275,444.4022229832649
401,0,528,-111.15826556009415,-62.04327110259328,129.6975860595703,-110.96269,-62.216137,129.69759,6.940404891967773,2.631136178970337,335675395,0.261020134328484,532.0,-114.423046224,-55.1032348679,135.45,[532],317.0,740.0,324.39855061226865,732.591226556234
402,0,698,20.80925887409103,125.56903110760959,126.87266540527344,19.882895,125.69559,126.872665,7.0938615798950195,-1.4079148769378662,335593475,0.9349691748392142,212.0,28.2601586125,123.815844847,135.45,[212],677.0,266.0,672.1274504243837,303.96401046364116
403,0,558,-30.097431554815557,123.41275784251411,127.70145416259766,-30.028591,123.3799,127.701454,7.033878326416016,-1.8113576173782349,335609859,0.07628083031300056,276.0,-28.2601586125,123.815844847,135.45,[276],584.0,531.0,585.8765198205646,528.5090823073779
404,0,634,-84.86972350016003,-94.68839918453523,128.98971557617185,-85.42631,-94.2736,128.98972,6.970572471618652,2.3001983165740967,335691779,0.694151427645623,596.0,-79.1832048361,-99.29259827339999,135.45,[596],802.0,352.0,786.1679635545903,374.53925343759863
405,0,297,51.946793825198256,118.76802824793776,128.5640869140625,51.758408,118.77366,128.56409,7.129775524139404,-1.159850001335144,335585283,0.1884703561523224,180.0,56.1879442157,116.675468393,135.45,[180],685.0,424.0,685.7023941975103,432.3539843799301
406,0,637,90.56901715721324,-90.156896853543,125.9043960571289,90.82316,-89.96976,125.904396,7.177129745483398,0.7817823886871338,335740931,0.3156089305654873,820.0,101.24717697999999,-80.7419293407,135.45,"[788, 820]",232.0,185.0,225.40129948627964,174.87360708852975
406,1,637,92.25296152468945,-91.83774535461271,128.24850463867188,92.50187,-91.65768,128.2485,7.177129745483398,0.7817823886871338,335749123,0.3072128792703535,820.0,101.24717697999999,-80.7419293407,135.45,"[788, 820]",165.0,252.0,158.16735944349148,242.23138178757836
407,0,988,128.36301510297835,-19.824464145516686,127.20387268066406,128.55481,-18.590704,127.20387,7.2201008796691895,0.15188080072402954,335765507,1.2485789132530467,884.0,126.25316462800001,-28.8164609473,135.45,[884],1011.0,694.0,961.6798720713325,686.3940189991337
408,0,901,76.45829581382714,101.41781015623928,125.42377471923828,76.33815,101.521164,125.423775,7.160475730895996,-0.9261379241943359,335577091,0.1584834862696013,148.0,79.1832048361,99.29259827339999,135.45,[148],691.0,488.0,687.0084753135717,493.00363910908516
409,0,447,-104.23150771579822,77.00733554949693,131.84579467773438,-104.567215,76.52821,131.8458,6.950247764587402,-2.5066897869110107,335634435,0.58502760199477,372.0,-101.24717697999999,80.7419293407,135.45,[372],433.0,469.0,452.6162483518772,482.6267705680709
410,0,223,-117.10568869824056,49.53446715645987,129.67845153808594,-116.996346,49.687122,129.67845,6.933260440826416,-2.7428016662597656,335642627,0.18777523053574777,404.0,-114.423046224,55.1032348679,135.45,[404],385.0,499.0,379.24929154239464,494.6943010303778
411,0,999,-107.53215339175586,72.78111324602651,132.17044067382812,-107.62359,72.69564,132.17044,6.946769714355469,-2.547987937927246,335634435,0.1251637716694927,372.0,-101.24717697999999,80.7419293407,135.45,[372],280.0,346.0,283.5673562130603,350.60094352976535
412,0,698,20.806686657677346,125.55363805806155,126.85710906982422,20.091818,125.6479,126.85711,7.0938615798950195,-1.4079148769378662,335593475,0.7210571173830841,212.0,28.2601586125,123.815844847,135.45,[212],675.0,275.0,671.5117284424622,303.86112180709387
413,0,677,124.79634357339273,35.09525190421846,127.03267669677736,124.748535,35.26712,127.03268,7.216047286987305,-0.2754872143268585,335552515,0.17839397775415824,52.0,126.25316462800001,28.8164609473,135.45,[52],860.0,541.0,853.1516382767383,543.7271578157089
414,0,571,2.275798238995776,129.52503145259573,129.5297088623047,1.6497997,129.4685,129.52971,7.071905612945557,-1.5546016693115234,335601667,0.6285453904175021,244.0,7.92958802448e-15,129.5,135.45,[244],600.0,667.0,603.001258103829,693.0319295598307
415,0,193,17.337641265759885,126.22118407457037,127.07102966308594,17.486717,126.2425,127.07103,7.089730262756348,-1.4356391429901123,335593475,0.15059224099712373,212.0,28.2601586125,123.815844847,135.45,[212],699.0,171.0,698.2135691028151,165.09930613039543
416,0,955,83.02770620388765,-96.22250670533322,125.36211395263672,83.07786,-96.14642,125.362114,7.168642520904541,0.8575470447540283,335740931,0.09112561806591081,788.0,79.1832048361,-99.29259827339999,135.45,[788],727.0,757.0,724.8036627226708,755.7800547115056
417,0,359,100.65000704023623,81.41813104249741,127.3622817993164,100.360245,81.80359,127.36228,7.187414646148682,-0.6815091967582703,335568899,0.4822239302355525,116.0,101.24717697999999,80.7419293407,135.45,[116],644.0,566.0,629.0480680718963,578.1132024094495
418,0,122,-50.221433504499146,119.4999076448803,130.72482299804688,-50.071228,119.58616,130.72482,7.011533260345459,-1.9700347185134888,335618051,0.17320779117291019,308.0,-56.1879442157,116.675468393,135.45,[308],718.0,846.0,714.9775700752116,840.660428448034
419,0,791,-98.08664483168832,-84.72540430066147,131.72894287109375,-98.0558,-84.69327,131.72894,6.957458019256592,2.4277548789978027,335683587,0.04454291234384729,564.0,-101.24717697999999,-80.7419293407,135.45,[564],443.0,729.0,442.6610016015411,728.4212859324668
420,0,817,-76.1178357624085,101.69842726119532,128.68150329589844,-76.02931,101.767456,128.6815,6.980292320251465,-2.2146799564361572,335626243,0.11225598939450303,340.0,-79.1832048361,99.29259827339999,135.45,[340],700.0,728.0,698.2331595118131,724.6147629476599
421,0,843,3.144877785744029,-129.48159030781108,129.4784698486328,2.8818243,-129.4685,129.47847,7.0733256340026855,1.5451395511627197,335716355,0.263378744080146,692.0,-2.37887640734e-14,-129.5,135.45,[692],603.0,717.0,602.7363876875575,727.7951114297622
422,0,33,-55.04306042728422,-117.26988719732617,130.74163818359375,-55.13635,-117.14693,130.74164,7.0063629150390625,2.0082550048828125,335699971,0.15434359733415373,628.0,-56.1879442157,-116.675468393,135.45,[628],583.0,644.0,578.2232478269532,647.7953515366312
423,0,198,51.54595912871446,118.90861371023493,128.5414276123047,51.50081,118.89771,128.54143,7.129319667816162,-1.1631181240081787,335585283,0.0464477302428541,180.0,56.1879442157,116.675468393,135.45,[180],690.0,414.0,691.325812689397,416.3205965205782
424,0,677,124.77919583326366,35.090454532401054,127.01522827148436,124.77135,35.167156,127.01523,7.216047286987305,-0.2754872143268585,335552515,0.07710221958045356,52.0,126.25316462800001,28.8164609473,135.45,[52],856.0,542.0,852.9597434040421,543.0412482105459
425,0,452,9.167873926744505,-129.46551084727616,129.62071228027344,9.056241,-129.4685,129.62071,7.080288887023926,1.49872624874115,335716355,0.11167306082351296,692.0,-2.37887640734e-14,-129.5,135.45,[692],603.0,964.0,603.3795661089539,968.7149570697812
426,0,67,126.96443684916721,-4.129937162339047,124.38011169433594,126.9685,-4.112634,124.38011,7.221807479858398,0.03119758330285549,335544323,0.01777323672107164,20.0,127.0,0.0,135.45,[20],437.0,600.0,436.8025135064381,600.5774739666884
427,0,346,-126.8022128339162,26.236530903654057,132.22283935546875,-126.92088,25.749443,132.22284,6.92481803894043,-2.938965082168579,335650819,0.5013354404191274,436.0,-126.25316462800001,28.8164609473,135.45,[436],479.0,575.0,498.8027982541622,580.0380717633527
428,0,702,127.41474180155637,23.65057417087519,126.9312973022461,127.41428,23.587702,126.9313,7.219244480133057,-0.18487635254859924,335552515,0.06287404189856724,52.0,126.25316462800001,28.8164609473,135.45,[52],392.0,648.0,395.3645289430075,648.4630869422546
429,0,948,-126.23251704889844,-28.61985449779604,132.1571807861328,-126.38443,-28.0998,132.15718,6.925487041473389,2.917236804962158,335667203,0.5417878647138167,500.0,-126.25316462800001,-28.8164609473,135.45,[500],630.0,596.0,609.8642579801583,602.825903164063
430,0,209,-127.89145950696184,-21.349778593255905,132.41798400878906,-127.91213,-21.406498,132.41798,6.923861503601074,2.9747767448425293,335667203,0.06036927101613067,500.0,-126.25316462800001,-28.8164609473,135.45,[500],898.0,535.0,900.6672941617637,536.4682048415273
431,0,919,73.607356061686,103.67104898425168,125.61888885498047,73.66536,103.65264,125.61889,7.156947612762451,-0.9547169804573059,335577091,0.06085426434454295,148.0,79.1832048361,99.29259827339999,135.45,[148],776.0,381.0,777.1380284340677,378.96604902343995
432,0,147,-77.76202780245512,100.35738565305292,128.6458740234375,-77.30429,100.750694,128.64587,6.978339195251465,-2.2313778400421143,335626243,0.6035021636605884,340.0,-79.1832048361,99.29259827339999,135.45,[340],660.0,677.0,644.591495186117,658.8470813457951
433,0,421,3.7664229139118106,129.4512608891962,129.45909118652344,3.2816172,129.4685,129.45909,7.073634624481201,-1.543082356452942,335601667,0.48511236177899736,244.0,7.92958802448e-15,129.5,135.45,[244],600.0,733.0,600.0504355678476,752.6569165564721
434,0,792,-126.68402071831042,-26.68613547673158,132.1949005126953,-126.83077,-26.144241,132.1949,6.9250078201293945,2.93257474899292,335667203,0.5614136790746829,500.0,-126.25316462800001,-28.8164609473,135.45,[500],708.0,578.0,687.2130188227368,584.7657563875839
435,0,339,14.922767601339729,-126.78152955897167,127.36541748046875,14.94593,-126.82242,127.36542,7.087244033813477,1.4522799253463745,335724547,0.04699315729648812,724.0,28.2601586125,-123.815844847,135.45,"[692, 724]",481.0,69.0,483.3726115211334,68.50435955358918
435,1,339,14.903405031116563,-126.61509433149058,127.1982421875,14.722631,-126.87339,127.19824,7.087244033813477,1.4522799253463745,335724547,0.31527105884162127,724.0,28.2601586125,-123.815844847,135.45,"[692, 724]",479.0,60.0,490.03002062037694,67.72985674466256
435,2,115,18.510971758434607,-131.15494858998954,132.0882568359375,17.613337,-126.264885,132.08826,7.090693473815918,1.4291832447052002,335724547,4.971767428133458,724.0,28.2601586125,-123.815844847,135.45,[724],504.0,176.0,308.43585028041844,212.03252583738433
436,0,633,70.11181431613659,-106.49119325057472,126.04142761230469,70.33801,-106.306114,126.04143,7.152851581573486,0.9872148036956787,335740931,0.29226693774072954,788.0,79.1832048361,-99.29259827339999,135.45,"[756, 788]",321.0,248.0,314.05620091301046,239.14437920146327
436,1,633,70.13588355232059,-106.52785811365175,126.08478546142577,70.36547,-106.34407,126.084785,7.152851581573486,0.9872148036956787,335740931,0.2940888554059554,788.0,79.1832048361,-99.29259827339999,135.45,"[756, 788]",319.0,249.0,312.5896063899296,240.10714864882345
437,0,109,-124.52141837409363,-36.46833664790756,132.43582153320312,-124.5105,-36.310013,132.43582,6.927762508392334,2.8552870750427246,335667203,0.15869999640388097,500.0,-126.25316462800001,-28.8164609473,135.45,[500],302.0,671.0,295.9249719756974,671.2698501562556
438,0,487,-65.55999295546644,-112.03392292856734,131.2273406982422,-65.48158,-112.164925,131.22734,6.994506359100342,2.098855495452881,335699971,0.1526748862554199,628.0,-56.1879442157,-116.675468393,135.45,"[596, 628]",782.0,230.0,787.6618185773066,227.11805040934223
439,0,568,-82.36763378881733,-96.60332901239599,128.7310028076172,-82.27482,-96.78683,128.731,6.9733123779296875,2.27545428276062,335691779,0.20563617420968802,596.0,-79.1832048361,-99.29259827339999,135.45,[596],702.0,478.0,709.5707704401599,474.62284189130685
440,0,751,-7.464767470082734,129.56526843429447,129.97161865234375,-7.965178,129.4685,129.97162,7.060651779174805,-1.6297252178192139,335601667,0.5096800047241152,244.0,7.92958802448e-15,129.5,135.45,[244],600.0,283.0,604.6107373717786,303.40930119669036
440,1,751,-7.466111298577744,129.5891669291259,129.99559020996094,-7.965919,129.50642,129.99559,7.060651779174805,-1.6297252178192139,335601667,0.5066104585855012,244.0,7.92958802448e-15,129.5,135.45,[244],602.0,283.0,605.5666771650357,303.35554805689
441,0,782,116.6266795438496,-50.28547676074959,124.56992340087889,116.48088,-50.7575,124.56992,7.209325313568115,0.4057605564594269,335757315,0.49402726876392633,852.0,114.423046224,-55.1032348679,135.45,[852],775.0,684.0,794.7103242860163,690.1453327939839
442,0,139,127.58986092744271,-22.790081825507514,126.94441986083984,127.63833,-22.606089,126.94442,7.219507217407227,0.17540933191776276,335765507,0.19026981786604,884.0,126.25316462800001,-28.8164609473,135.45,[884],850.0,657.0,843.0551648716994,655.4678519777082
443,0,613,31.1975011202303,123.09453910413868,126.35736083984375,30.787878,123.2066,126.35736,7.106272220611572,-1.323919653892517,335593475,0.424673877898061,212.0,28.2601586125,123.815844847,135.45,[212],577.0,703.0,573.1477702855472,719.4937003092119
444,0,368,-109.14186444204097,70.59241574581392,132.33949279785156,-108.62736,71.43695,132.3395,6.945089340209961,-2.5688774585723877,335634435,0.9889169187170433,372.0,-101.24717697999999,80.7419293407,135.45,[372],229.0,306.0,196.01945620455695,286.2125015183608
445,0,299,80.70868716468976,-97.97564234008314,125.25640106201172,80.59106,-98.129585,125.2564,7.1659698486328125,0.8804043531417847,335740931,0.19374034579540006,788.0,79.1832048361,-99.29259827339999,135.45,[788],648.0,658.0,654.6782373326738,663.0192931435903
446,0,585,-89.95669156999793,-90.49603282650787,129.54209899902344,-89.76265,-90.81548,129.5421,6.965055465698242,2.3518316745758057,335691779,0.3737656803876129,596.0,-79.1832048361,-99.29259827339999,135.45,"[564, 596]",941.0,178.0,953.8626178756846,171.06053064408286
447,0,370,-104.91048659977605,-76.10662043413322,131.87152099609375,-104.76205,-76.2839,131.87152,6.949738025665283,2.5125951766967773,335683587,0.23121741414518063,564.0,-101.24717697999999,-80.7419293407,135.45,[564],780.0,461.0,787.412356262671,455.46761520895757
448,0,235,-0.9630502795698703,129.44953885137755,129.50650024414062,-0.73605114,129.4685,129.5065,7.068155288696289,-1.5796093940734863,335601667,0.2277901572761642,244.0,7.92958802448e-15,129.5,135.45,[244],600.0,572.0,599.981554055102,563.4779888172048
449,0,688,119.02929328797109,45.28753708615841,124.87017059326172,119.04092,45.441525,124.87017,7.211698532104492,-0.36488547921180725,335560707,0.15442546124522963,84.0,114.423046224,55.1032348679,135.45,[84],215.0,786.0,209.37208873033626,786.2498825588432
450,0,597,127.2799284954217,24.246099835239875,126.91170501708984,127.28956,24.134155,126.911705,7.219109058380127,-0.18958507478237152,335552515,0.1123580000904457,52.0,126.25316462800001,28.8164609473,135.45,[52],414.0,643.0,419.18555551759493,643.0705546968676
451,0,863,-32.070657679745636,-122.9445906085275,127.76521301269531,-32.70065,-122.77002,127.76521,7.031965732574463,1.8246095180511475,335708163,0.653731178751023,660.0,-28.2601586125,-123.815844847,135.45,[660],643.0,424.0,636.8501695389,449.5800373101747
452,0,425,9.929129638396262,129.49351461842116,129.69606018066406,10.083265,129.4685,129.69606,7.080750942230225,-1.4956450462341309,335601667,0.1561513420193436,244.0,7.92958802448e-15,129.5,135.45,[244],600.0,1005.0,601.7405847368462,999.1651855358501
453,0,855,111.68549889748829,-60.72760514685069,124.79582214355469,111.50195,-61.09634,124.79582,7.2032060623168945,0.49669885635375977,335757315,0.41189146004674276,852.0,114.423046224,-55.1032348679,135.45,[852],362.0,485.0,377.0251888419722,492.4981069395312
454,0,782,116.65145128169752,-50.29619634071423,124.59639739990234,116.425354,-50.872803,124.5964,7.209325313568115,0.4057605564594269,335757315,0.6193503953620265,852.0,114.423046224,-55.1032348679,135.45,[852],771.0,682.0,794.2815410874306,691.1362023079005
455,0,428,127.20741395982623,-24.456249112619844,126.88013458251952,127.26543,-24.239885,126.880135,7.219138145446777,0.1885916143655777,335765507,0.22400615373214042,884.0,126.25316462800001,-28.8164609473,135.45,[884],785.0,642.0,776.4084733872062,640.1699732730486
456,0,553,108.98000583462999,66.36555302517081,125.32559204101564,108.88143,66.53791,125.32559,7.1992340087890625,-0.5483182668685913,335560707,0.19855470175522458,84.0,114.423046224,55.1032348679,135.45,"[84, 116]",1059.0,380.0,1052.4927262908323,384.2783844251994
457,0,864,107.63928307967217,-72.64807833069062,127.61436462402344,107.54376,-72.79574,127.614365,7.195572376251221,0.5923422574996948,335749123,0.17586267393732966,820.0,101.24717697999999,-80.7419293407,135.45,[820],919.0,853.0,925.7540404003748,857.6842439868869
458,0,139,127.54701376721641,-22.782368945656344,126.90177917480469,127.664856,-22.489874,126.90178,7.219507217407227,0.17540933191776276,335765507,0.31534130963182183,884.0,126.25316462800001,-28.8164609473,135.45,[884],855.0,658.0,843.3636800657462,653.7539655686561
459,0,568,-82.39586536812567,-96.63634843343971,128.77505493164062,-82.43089,-96.6633,128.77505,6.9733123779296875,2.27545428276062,335691779,0.044196089731025665,596.0,-79.1832048361,-99.29259827339999,135.45,[596],707.0,472.0,708.2499935984112,473.49357871897325
459,1,568,-82.36372224579827,-96.59875409920278,128.7248992919922,-82.428696,-96.665054,128.7249,6.9733123779296875,2.27545428276062,335691779,0.09282923264331783,596.0,-79.1832048361,-99.29259827339999,135.45,[596],707.0,472.0,709.7537669678883,474.77930361206916
460,0,875,-109.73985113095114,64.86600221412664,129.84722900390625,-109.44302,65.37176,129.84723,6.942004680633545,-2.609128475189209,335642627,0.5864255718005106,404.0,-114.423046224,55.1032348679,135.45,[404],1012.0,801.0,992.5106938490654,789.3278037219545
461,0,311,-72.93720443943312,104.11400264322947,128.70443725585938,-72.93161,104.23779,128.70444,6.984034538269043,-2.1832573413848877,335626243,0.12391667056183783,340.0,-79.1832048361,99.29259827339999,135.45,[340],799.0,852.0,794.8561747931791,851.8400158666753
461,1,577,-87.50111971545994,118.906075550698,149.53163146972656,-75.30066,102.34853,149.53163,6.9812235832214355,-2.2067880630493164,335626243,20.56704722920438,340.0,-79.1832048361,99.29259827339999,135.45,[340],724.0,757.0,1386.5390910919205,269.2834048256026
461,2,630,-86.40183882696874,127.78341818354602,156.1309051513672,-71.141594,105.66528,156.1309,6.986005783081055,-2.1669974327087402,352403459,26.871675966206574,341.0,-79.1832048361,99.29259827339999,165.55,"[309, 341]",856.0,923.0,1741.632796405841,313.25464036525034
462,0,649,-126.9517411200004,10.796556369125028,130.14730834960938,-126.9685,10.814764,130.14731,6.922349452972412,-3.0581326484680176,335659011,0.02474508816351734,468.0,-127.0,1.55530143492e-14,135.45,[468],1034.0,603.0,1033.8622547650004,603.9303551999842
463,0,910,-14.063620828295825,127.04909722788125,128.1562042236328,-13.844436,127.07383,128.1562,7.052801609039307,-1.682401180267334,335609859,0.2205761020449515,244.0,7.92958802448e-15,129.5,135.45,"[244, 276]",504.0,48.0,503.9638891152498,39.45516686816674
463,1,910,-14.325184595349128,129.44233776962665,130.56993103027344,-14.092145,129.4685,130.56993,7.052801609039307,-1.682401180267334,335601667,0.2345042381488435,244.0,7.92958802448e-15,129.5,135.45,"[244, 276]",600.0,38.0,599.6935107850658,28.99261618603461
464,0,930,-120.07354082564598,43.18597514859721,130.19442749023438,-119.956184,43.54095,130.19443,6.93035888671875,-2.7977166175842285,335642627,0.3738719420966561,404.0,-114.423046224,55.1032348679,135.45,"[404, 436]",139.0,380.0,125.30961122788824,375.9802159341609
465,0,774,-119.96156743017855,-43.40311032878526,130.15782165527344,-119.53599,-44.4135,130.15782,6.930589199066162,2.7930564880371094,335675395,1.0963616093730464,532.0,-114.423046224,-55.1032348679,135.45,[532],1029.0,397.0,1070.0049815645893,380.45915175285813
466,0,711,-39.811594920967764,121.09916342311772,128.3538513183594,-39.76515,121.15759,128.35385,7.022674560546875,-1.8897794485092163,335609859,0.07464107662141624,276.0,-28.2601586125,123.815844847,135.45,[276],495.0,141.0,493.33274304470876,139.9425476612896
467,0,167,-109.22432707653206,-65.83013278488215,129.88381958007812,-109.26142,-65.74886,129.88382,6.942851543426514,2.597808361053467,335675395,0.08933485548838992,532.0,-114.423046224,-55.1032348679,135.45,"[532, 564]",176.0,808.0,172.92408332071375,809.9487658987175
468,0,712,-126.91710631448223,-10.20353457514284,130.06253051757812,-126.9685,-10.243582,130.06253,6.922327041625977,3.059990406036377,335659011,0.06515295037623015,468.0,-127.0,1.55530143492e-14,135.45,[468],192.0,603.0,193.8586169942858,605.3157474207114
469,0,714,-114.51032468455742,54.87088543522259,129.44992065429688,-115.17753,53.463936,129.44992,6.936047554016113,-2.6961135864257812,335642627,1.557134516539238,404.0,-114.423046224,55.1032348679,135.45,[404],536.0,571.0,592.7060226929035,598.5088615777033
470,0,254,-82.96287935251166,-96.21307993699884,128.83494567871094,-83.321526,-95.9521,128.83495,6.972691535949707,2.2810115814208984,335691779,0.4435496032158972,596.0,-79.1832048361,-99.29259827339999,135.45,[596],735.0,436.0,725.1807334560459,450.8130193435335
471,0,494,36.512647671988816,121.92656884440476,126.53482055664062,36.817333,121.830414,126.53482,7.11250638961792,-1.2811732292175293,335593475,0.319498158172225,212.0,28.2601586125,123.815844847,135.45,[212],522.0,944.0,526.4289598961903,932.0995623795526
472,0,377,48.08149427479657,-120.59126860336619,128.83074951171875,47.96938,-120.59836,128.83075,7.125546932220459,1.1900321245193481,335732739,0.11233877899620087,756.0,56.1879442157,-116.675468393,135.45,[756],445.0,273.0,445.36799158535246,277.74200236386264
473,0,344,124.63936128826572,-35.57401595520787,127.01342010498047,124.75295,-35.247746,127.01342,7.215997219085693,0.2766762971878052,335765507,0.34547848187409796,884.0,126.25316462800001,-28.8164609473,135.45,[884],344.0,541.0,331.69779968368516,537.4478664106283
474,0,98,-107.82671008627585,72.54173159114725,132.28701782226562,-107.93938,72.29966,132.28702,6.9465413093566895,-2.5507850646972656,335634435,0.2670067074449764,372.0,-101.24717697999999,80.7419293407,135.45,[372],264.0,334.0,273.9920900178902,338.81867574896546
475,0,368,-109.2642591748263,70.67182422099722,132.488037109375,-109.42062,70.44223,132.48804,6.945089340209961,-2.5688774585723877,335634435,0.277782815718656,372.0,-101.24717697999999,80.7419293407,135.45,[372],190.0,275.0,199.19579521188894,281.31671220694784
476,0,880,-70.70549854432466,-106.05213942970295,128.99154663085938,-70.66875,-106.042366,128.99155,6.987172603607178,2.1574573516845703,335691779,0.03802892581626877,596.0,-79.1832048361,-99.29259827339999,135.45,"[596, 628]",332.0,942.0,331.61835374788154,941.1082516710138
477,0,578,126.95323915277518,0.016592610685620457,124.30210876464842,126.9685,-0.00030519706,124.30211,7.2218828201293945,-0.001449121511541307,335544323,0.022767857686544005,20.0,127.0,0.0,135.45,[20],601.0,600.0,602.6637044274248,600.1295661110072
477,1,578,126.864720760278,0.016697664810635615,124.21543884277344,126.9685,0.08740081,124.21544,7.2218828201293945,-0.001449121511541307,335544323,0.12557347572742297,20.0,127.0,0.0,135.45,[20],605.0,600.0,602.6679065924254,596.5888304111201
477,2,805,132.43372255416534,7.2385167093452765,129.86605834960938,126.9685,7.2200274,129.86606,7.221640110015869,-0.05598076060414314,335544323,5.465255599374419,20.0,127.0,0.0,135.45,[20],890.0,600.0,891.5406683738111,819.3489021666136
478,0,880,-70.68050606297038,-106.01476372114485,128.946044921875,-70.38793,-106.266304,128.94604,6.987172603607178,2.1574573516845703,335691779,0.3858396110557088,596.0,-79.1832048361,-99.29259827339999,135.45,"[596, 628]",323.0,953.0,333.1133820902056,942.1079509251848
479,0,20,50.912777387187816,119.18176795866748,128.55543518066406,51.029396,119.12473,128.55544,7.12857723236084,-1.1684391498565674,335585283,0.1298187350701917,180.0,56.1879442157,116.675468393,135.45,[180],699.0,395.0,702.2519826266989,390.99332685951254
480,0,238,-21.824914615805028,125.31624042094154,127.69839477539064,-21.560719,125.31264,127.698395,7.043613433837891,-1.7445800304412842,335609859,0.2642206476715493,276.0,-28.2601586125,123.815844847,135.45,[276],661.0,869.0,662.0158229576617,859.409759867799
481,0,392,-44.434752945751825,122.3360631823507,131.13351440429688,-44.55336,122.24342,131.13351,7.018354892730713,-1.9205893278121948,335618051,0.15049833103789534,308.0,-56.1879442157,116.675468393,135.45,[308],824.0,1067.0,828.4237915740277,1072.127650797927
482,0,80,-23.78334457494202,-124.78280315944176,127.55934906005861,-23.396992,-124.893524,127.55935,7.0416765213012695,1.7577823400497437,335708163,0.4019050424668402,660.0,-28.2601586125,-123.815844847,135.45,[660],558.0,796.0,563.32166750233,781.0725615023193
482,1,54,-21.856290735166112,-127.27602986773309,129.62863159179688,-21.134651,-125.40989,129.62863,7.0443620681762695,1.7394862174987793,335708163,2.0008109741711824,660.0,-28.2601586125,-123.815844847,135.45,[660],538.0,887.0,463.59259917067675,858.1547150933557
482,2,54,-21.83358626946574,-127.14489469750515,129.4950408935547,-21.511189,-125.323944,129.49504,7.0443620681762695,1.7394862174987793,335708163,1.849270511747976,660.0,-28.2601586125,-123.815844847,135.45,[660],541.0,871.0,468.83800597979416,859.0628937213705
483,0,677,124.81163932909294,35.09953114613745,127.0482406616211,124.740845,35.30081,127.04824,7.216047286987305,-0.2754872143268585,335552515,0.2133676740159739,52.0,126.25316462800001,28.8164609473,135.45,[52],861.0,541.0,853.322807953498,544.3389880437172
484,0,475,-107.93859897093353,-68.45732231831789,130.1444396972656,-108.139946,-68.07763,130.14444,6.944606304168701,2.5750069618225098,335675395,0.42977618331532125,532.0,-114.423046224,-55.1032348679,135.45,"[532, 564]",83.0,853.0,67.83650198328417,861.377890122659
484,1,475,-110.04504647778958,-69.78913017510786,132.68197631835938,-110.25823,-69.3919,132.68198,6.944606304168701,2.5750069618225098,335683587,0.4508221784789342,564.0,-101.24717697999999,-80.7419293407,135.45,"[532, 564]",1056.0,241.0,1040.1119666236855,250.08522008841624
484,2,475,-110.17053626562847,-69.86846646677441,132.83314514160156,-110.14648,-69.53204,132.83315,6.944606304168701,2.5750069618225098,335683587,0.33728222898395005,564.0,-101.24717697999999,-80.7419293407,135.45,"[532, 564]",1050.0,246.0,1036.9385149570235,245.06562857486074
484,3,138,-120.51901740110043,-222.03155620395046,255.24017333984375,-59.600647,-114.99703,255.24017,6.99881649017334,2.0653886795043945,402808835,123.15614963041398,632.0,-56.1879442157,-116.675468393,255.85000000000002,[632],669.0,465.0,-3612.243512438018,-1971.2429274160172
484,4,716,-298.57197374512907,-192.05707040995912,361.43780517578125,-107.96221,-72.27102,361.4378,6.945306301116943,2.5661420822143555,469901315,225.12392040463507,572.0,-101.24717697999999,-80.7419293407,376.25,[572],940.0,333.0,-3850.605642770365,-7290.991870605163
484,5,279,-227.21370727859903,-365.76076080704297,435.4866027832031,-63.384842,-113.17466,435.4866,6.991571426391602,2.1220455169677734,503472131,301.0641718684522,638.0,-56.1879442157,-116.675468393,436.45000000000005,[638],742.0,314.0,-9361.411696561718,-6239.030522515961
485,0,987,-47.065944863745244,121.02282120758173,130.88626098632812,-47.763405,120.69755,130.88626,7.015233516693115,-1.9430867433547974,335618051,0.7695798487120071,308.0,-56.1879442157,116.675468393,135.45,[308],762.0,938.0,775.8941125832689,966.8799740781901
486,0,335,-127.03048548207971,13.575213220094156,130.49288940429688,-126.9685,13.386698,130.49289,6.922645092010498,-3.0365149974823,335659011,0.19844519309326542,468.0,-127.0,1.55530143492e-14,135.45,[468],1137.0,603.0,1145.0085288037656,600.780580716812
487,0,146,-64.80081347230589,112.46301955188756,131.2076416015625,-64.7752,112.505104,131.20764,6.995008945465088,-2.094921112060547,335618051,0.04926623418241594,308.0,-56.1879442157,116.675468393,135.45,"[308, 340]",435.0,258.0,433.502046355502,257.4852297357643
488,0,642,4.7006414066345314,129.47654914925238,129.49508666992188,4.3540807,129.4685,129.49509,7.0747151374816895,-1.5358808040618896,335601667,0.34665405495156726,244.0,7.92958802448e-15,129.5,135.45,[244],600.0,776.0,601.061965970095,790.0256562653809
489,0,170,-113.01141591390842,58.11344531048235,129.51759338378906,-112.93218,58.12644,129.5176,6.937865257263184,-2.6680026054382324,335642627,0.08029182592882826,404.0,-114.423046224,55.1032348679,135.45,[404],722.0,661.0,722.4084177032938,658.4652124036631
490,0,392,-44.439316425858124,122.34868185521736,131.14703369140625,-44.381493,122.326195,131.14703,7.018354892730713,-1.9205893278121948,335618051,0.062042424514641537,308.0,-56.1879442157,116.675468393,135.45,[308],828.0,1074.0,828.9285384886944,1071.945111593675
491,0,27,114.4914628124352,54.942933920319774,124.6043930053711,114.3775,55.12521,124.60439,7.206574440002441,-0.4487495422363281,335560707,0.21496852216573809,84.0,114.423046224,55.1032348679,135.45,[84],602.0,600.0,595.5879620967909,604.7366635374078
492,0,517,-129.04240518030656,16.102118093462195,132.82574462890625,-129.02571,16.527573,132.82574,6.922936916351318,-3.0188615322113037,335650819,0.42578193701702577,436.0,-126.25316462800001,28.8164609473,135.45,[436],110.0,491.0,93.42628584648779,490.4303779077384
493,0,298,12.096388232173922,129.4704859195681,129.8108673095703,12.323453,129.4685,129.81087,7.083243370056152,-1.4790139198303223,335601667,0.2270733504918738,244.0,7.92958802448e-15,129.5,135.45,[244],600.0,1094.0,600.8194367827235,1085.8555292869567
494,0,471,35.90460789969802,-122.04127462295037,126.47769165039064,35.65351,-122.096054,126.47769,7.112194061279297,1.2833271026611328,335724547,0.2570027584572832,724.0,28.2601586125,-123.815844847,135.45,[724],670.0,897.0,672.9828089619855,907.7779714879208
495,0,906,62.33568955035298,-113.69548278908769,128.36917114257812,62.13333,-113.77736,128.36917,7.142319679260254,1.0679216384887695,335732739,0.21829470289675884,756.0,56.1879442157,-116.675468393,135.45,[756],717.0,839.0,721.1994241564923,847.9098133861191
496,0,941,119.98097921021144,43.42177382778755,125.09317016601562,119.62372,44.231335,125.09317,7.212578773498535,-0.34856823086738586,335560707,0.8848865288384713,84.0,114.423046224,55.1032348679,135.45,[84],167.0,810.0,134.74155839550178,824.3173194484575
497,0,315,-124.00855645085903,38.396194672015554,132.49205017089844,-124.043144,38.357643,132.49205,6.928289890289307,-2.8427340984344482,335650819,0.05179320209630555,436.0,-126.25316462800001,28.8164609473,135.45,[436],983.0,690.0,985.1893489886221,691.7843270856395
498,0,354,-46.97098936584371,-121.05134662849377,130.86927795410156,-47.00137,-121.06453,130.86928,7.015722274780273,1.939549207687378,335699971,0.03311702094907161,628.0,-56.1879442157,-116.675468393,135.45,[628],426.0,969.0,426.964870580249,970.6781939942516
499,0,533,80.79487876388157,-97.95583131309104,125.29412841796875,81.01394,-97.79235,125.29413,7.166043758392334,0.8797808289527893,335740931,0.27333721515209053,788.0,79.1832048361,-99.29259827339999,135.45,[788],662.0,675.0,655.4706784123579,666.4669571112626
500,0,796,-11.163761424119002,129.50219591521636,130.25259399414062,-11.11482,129.4685,130.2526,7.056406497955322,-1.658170461654663,335601667,0.059416573346764055,244.0,7.92958802448e-15,129.5,135.45,[244],600.0,157.0,602.0878366086544,155.44954303523966
501,0,374,38.03298090445605,-121.6059350182386,126.63417053222658,38.229256,-121.508156,126.63417,7.114654541015625,1.266335129737854,335724547,0.21928191243252637,724.0,28.2601586125,-123.815844847,135.45,[724],694.0,1000.0,690.3963931504563,992.9128916782421
502,0,560,-128.6617288111911,18.42907696901966,132.7493743896484,-128.70065,17.95173,132.74937,6.923283576965332,-3.0007317066192627,335650819,0.4789306130090765,436.0,-126.25316462800001,28.8164609473,135.45,[436],167.0,504.0,186.50464086878642,505.6574326723569
503,0,508,-116.84966071022427,49.95593498219387,129.602294921875,-116.33088,51.068974,129.6023,6.933478355407715,-2.7389614582061768,335642627,1.2280020673692287,404.0,-114.423046224,55.1032348679,135.45,[404],440.0,525.0,396.1080045717546,504.9354205510292
504,0,146,-64.83062152589991,112.51491889502722,131.2681427001953,-64.812294,112.487236,131.26814,6.995008945465088,-2.094921112060547,335618051,0.03319999065399712,308.0,-56.1879442157,116.675468393,135.45,"[308, 340]",434.0,257.0,435.57802008108865,256.2929075920033
504,1,146,-65.66685124058131,113.97095648747927,132.96548461914062,-64.840485,112.47366,132.96548,6.995008945465088,-2.094921112060547,335618051,1.710195483630916,308.0,-56.1879442157,116.675468393,135.45,"[308, 340]",433.0,255.0,493.8195237791706,222.84371900474753
505,0,598,-2.742171049641911,129.51507811420447,129.63528442382812,-2.4030194,129.4685,129.63528,7.066096782684326,-1.5933407545089722,335601667,0.3423343354244655,244.0,7.92958802448e-15,129.5,135.45,[244],600.0,505.0,602.6031245681787,492.3131580143233
506,0,239,-126.96181112485374,14.295305101739359,130.50172424316406,-126.9685,14.225455,130.50172,6.922733783721924,-3.030853748321533,335659011,0.07016918409545554,468.0,-127.0,1.55530143492e-14,135.45,"[436, 468]",1171.0,603.0,1173.8122040695737,603.5275550058509
506,1,239,-129.47674232183817,14.582070236450818,133.08718872070312,-129.48349,14.521951,133.08719,6.922733783721924,-3.030853748321533,335650819,0.06049700056831291,436.0,-126.25316462800001,28.8164609473,135.45,"[436, 468]",30.0,472.0,32.62437156603269,473.0568922464738
507,0,447,-104.31002844497925,77.06551753797248,131.94522094726562,-104.796165,76.24111,131.94522,6.950247764587402,-2.5066897869110107,335634435,0.9570653571692858,372.0,-101.24717697999999,80.7419293407,135.45,[372],421.0,460.0,454.9435278908993,479.48594140082946
508,0,410,-117.31170581551123,-48.84708618155855,129.60391235351562,-117.252495,-49.15522,129.60391,6.933099269866943,2.7456650733947754,335675395,0.31377127427794127,532.0,-114.423046224,-55.1032348679,135.45,[532],839.0,488.0,852.2459474536578,486.45361633955076
509,0,582,96.70835166524921,-86.39236384209653,127.6597442626953,96.833824,-86.22558,127.659744,7.182810306549072,0.7277631163597107,335749123,0.2087121479795113,820.0,101.24717697999999,-80.7419293407,135.45,[820],382.0,425.0,375.9826199441386,420.44698740996864
510,0,587,84.14941828356677,-95.30504708352964,125.38495635986327,84.610176,-94.92444,125.38496,7.169956207275391,0.8461524844169617,335740931,0.5976292032631347,788.0,79.1832048361,-99.29259827339999,135.45,[788],776.0,819.0,761.5020475948137,800.6485378986707
511,0,962,117.90655498299748,47.475461989612086,124.6459732055664,118.081116,47.434574,124.64597,7.210611820220947,-0.3841136693954468,335560707,0.17928544035440014,84.0,114.423046224,55.1032348679,135.45,[84],295.0,748.0,296.88908486848334,741.3403503598988
512,0,69,85.93923651170917,94.05165501451847,125.61618041992186,86.898254,93.09976,125.61618,7.171595096588135,-0.8317713141441345,335577091,1.351227472082301,148.0,79.1832048361,99.29259827339999,135.45,"[116, 148]",354.0,910.0,392.3622696447393,872.2412670243665
513,0,622,-99.79507568603003,82.61131226156431,131.7099151611328,-99.89564,82.38618,131.70992,6.955211639404297,-2.4515202045440674,335634435,0.24657359656281125,372.0,-101.24717697999999,80.7419293407,135.45,[372],667.0,656.0,676.7753168345723,660.0840517587983
513,1,622,-99.57749870378393,82.43068825086084,131.42242431640625,-100.003586,82.25082,131.42242,6.955211639404297,-2.4515202045440674,335634435,0.4624977071849604,372.0,-101.24717697999999,80.7419293407,135.45,[372],662.0,651.0,669.5503564064336,668.7871310486423
514,0,636,126.90065707868257,0.9044195822134498,124.25386810302734,126.9685,0.5346964,124.25387,7.221877574920654,-0.008444779552519321,335544323,0.3758958009249943,20.0,127.0,0.0,135.45,[20],623.0,600.0,638.176783288538,598.0262831473027
515,0,695,114.72484777169302,-54.06606083684164,124.43059539794922,114.73534,-54.382153,124.430595,7.207215309143066,0.43907853960990906,335757315,0.31626568750402534,852.0,114.423046224,-55.1032348679,135.45,[852],630.0,614.0,643.4869612423341,614.0720619077206
515,1,804,208.29477257996587,48.94729765908414,209.6218719482422,126.19155,28.944859,209.62187,7.21769905090332,-0.23302635550498962,369106947,84.50465389458836,54.0,126.25316462800001,28.8164609473,195.65,[54],607.0,599.0,1407.2334684713655,3883.664318078634
515,2,67,268.27647759996944,-9.120969681200222,262.8288879394531,126.9685,-4.5371284,262.8289,7.221807479858398,0.03119758330285549,402653187,141.38230665141927,24.0,127.0,0.0,255.85000000000002,[24],420.0,600.0,237.16121275199114,6253.059103998778
515,3,210,316.82175587035454,42.807815014472,313.0884094238281,128.95326,16.845016,313.0884,7.220418930053711,-0.1376238465309143,436215811,189.6539948781142,58.0,126.25316462800001,28.8164609473,316.05,[58],123.0,710.0,1161.6541626868798,8224.74364969418
515,4,578,342.9413517085443,-0.7244219419371802,335.7811584472656,126.9685,0.06521672,335.78116,7.2218828201293945,-0.001449121511541307,452984835,215.9742970098289,27.0,127.0,0.0,346.15000000000003,[27],604.0,600.0,573.0231223225128,9239.654068341772
515,5,285,350.34608257262516,63.305134735092,348.7096252441406,127.82029,21.808867,348.70963,7.219313144683838,-0.1824628710746765,452993027,226.3618095222878,59.0,126.25316462800001,28.8164609473,346.15000000000003,[59],321.0,664.0,1981.5469515116797,9565.716717785004
515,6,717,359.2437779546758,18.657067604166514,352.22821044921875,126.9685,5.9897957,352.2282,7.221643447875977,-0.055623609572649,452984835,232.620431925195,27.0,127.0,0.0,346.15000000000003,[27],841.0,600.0,1348.2827041666603,9891.751118187032
515,7,702,348.12884376330294,63.780333952468936,346.65960693359375,127.67829,22.43101,346.6596,7.219244480133057,-0.18487635254859924,452993027,224.29492353156687,59.0,126.25316462800001,28.8164609473,346.15000000000003,[59],346.0,659.0,2000.5549202067573,9477.027165412115
515,8,324,350.2923409237246,22.55137823397672,343.7049255371094,126.9685,8.2130575,343.70493,7.221526145935059,-0.06793555617332458,452984835,223.78365927040838,27.0,127.0,0.0,346.15000000000003,[27],930.0,600.0,1504.0551293590686,9533.693636948985
515,9,15,352.55689650569457,44.096757932245964,347.9460144042969,129.1981,15.772292,347.946,7.220613956451416,-0.12812133133411407,452993027,225.14756309744513,59.0,126.25316462800001,28.8164609473,346.15000000000003,[59],80.0,719.0,1213.2118793978384,9654.14927510778
515,10,603,354.4113699564232,36.588308870312176,348.897705078125,126.9685,12.482352,348.8977,7.221004486083984,-0.10657302290201187,452984835,228.71676161450173,27.0,127.0,0.0,346.15000000000003,[27],1101.0,600.0,2065.5323548124866,9698.454798256927
515,11,73,358.8050835071051,15.33074567832955,351.6416320800781,126.9685,5.3169036,351.64163,7.221715927124023,-0.04643097519874573,452984835,232.05275112849736,27.0,127.0,0.0,346.15000000000003,[27],814.0,600.0,1215.229827133182,9874.203340284204
515,12,213,366.624139205529,22.74110364470107,359.67529296875,126.96905,7.3357353,359.6753,7.221548557281494,-0.06576395034790039,452984835,240.14972065638426,27.0,127.0,0.0,346.15000000000003,[27],895.0,600.0,1511.6441457880426,10186.96556822116
516,0,889,-126.89474701730478,-4.169198900155607,129.69879150390625,-126.9685,-4.177197,129.69879,6.921928882598877,3.1073732376098633,335659011,0.0741836278750036,468.0,-127.0,1.55530143492e-14,135.45,[468],434.0,603.0,435.2320439937751,606.2101193078092
517,0,669,-126.92393394915962,-15.189061684970511,130.56552124023438,-126.9685,-14.901982,130.56552,6.9228973388671875,3.021103620529175,335659011,0.29051771741458937,500.0,-126.25316462800001,-28.8164609473,135.45,"[468, 500]",1158.0,573.0,1147.0959704931795,575.169227153616
517,1,669,-129.2905548153003,-15.468890820629895,132.9996337890625,-129.33644,-15.166171,132.99963,6.9228973388671875,3.021103620529175,335667203,0.3061777109339745,500.0,-126.25316462800001,-28.8164609473,135.45,[500],1148.0,478.0,1135.9028050668041,480.5043925079883
518,0,54,-21.519707566716534,-125.33178523024617,127.64798736572266,-21.028767,-125.43405,127.64799,7.0443620681762695,1.7394862174987793,335708163,0.5014792059771007,660.0,-28.2601586125,-123.815844847,135.45,[660],537.0,891.0,541.3623846701535,871.6180418313388
519,0,226,112.91091169847277,-58.08785424446978,124.61891174316406,113.285774,-57.392197,124.61891,7.2048516273498535,0.47382473945617676,335757315,0.7902287008625923,852.0,114.423046224,-55.1032348679,135.45,[852],510.0,556.0,482.6152249372086,541.5146189789107
520,0,620,98.79439414792432,-83.66429956835782,127.39939880371094,98.67762,-83.91353,127.3994,7.1854729652404785,0.701312780380249,335749123,0.27522944730942406,820.0,101.24717697999999,-80.7419293407,135.45,[820],475.0,499.0,485.105190893687,503.8886867169731
521,0,26,98.35023188577543,-84.31036480894545,127.48965454101562,98.37356,-84.29481,127.489655,7.184874057769775,0.7073336243629456,335749123,0.02803821660496328,820.0,101.24717697999999,-80.7419293407,135.45,[820],459.0,487.0,459.2625812701817,486.12219623101737
522,0,622,-99.71731118227763,82.5467549153982,131.60716247558594,-99.73745,82.58454,131.60716,6.955211639404297,-2.4515202045440674,335634435,0.042817871901678246,372.0,-101.24717697999999,80.7419293407,135.45,[372],675.0,662.0,674.1930229879279,663.1946319088945
523,0,800,42.93940051038953,-120.37220029019954,126.9174270629883,42.852703,-120.45288,126.91743,7.120332717895508,1.2267996072769165,335724547,0.11843055419715842,756.0,56.1879442157,-116.675468393,135.45,"[724, 756]",450.0,68.0,454.13072411201824,72.05825178758118
523,1,800,43.73084799049684,-122.60051804458817,129.26576232910156,43.6313,-122.68746,129.26576,7.120332717895508,1.2267996072769165,335732739,0.13216903557296616,756.0,56.1879442157,-116.675468393,135.45,[756],361.0,99.0,364.99801393647317,103.71615099187352
524,0,169,-108.15127403183942,-72.08546979319362,132.30543518066406,-108.09378,-72.10603,132.30544,6.9464192390441895,2.5522851943969727,335683587,0.06106032288236179,564.0,-101.24717697999999,-80.7419293407,135.45,[564],947.0,328.0,948.2583819002548,325.83611792642273
525,0,69,85.853212724287,93.95776209892938,125.4906234741211,86.483795,93.43028,125.49062,7.171595096588135,-0.8317713141441345,335577091,0.8221124285831864,148.0,79.1832048361,99.29259827339999,135.45,"[116, 148]",367.0,894.0,388.6065530211755,868.8003155274799
526,0,447,-104.22409668300679,77.00184416411503,131.83641052246094,-103.34807,78.05697,131.83641,6.950247764587402,-2.5066897869110107,335634435,1.3713911187618195,372.0,-101.24717697999999,80.7419293407,135.45,[372],494.0,517.0,452.3965929366011,482.9232118797279
526,1,447,-104.32309112038274,77.07519669393514,131.96176147460938,-103.47527,77.81765,131.96176,6.950247764587402,-2.5066897869110107,335634435,1.1269569720802781,372.0,-101.24717697999999,80.7419293407,135.45,[372],485.0,512.0,455.33069412940563,478.9634343846899
527,0,579,-118.03714872347336,47.47453555920947,129.77381896972653,-117.85111,47.91218,129.77382,6.932276725769043,-2.7605676651000977,335642627,0.4755457979691775,404.0,-114.423046224,55.1032348679,135.45,[404],314.0,464.0,296.85202765237875,457.43590002106544
528,0,401,-110.59147375704924,63.00361763384717,129.66712951660156,-110.677124,62.809124,129.66713,6.940835952758789,-2.6251282691955566,335642627,0.212517633370779,404.0,-114.423046224,55.1032348679,135.45,[404],910.0,751.0,918.0153106378867,755.2628986780303
529,0,161,33.56322001722583,122.52877010282828,126.36334228515624,33.454124,122.598045,126.36334,7.109072685241699,-1.3047736883163452,335593475,0.12923197123042857,212.0,28.2601586125,123.815844847,135.45,[212],553.0,809.0,550.5170102331311,814.1224561890332
530,0,553,109.0813343345144,66.42707437441277,125.44202423095703,108.93199,66.43293,125.442024,7.1992340087890625,-0.5483182668685913,335560707,0.1494575104934822,84.0,114.423046224,55.1032348679,135.45,"[84, 116]",1055.0,382.0,1054.9535802605105,388.33152442057553
531,0,32,112.15242717423098,-59.658248574487516,124.69072723388672,112.2936,-59.452465,124.69073,7.203873157501221,0.4875485897064209,335757315,0.24955397101975257,852.0,114.423046224,-55.1032348679,135.45,[852],428.0,516.0,419.79945173649924,511.1752380092389
532,0,351,-126.96314929754931,-3.3702661824718234,129.74493408203125,-126.9685,-3.2956047,129.74493,6.921900749206543,3.113677501678467,335659011,0.07485283678923245,468.0,-127.0,1.55530143492e-14,135.45,[468],470.0,603.0,467.18935270112644,603.4740280980282
533,0,445,81.26520171116863,97.55995504246312,125.28504943847658,81.469154,97.42933,125.28505,7.1663007736206055,-0.8775972127914429,335577091,0.24219799005302917,148.0,79.1832048361,99.29259827339999,135.45,[148],527.0,693.0,532.694270762525,685.2798750027449
534,0,463,-14.652397940153605,-126.82195205377047,128.00181579589844,-14.985847,-126.81331,128.00182,7.05249547958374,1.6844638586044312,335708163,0.33356153606611677,660.0,-28.2601586125,-123.815844847,135.45,"[660, 692]",482.0,1132.0,481.75571172918126,1146.310426893856
535,0,560,-128.61765190625374,18.4227002145999,132.70388793945312,-128.7049,17.93316,132.70389,6.923283576965332,-3.0007317066192627,335650819,0.4972526691947572,436.0,-126.25316462800001,28.8164609473,135.45,[436],166.0,503.0,186.24957069199596,507.4205088698511
536,0,619,8.289104425180994,129.41144959267194,129.53379821777344,7.596815,129.4685,129.5338,7.078867435455322,-1.5082052946090698,335601667,0.6946365341084776,244.0,7.92958802448e-15,129.5,135.45,[244],600.0,905.0,598.4579837068776,933.5641770072394
537,0,900,-83.77023545104748,-95.4821502677587,128.83056640625,-83.80762,-95.56447,128.83057,6.971739768981934,2.289583206176758,335691779,0.09040833173438169,596.0,-79.1832048361,-99.29259827339999,135.45,[596],751.0,417.0,754.4179202256515,418.5187754021007
538,0,689,75.41536224644369,102.29966144391801,125.52946472167969,75.04834,102.54975,125.529465,7.159159183502197,-0.9368687868118286,335577091,0.44412877756346664,148.0,79.1832048361,99.29259827339999,135.45,[148],732.0,436.0,722.2825268207208,451.28629641374744
539,0,66,7.143737417609373,-129.45898329418105,129.52981567382812,7.540134,-129.4685,129.52982,7.077954292297363,1.5142968893051147,335716355,0.3965108984535871,692.0,-2.37887640734e-14,-129.5,135.45,[692],603.0,903.0,603.6406682327583,887.7494967043759
540,0,548,-61.075793617244926,-114.28612285420968,130.90744018554688,-60.38723,-114.61823,130.90744,6.9994916915893555,2.060204029083252,335699971,0.7644716695745819,628.0,-56.1879442157,-116.675468393,135.45,[628],684.0,434.0,697.5738215516128,406.48602393820283
540,1,314,-56.829702028335305,-118.67414465082038,132.81434631347656,-55.95056,-116.75482,132.81435,7.005327224731445,2.0159902572631836,335699971,2.1110869996289963,628.0,-56.1879442157,-116.675468393,135.45,[628],598.0,611.0,522.0529496871848,576.3296874945877
541,0,942,5.671128418201988,-129.46526232134306,129.49453735351562,5.736729,-129.4685,129.49454,7.076251029968262,1.5256465673446655,335716355,0.06568086404698484,692.0,-2.37887640734e-14,-129.5,135.45,[692],603.0,831.0,603.389507146278,828.8451367280805
542,0,443,29.945598881902697,-123.40570677598589,126.37748718261719,29.356197,-123.53337,126.37749,7.105175495147705,1.331397533416748,335724547,0.6030690708453342,724.0,28.2601586125,-123.815844847,135.45,[724],613.0,645.0,618.4055228405646,669.4176107761078
543,0,186,-57.64865665981051,115.92646066814996,130.7281951904297,-57.81008,115.85933,130.7282,7.002979278564453,-2.0336573123931885,335618051,0.1748273549546146,308.0,-56.1879442157,116.675468393,135.45,[308],569.0,537.0,572.0396910059981,543.5715022355794
544,0,722,126.99439662714587,-2.476192267233273,124.36647033691408,126.9685,-2.6538215,124.36647,7.22185754776001,0.018176861107349396,335544323,0.179507270232339,20.0,127.0,0.0,135.45,[20],495.0,600.0,502.9523093106691,601.7758650858349
545,0,383,-126.93567184648555,-6.743754216680827,129.85108947753906,-126.9685,-7.6522613,129.85109,6.922058582305908,3.0871379375457764,335659011,0.9090998922421641,468.0,-127.0,1.55530143492e-14,135.45,[468],295.0,603.0,332.2498313327663,604.5731261405786
546,0,320,-28.75311361837521,123.70977594077522,127.6503677368164,-28.892193,123.639275,127.65037,7.035446643829346,-1.800519585609436,335609859,0.15592777013236556,276.0,-28.2601586125,123.815844847,135.45,[276],594.0,576.0,597.7572437510088,582.2817997649918
547,0,467,-108.81631042095614,66.47851508580789,129.86651611328122,-109.23888,65.79567,129.86652,6.943098068237305,-2.5945568084716797,335642627,0.8030192876380357,404.0,-114.423046224,55.1032348679,135.45,"[372, 404]",1029.0,809.0,1057.0112087163152,826.2694321217543
547,1,931,-384.0265217556662,216.59013155969296,449.2041015625,-109.31744,65.632545,449.2041,6.940284729003906,-2.6328306198120117,503414787,313.4537836339902,414.0,-114.423046224,55.1032348679,436.45000000000005,[414],1023.0,806.0,7061.475867671717,-10182.139021266647
548,0,221,-60.227354559334344,114.71254526091434,130.8757781982422,-60.259956,114.67953,130.87578,7.000085830688477,-2.0556538105010986,335618051,0.046401123716037,308.0,-56.1879442157,116.675468393,135.45,[308],522.0,439.0,523.4830747165734,440.4235862546261
549,0,330,-123.47820978486197,-41.19237060812884,132.82948303222656,-123.38991,-41.21964,132.82948,6.929382801055908,2.818192958831787,335667203,0.09241639266621633,500.0,-126.25316462800001,-28.8164609473,135.45,"[500, 532]",105.0,716.0,106.96361356684633,712.9981937255218
550,0,266,-123.82033650111771,-39.4213088333272,132.6132354736328,-123.70474,-39.840252,132.61324,6.9287590980529785,2.8319578170776367,335667203,0.43459786119345617,500.0,-126.25316462800001,-28.8164609473,135.45,[500],161.0,703.0,177.80608455891183,699.3131250752924
551,0,942,5.671342025314516,-129.4702968831,129.49957275390625,5.3492904,-129.4685,129.49957,7.076251029968262,1.5256465673446655,335716355,0.32205663453901645,692.0,-2.37887640734e-14,-129.5,135.45,[692],603.0,815.0,603.1881246760008,828.8536810125817
552,0,786,-113.66337673610542,56.40387993076001,129.34251403808594,-113.68048,56.572586,129.34251,6.936925411224365,-2.6823325157165527,335642627,0.169570965296648,404.0,-114.423046224,55.1032348679,135.45,[404],660.0,631.0,654.0258025144004,632.3867795157832
553,0,530,108.61185152106555,-67.16649740728462,125.43476104736327,108.597855,-67.12678,125.43476,7.1988959312438965,0.552514910697937,335757315,0.042113805388128873,852.0,114.423046224,-55.1032348679,135.45,"[820, 852]",121.0,368.0,119.46949842461493,369.5522118826216
554,0,334,126.92309343913934,1.516576167792664,124.28168487548828,126.9685,1.4641378,124.281685,7.221869468688965,-0.013266418129205704,335544323,0.06936409896702754,20.0,127.0,0.0,135.45,[20],660.0,600.0,662.6630467117066,598.9237375655733
555,0,816,78.25146134033275,99.98998517716245,125.34593963623047,78.09282,100.121864,125.34594,7.1626667976379395,-0.9080893993377686,335577091,0.2062993754259632,148.0,79.1832048361,99.29259827339999,135.45,[148],635.0,558.0,629.8954761504984,564.7302601693099
556,0,327,125.92934676168807,-29.953821917173627,126.81259155273438,125.71093,-31.050598,126.81259,7.217729091644287,0.2321775108575821,335765507,1.1183130291680443,884.0,126.25316462800001,-28.8164609473,135.45,[884],512.0,580.0,556.5055612050548,589.0472853475222
557,0,900,-83.81223033026617,-95.52988465379167,128.89505004882812,-84.089806,-95.339424,128.89505,6.971739768981934,2.289583206176758,335691779,0.33663517628747164,596.0,-79.1832048361,-99.29259827339999,135.45,[596],760.0,405.0,752.5085447843327,416.838980233353
558,0,182,-30.88522745832597,-123.13320454419045,127.62889099121092,-30.909388,-123.17886,127.62889,7.033322334289551,1.8152002096176147,335708163,0.0516570852285655,660.0,-28.2601586125,-123.815844847,135.45,[660],627.0,496.0,629.3056121123823,496.9972461669613
559,0,261,68.37387941993802,108.08009879653036,126.4767837524414,67.59621,108.49263,126.47678,7.150176525115967,-1.0080760717391968,335577091,0.8803163701629466,180.0,56.1879442157,116.675468393,135.45,"[148, 180]",274.0,1058.0,258.18521614121437,1089.4374081695207
559,1,261,69.6643198974416,110.11376914025095,128.85867309570312,68.88087,110.527916,128.85867,7.150176525115967,-1.0080760717391968,335585283,0.8861805794818999,180.0,56.1879442157,116.675468393,135.45,"[148, 180]",356.0,1109.0,339.53202989003785,1141.055027269664
560,0,137,-128.77992670387084,-17.784759533344186,132.7781219482422,-128.78862,-17.566315,132.77812,6.923238277435303,3.002950429916382,335667203,0.21861774795766956,500.0,-126.25316462800001,-28.8164609473,135.45,[500],1052.0,500.0,1043.2680565582325,500.92951696516707
561,0,883,39.22929489683156,121.33115007741617,126.71651458740236,39.389786,121.24327,126.716515,7.115651607513428,-1.2594249248504639,335593475,0.18297560949064354,212.0,28.2601586125,123.815844847,135.45,[212],499.0,1047.0,502.6122092166469,1040.7654513732625
562,0,953,-66.90193764443393,111.41851786697953,131.4175567626953,-66.43355,111.70648,131.41756,6.99271821975708,-2.112945079803467,335618051,0.5498292347394582,308.0,-56.1879442157,116.675468393,135.45,"[308, 340]",403.0,192.0,391.7219789591809,173.44026285064274
563,0,234,110.11228804516213,63.596525007007585,124.86280059814455,110.97285,62.195045,124.8628,7.201065540313721,-0.5250809192657471,335560707,1.644599215009876,84.0,114.423046224,55.1032348679,135.45,[84],885.0,463.0,941.7316055643033,429.569672846485
564,0,378,-25.160263780955574,-124.45866200652017,127.53588867187501,-24.521496,-124.63686,127.53589,7.040048122406006,1.7689129114151,335708163,0.6631593742764403,660.0,-28.2601586125,-123.815844847,135.45,[660],569.0,751.0,576.2873136191934,725.9957932617772
565,0,189,-86.11544370920456,-93.62128605660837,129.0637664794922,-86.011406,-93.807,129.06377,6.9691691398620605,2.313089609146118,335691779,0.21286904536801388,596.0,-79.1832048361,-99.29259827339999,135.45,[596],821.0,328.0,828.8524886716647,324.7104450758178
566,0,174,-127.97367085854421,21.351478717122518,132.50241088867188,-127.98424,21.090567,132.50241,6.923791885375977,-2.977678060531616,335650819,0.2611259697005295,436.0,-126.25316462800001,28.8164609473,135.45,[436],292.0,532.0,303.40071079290067,533.1797507782323
567,0,889,-127.0068381917797,-4.172727223638503,129.8133544921875,-126.9685,-4.519496,129.81335,6.921928882598877,3.1073732376098633,335659011,0.3488818023307409,468.0,-127.0,1.55530143492e-14,135.45,[468],421.0,603.0,435.09091105445924,601.7264723288122
568,0,439,-81.49260916630737,97.17991906218595,128.59323120117188,-81.66041,97.2768,128.59323,6.973926067352295,-2.2699837684631348,335626243,0.19375957047738085,340.0,-79.1832048361,99.29259827339999,135.45,[340],521.0,502.0,517.4928315514381,509.623826791705
569,0,222,52.21523716108641,-118.56565235733069,128.47413635253906,52.262276,-118.531006,128.47414,7.1305060386657715,1.1545993089675903,335732739,0.05842091721865684,756.0,56.1879442157,-116.675468393,135.45,[756],527.0,444.0,526.3926414267723,443.09171781545615
570,0,561,38.56118532411347,-121.49566939565011,126.67657470703125,39.122177,-121.30435,126.676575,7.115262985229492,1.262121558189392,335724547,0.5927176557439734,724.0,28.2601586125,-123.815844847,135.45,[724],702.0,1036.0,694.8070180539958,1014.0410684645386
571,0,704,0.975620883058582,-129.35689367739508,129.36526489257812,1.457663,-129.4685,129.36526,7.0708136558532715,1.5618822574615479,335716355,0.4947948451417505,692.0,-2.37887640734e-14,-129.5,135.45,[692],603.0,660.0,607.7242529041973,641.0248353223443
572,0,255,-81.74046205091872,-97.02426559908781,128.63319396972653,-81.925934,-97.06505,128.6332,6.97397518157959,2.269540786743164,335691779,0.1899026217549613,596.0,-79.1832048361,-99.29259827339999,135.45,[596],691.0,492.0,692.733306972487,499.7097114072511
573,0,251,-119.04954964643184,-45.60973583142186,130.05364990234375,-119.131615,-45.253197,130.05365,6.931543827056885,2.7743465900421143,335675395,0.3658617377788498,532.0,-114.423046224,-55.1032348679,135.45,[532],996.0,413.0,981.7399614591255,416.93986310272635
574,0,120,41.28741308154713,120.90680634304044,126.91950225830078,41.257706,120.81693,126.9195,7.1180033683776855,-1.2430768013000488,335593475,0.09465624559863511,212.0,28.2601586125,123.815844847,135.45,"[180, 212]",482.0,1121.0,485.6384598416179,1123.0901787618852
575,0,236,34.15600744024414,122.26731197841764,126.25682067871094,34.488766,122.36189,126.25682,7.109808921813965,-1.299724817276001,335593475,0.34593869888154116,212.0,28.2601586125,123.815844847,135.45,[212],543.0,851.0,540.0586852567056,837.8339531097655
576,0,876,47.064458485212526,121.03179781669314,128.896484375,47.22701,120.955864,128.89648,7.123956203460693,-1.2012970447540283,335585283,0.1794117134234617,180.0,56.1879442157,116.675468393,135.45,[180],773.0,243.0,776.2531769477255,237.06057078050094
577,0,994,-76.16161526891665,-101.71707867139412,128.71769714355472,-76.04999,-101.75097,128.7177,6.980591297149658,2.2121376991271973,335691779,0.11665866116736619,596.0,-79.1832048361,-99.29259827339999,135.45,[596],503.0,727.0,505.02078408023465,722.8635826873341
578,0,477,126.98590137243559,-0.8482116280938499,124.3368911743164,126.9685,-0.94456834,124.33689,7.221880912780762,0.005360682029277086,335544323,0.09791570112983707,20.0,127.0,0.0,135.45,[20],564.0,600.0,568.071534876246,601.4360548974236
579,0,527,-118.36474273757995,-47.161216532214894,129.96575927734375,-118.46502,-46.637394,129.96576,6.932250022888184,2.7610535621643066,335675395,0.5333342950716179,532.0,-114.423046224,-55.1032348679,135.45,[532],940.0,440.0,919.6807334274041,444.3321394568022
580,0,337,51.065104429268104,-119.15403595211319,128.5797882080078,51.247223,-119.01983,128.57979,7.129120349884033,1.1645472049713135,335732739,0.22622709424866444,756.0,56.1879442157,-116.675468393,135.45,[756],508.0,404.0,502.8572976354724,397.08640854272403
581,0,855,111.63940967727103,-60.70246563755063,124.74428558349608,111.48814,-61.12504,124.744286,7.2032060623168945,0.49669885635375977,335757315,0.4488331125938431,852.0,114.423046224,-55.1032348679,135.45,[852],361.0,484.0,378.0307692139746,490.65453813084105
582,0,509,97.40312428789184,85.5531878223992,127.6136474609375,97.22176,85.73911,127.61365,7.183389663696289,-0.7220728397369385,335568899,0.2597302688520765,116.0,101.24717697999999,80.7419293407,135.45,[116],801.0,440.0,794.4503392679678,448.2378923156739
583,0,610,125.25864911346616,32.58587911469658,126.81351470947267,125.435646,32.256683,126.813515,7.21684455871582,-0.25585243105888367,335552515,0.3737616484035026,52.0,126.25316462800001,28.8164609473,135.45,[52],739.0,569.0,752.7767266958632,562.2193794186461
584,0,837,-113.3159012651522,57.41188757790951,129.47633361816406,-113.40581,57.142952,129.47633,6.9374680519104,-2.6740097999572754,335642627,0.2835656782809587,404.0,-114.423046224,55.1032348679,135.45,[404],683.0,642.0,694.3461084003803,646.2857983539118
585,0,641,-89.41675630261307,91.02958520807078,129.53590393066406,-89.36631,91.13155,129.5359,6.965389251708984,-2.348630666732788,335626243,0.11376458371227598,340.0,-79.1832048361,99.29259827339999,135.45,"[340, 372]",275.0,194.0,271.4794773868317,192.65794133947736
586,0,398,-118.53671651137483,46.48465755696088,129.88340759277344,-118.540436,46.480785,129.8834,6.931812286376953,-2.7692458629608154,335642627,0.005369066389010869,404.0,-114.423046224,55.1032348679,135.45,[404],257.0,437.0,257.25690756243523,437.45318850500666
587,0,593,85.02823233501113,94.57056240644306,125.40799713134767,84.82709,94.75146,125.408,7.170681476593018,-0.839809775352478,335577091,0.27052211641089624,148.0,79.1832048361,99.29259827339999,135.45,[148],420.0,827.0,413.1185653217227,835.8010999564448
588,0,78,-93.88995824415906,89.94721003391169,132.05445861816406,-93.70793,90.14532,132.05446,6.962260723114014,-2.3790388107299805,335634435,0.2690355545419995,372.0,-101.24717697999999,80.7419293407,135.45,"[340, 372]",978.0,903.0,970.2112277284675,896.2887494336371
589,0,755,-55.535706956346985,116.98906841893404,130.7154083251953,-56.51137,116.48475,130.71541,7.005407333374023,-2.0153932571411133,335618051,1.0982985744881797,308.0,-56.1879442157,116.675468393,135.45,[308],594.0,589.0,614.5440010373613,628.0894903741205
590,0,663,-123.4735229061389,40.61123999844858,132.64463806152344,-123.68077,39.945286,132.64464,6.929059982299805,-2.8252384662628174,335650819,0.6974573237558022,436.0,-126.25316462800001,28.8164609473,135.45,[436],1047.0,704.0,1073.791162045943,713.1856688744449
591,0,515,115.12338591919251,53.60696976745385,124.59136199951172,115.280685,53.249733,124.59136,7.207345008850098,-0.4371117949485779,335560707,0.390334808939309,84.0,114.423046224,55.1032348679,135.45,[84],527.0,636.0,542.1493959821538,630.0135878077003
592,0,710,-124.10091821237256,37.84993837932416,132.42184448242188,-124.19467,37.69376,132.42184,6.928109645843506,-2.846965789794922,335650819,0.1821576657542773,436.0,-126.25316462800001,28.8164609473,135.45,[436],957.0,684.0,963.3390972809663,688.0898566250983
593,0,587,84.1657734505061,-95.32362017899868,125.40936279296875,84.37966,-95.10828,125.40936,7.169956207275391,0.8461524844169617,335740931,0.3035145477457567,788.0,79.1832048361,-99.29259827339999,135.45,[788],769.0,809.0,760.7591237760522,801.3027445762435
593,1,587,84.13631982784136,-95.29017235672654,125.36540985107423,84.42158,-95.074844,125.36541,7.169956207275391,0.8461524844169617,335740931,0.35740461536456997,788.0,79.1832048361,-99.29259827339999,135.45,[788],770.0,811.0,762.0970366669377,800.1245996696542
594,0,296,44.20618681486667,-122.4540790498504,129.2784423828125,44.090286,-122.46643,129.27844,7.120876789093018,1.22298264503479,335732739,0.11655686242438026,756.0,56.1879442157,-116.675468393,135.45,[756],370.0,118.0,370.85557372598373,122.72970396666665
595,0,605,-81.10883772718807,-97.69435126754615,128.72848510742188,-80.67742,-98.060715,128.72849,6.974789142608643,2.2623353004455566,335691779,0.5659877042474062,596.0,-79.1832048361,-99.29259827339999,135.45,[596],651.0,542.0,665.9298802341533,524.974684356477
596,0,172,-126.23594394821703,28.56080757446034,132.14926147460938,-126.31315,28.412106,132.14926,6.925382614135742,-2.9204909801483154,335650819,0.16754949001519992,436.0,-126.25316462800001,28.8164609473,135.45,[436],585.0,599.0,591.7738650864136,602.6888271913197
597,0,450,127.06404009974358,-25.00188522044482,126.8465805053711,127.05751,-25.150837,126.84658,7.219010353088379,0.19293862581253052,335765507,0.14909477997347778,884.0,126.25316462800001,-28.8164609473,135.45,[884],748.0,634.0,754.5830290742072,634.4350188697427
598,0,505,-3.307310336473165,-129.41561528804596,129.553466796875,-3.6169317,-129.4685,129.55347,7.065852165222168,1.5949723720550537,335716355,0.3141063306609983,692.0,-2.37887640734e-14,-129.5,135.45,[692],603.0,457.0,605.3753884781622,469.7075865410743
599,0,700,127.01278195112127,-6.695191597020312,124.53656768798828,126.9685,-6.9442534,124.53657,7.221679210662842,0.05134308710694313,335544323,0.25296808477269433,20.0,127.0,0.0,135.45,[20],324.0,600.0,334.19233611918753,602.5112780448507
600,0,78,-93.78786604757988,89.8491307221193,131.91067504882812,-94.63281,88.98555,131.91068,6.962260723114014,-2.3790388107299805,335634435,1.2081830563182545,372.0,-101.24717697999999,80.7419293407,135.45,[372],931.0,866.0,966.2880552567719,900.3724372968043
601,0,69,85.90619544425135,94.01559153554626,125.56795501708984,86.8279,93.15587,125.567955,7.171595096588135,-0.8317713141441345,335577091,1.2604244690503488,148.0,79.1832048361,99.29259827339999,135.45,"[116, 148]",356.0,907.0,390.9197304858509,870.9196243260538
602,0,777,-75.38642667949898,-102.22028057413627,128.64263916015625,-75.76978,-101.97442,128.64264,6.981449604034424,2.204878330230713,335691779,0.45542307188734554,596.0,-79.1832048361,-99.29259827339999,135.45,[596],494.0,738.0,484.8927079705487,753.8711262640408
603,0,981,126.97461087074498,-14.212870600029419,125.1156997680664,126.9685,-14.277565,125.1157,7.220944404602051,0.11014368385076523,335544323,0.06498253673534275,20.0,127.0,0.0,135.45,"[20, 884]",30.0,600.0,33.48517599882328,600.9844348297992
603,1,981,129.47900905735332,-14.49663178366609,127.58380889892577,129.47136,-14.575068,127.58381,7.220944404602051,0.11014368385076523,335765507,0.07880884385257869,884.0,126.25316462800001,-28.8164609473,135.45,"[20, 884]",1171.0,730.0,1174.7931665453564,731.0337771741325
604,0,671,127.01838807432068,-10.616326845483854,124.8085403442383,126.9685,-11.247664,124.80854,7.221362113952637,0.08206341415643692,335544323,0.6333057472213925,20.0,127.0,0.0,135.45,[20],152.0,600.0,177.34692618064585,602.7355229728272
605,0,291,-80.71865723431983,98.02744999766583,128.73394775390625,-80.47182,98.22467,128.73395,6.974937438964844,-2.261026382446289,335626243,0.3159525030540145,340.0,-79.1832048361,99.29259827339999,135.45,[340],559.0,550.0,551.3940689706334,540.5819040712066
606,0,77,60.02408388956246,114.8261821199485,128.33018493652344,59.929176,114.83882,128.33018,7.139290809631348,-1.090484857559204,335585283,0.09574547736698417,180.0,56.1879442157,116.675468393,135.45,[180],528.0,751.0,528.0285490779397,755.4455869544984
607,0,683,-126.91867626617613,6.564200547785731,129.82472229003906,-126.9685,6.712346,129.82472,6.922027587890625,-3.0912959575653076,335659011,0.15629883522670396,468.0,-127.0,1.55530143492e-14,135.45,[468],870.0,603.0,864.5680219114286,605.252949352955
608,0,129,53.27889412459626,118.0340351154955,128.4060821533203,53.770252,117.8048,128.40608,7.1314005851745605,-1.148152470588684,335585283,0.5421998099357466,180.0,56.1879442157,116.675468393,135.45,[180],647.0,505.0,656.3426688998197,485.6379963558504
609,0,671,127.03348054403159,-10.617608413071139,124.82337188720703,126.9685,-10.914223,124.82337,7.221362113952637,0.08206341415643692,335544323,0.3036490517090483,20.0,127.0,0.0,135.45,[20],165.0,600.0,177.29566347715448,603.3392217612635
610,0,776,125.1160730061656,-33.48931408213684,126.9073257446289,125.15186,-33.500004,126.907326,7.216673374176025,0.2601890563964844,335765507,0.03735239036625669,884.0,126.25316462800001,-28.8164609473,135.45,[884],414.0,557.0,415.0858746065262,556.5163351266239
611,0,170,-113.00876827027241,58.1120792203219,129.51455688476562,-111.99158,60.079628,129.51456,6.937865257263184,-2.6680026054382324,335642627,2.214932491577404,404.0,-114.423046224,55.1032348679,135.45,[404],801.0,699.0,722.353774096876,658.5711181491035
611,1,786,-129.02762956924198,64.05802314626635,146.83970642089844,-113.47617,56.996838,146.8397,6.936925411224365,-2.6823325157165527,335642627,17.079465157019108,404.0,-114.423046224,55.1032348679,135.45,[404],677.0,639.0,960.1915311346539,17.816666190320802
612,0,49,115.61156183045387,52.52409164370329,124.57208251953124,115.64457,52.494114,124.57208,7.207949638366699,-0.42775794863700867,335560707,0.04458882414763761,84.0,114.423046224,55.1032348679,135.45,[84],497.0,650.0,498.83427103213137,649.5406242581544
613,0,933,30.605327808203583,-123.28542485537764,126.40396881103517,30.385344,-123.29848,126.40397,7.105949401855469,1.3261268138885498,335724547,0.22037113270377698,724.0,28.2601586125,-123.815844847,135.45,[724],622.0,687.0,623.2167996648946,695.8067678281433
613,1,933,31.368132378753216,-126.37634012374656,129.57199096679688,30.52268,-123.26713,129.57199,7.105949401855469,1.3261268138885498,335724547,3.222109454231053,724.0,28.2601586125,-123.815844847,135.45,[724],623.0,692.0,499.58018893013787,726.3189506501286
613,2,127,30.76865263383661,-126.75964357014709,129.81407165527344,30.198349,-123.306854,129.81407,7.105190753936768,1.3312926292419434,335724547,3.4995714507194142,724.0,28.2601586125,-123.815844847,135.45,[724],622.0,679.0,484.2480510741166,702.3397608534643
614,0,234,110.15986519022772,63.62391969363671,124.91670989990234,110.62269,62.922157,124.91671,7.201065540313721,-0.5250809192657471,335560707,0.8406400534191366,84.0,114.423046224,55.1032348679,135.45,[84],914.0,449.0,942.8273930294682,431.4727586491085
615,0,280,-64.13059044395777,-112.81378229085021,131.15817260742188,-63.723137,-113.01175,131.15817,6.996111869812012,2.0863137245178223,335699971,0.45300034530505906,628.0,-56.1879442157,-116.675468393,135.45,[628],748.0,300.0,756.4674440859915,284.294150869689
616,0,60,50.678667305117415,119.25089668176952,128.53221130371094,50.801563,119.23445,128.53221,7.1283159255981445,-1.1703100204467773,335585283,0.1239913998214584,180.0,56.1879442157,116.675468393,135.45,[180],704.0,386.0,705.0171315507805,381.6289235766965
617,0,769,-70.87770433189871,-105.81212506418888,128.89132690429685,-71.35173,-105.497696,128.89133,6.986906051635742,2.1596288681030273,335691779,0.5688289264895497,596.0,-79.1832048361,-99.29259827339999,135.45,[596],353.0,915.0,341.2189283684444,934.2200201680515
618,0,637,90.57025035680999,-90.15812772478967,125.90611267089844,90.42848,-90.2845,125.90611,7.177129745483398,0.7817823886871338,335740931,0.18991638687659623,788.0,79.1832048361,-99.29259827339999,135.45,"[788, 820]",962.0,1051.0,967.3788219444128,1057.4818208283993
618,1,655,92.05069046388962,-92.19838578933559,128.36447143554688,92.18237,-92.05831,128.36447,7.176798343658447,0.7848382592201233,335749123,0.19225274959672836,820.0,101.24717697999999,-80.7419293407,135.45,"[788, 820]",149.0,239.0,143.7417420545762,234.14053935558513
619,0,66,7.142270195981837,-129.43171344903567,129.50253295898438,7.4007277,-129.4685,129.50253,7.077954292297363,1.5142968893051147,335716355,0.26106318795256156,692.0,-2.37887640734e-14,-129.5,135.45,[692],603.0,898.0,604.7314620385737,887.6908078392745
620,0,520,99.25410787983128,83.23682846677548,127.47054290771486,99.36549,83.050964,127.47054,7.1856818199157715,-0.6992042660713196,335568899,0.2166847603867107,116.0,101.24717697999999,80.7419293407,135.45,[116],694.0,526.0,701.7959650430191,522.2772359932515
621,0,761,120.2225437018551,43.13074340687308,125.21668243408203,120.18208,43.071873,125.21668,7.212725639343262,-0.3457833528518677,335560707,0.07143400237645144,84.0,114.423046224,55.1032348679,135.45,"[52, 84]",120.0,832.0,123.1003415589231,833.9798991142038
622,0,522,-100.27798734737007,-81.82182650814502,131.5871124267578,-100.28677,-81.89571,131.58711,6.954813480377197,2.455805778503418,335683587,0.07440787913075181,564.0,-101.24717697999999,-80.7419293407,135.45,[564],555.0,640.0,558.8041133021989,640.7675853051967
623,0,988,128.36846479721316,-19.825313329696655,127.20927429199219,128.52003,-18.743101,127.209274,7.2201008796691895,0.15188080072402954,335765507,1.0927747844603337,884.0,126.25316462800001,-28.8164609473,135.45,[884],1004.0,692.0,961.6459047041337,686.6120067685262
624,0,756,32.42941394350055,-122.8466463787754,126.39287567138673,32.395073,-122.83977,126.392876,7.1081109046936035,1.3113605976104736,335724547,0.035023196662547405,724.0,28.2601586125,-123.815844847,135.45,[724],641.0,767.0,640.7679387289841,768.7702132400219
625,0,594,44.93492814334604,122.15439873093783,129.23806762695312,44.722874,122.1618,129.23807,7.121347904205322,-1.2196764945983887,335585283,0.21218345873514202,180.0,56.1879442157,116.675468393,135.45,[180],821.0,143.0,821.1572135175129,151.87935710584156
626,0,323,109.6003235479111,-65.01747081914073,125.14602661132812,109.69421,-64.85018,125.14603,7.200363636016846,0.5340943932533264,335757315,0.19183234640948119,852.0,114.423046224,-55.1032348679,135.45,[852],212.0,412.0,205.43056195037082,409.09109295644384
627,0,989,128.82982673986407,-16.987184181576595,127.25426483154295,128.92818,-16.95489,127.254265,7.220581531524658,0.12975150346755981,335765507,0.10351671159852488,884.0,126.25316462800001,-28.8164609473,135.45,[884],1076.0,709.0,1075.1710706289361,705.0664844745626
628,0,586,-118.87414464062385,-45.68307277150598,129.91236877441406,-118.649734,-46.253822,129.91237,6.931597709655762,2.773317575454712,335675395,0.6132821269517114,532.0,-114.423046224,-55.1032348679,135.45,[532],955.0,432.0,978.8064838557608,423.9560633350459
629,0,216,99.19237112355768,-83.2252860764711,127.41238403320312,99.26516,-83.17677,127.412384,7.185925483703613,0.6967388987541199,335749123,0.08747385314456982,820.0,101.24717697999999,-80.7419293407,135.45,[820],504.0,522.0,502.66573056915604,519.8077657423073
630,0,869,-72.24949511961313,-104.7645185106121,128.8253479003906,-72.04223,-104.947044,128.82535,6.985254764556885,2.1731669902801514,335691779,0.2761793973214088,596.0,-79.1832048361,-99.29259827339999,135.45,[596],375.0,887.0,383.1231905115152,879.3483886594748
631,0,311,-73.03848129288963,104.25899136642329,128.8834991455078,-73.74415,103.58981,128.8835,6.984034538269043,-2.1832573413848877,335626243,0.9725046198271635,340.0,-79.1832048361,99.29259827339999,135.45,[340],773.0,819.0,800.6557237209319,847.7889417284149
632,0,115,17.819179141530185,-126.20520944814234,127.10424041748045,17.318933,-126.2808,127.10424,7.090693473815918,1.4291832447052002,335724547,0.5059245261576605,724.0,28.2601586125,-123.815844847,135.45,[724],503.0,164.0,506.4254159543066,184.36082116120744
633,0,436,71.03067100774933,105.72836922088754,125.90167236328125,70.79571,105.94112,125.90167,7.153696537017822,-0.9805683493614197,335577091,0.3169685922373981,148.0,79.1832048361,99.29259827339999,135.45,"[148, 180]",867.0,266.0,859.4308378995021,275.8986468659731
634,0,680,-83.69260170780035,95.66452728955846,128.9205322265625,-84.18706,95.26187,128.92053,6.971593379974365,-2.2909116744995117,335626243,0.6376663242046321,340.0,-79.1832048361,99.29259827339999,135.45,[340],440.0,401.0,456.8771606463389,421.62412513198603
635,0,261,69.56389134714118,109.95550686452043,128.67330932617188,66.36875,111.737686,128.67331,7.150176525115967,-1.0080760717391968,335585283,3.658562765454003,180.0,56.1879442157,116.675468393,135.45,"[148, 180]",404.0,1009.0,333.201538860817,1137.037885257647
636,0,88,126.98890890517981,-1.5138859847866115,124.34601593017578,126.9685,-1.7155906,124.346016,7.221874237060547,0.010601949878036976,335544323,0.20273466878442403,20.0,127.0,0.0,135.45,[20],533.0,600.0,541.4445606085355,601.5563562071924
637,0,618,92.77443961032986,91.4227751152066,128.3212890625,92.86818,91.19833,128.32129,7.177384376525879,-0.7794212102890015,335568899,0.24323047549626492,116.0,101.24717697999999,80.7419293407,135.45,"[116, 148]",1020.0,266.0,1029.2338309802642,263.0905052131948
638,0,669,-126.97858851258388,-15.195525435628952,130.6217346191406,-126.9685,-14.920228,130.62173,6.9228973388671875,3.021103620529175,335659011,0.27548228511772127,500.0,-126.25316462800001,-28.8164609473,135.45,"[468, 500]",1157.0,573.0,1146.8374204668419,572.9830446166454
638,1,669,-129.34200519056049,-15.474972934309335,133.05255126953125,-129.3328,-15.182144,133.05255,6.9228973388671875,3.021103620529175,335667203,0.29297360060889827,500.0,-126.25316462800001,-28.8164609473,135.45,[500],1147.0,478.0,1135.6595205196265,478.44637749758135
639,0,718,-53.108624375017826,118.16294261148141,130.71139526367188,-52.920486,118.214035,130.7114,7.008201599121094,-1.9945812225341797,335618051,0.1949520823528202,308.0,-56.1879442157,116.675468393,135.45,[308],663.0,732.0,661.4989687392563,725.1727936272869
639,1,718,-52.99003664324846,117.898114157917,130.4186248779297,-52.727654,118.30689,130.41862,7.008201599121094,-1.9945812225341797,335618051,0.48574124716350164,308.0,-56.1879442157,116.675468393,135.45,[308],667.0,740.0,650.9058305966801,729.9163028980615
640,0,665,-99.63226217466217,-82.6417708701847,131.59555053710938,-99.206345,-83.250534,131.59555,6.955564498901367,2.447744131088257,335683587,0.7429659446788031,564.0,-101.24717697999999,-80.7419293407,135.45,[564],501.0,683.0,526.0063388206117,666.5965922135126
640,1,665,-99.57384263040149,-82.59345113198651,131.5184783935547,-99.106766,-83.372635,131.51848,6.955564498901367,2.447744131088257,335683587,0.9084537082883389,564.0,-101.24717697999999,-80.7419293407,135.45,[564],496.0,687.0,527.9391283485393,668.9333739839401
641,0,585,-90.03027655067126,-90.56985567797528,129.64791870117188,-90.18855,-90.47584,129.64792,6.965055465698242,2.3518316745758057,335691779,0.18409445330617638,596.0,-79.1832048361,-99.29259827339999,135.45,"[564, 596]",954.0,161.0,950.9097038169881,168.1171314171496
641,1,585,-91.83675225510524,-92.382067058963,132.24566650390625,-92.00902,-92.27569,132.24567,6.965055465698242,2.3518316745758057,335683587,0.20246465224353433,596.0,-79.1832048361,-99.29259827339999,135.45,"[564, 596]",882.0,88.0,878.4212485774793,95.85810323979047
642,0,488,3.559295858605765,-129.43765675020381,129.4364776611328,3.7609959,-129.4685,129.43648,7.073807239532471,1.541932225227356,335716355,0.20404548527940441,692.0,-2.37887640734e-14,-129.5,135.45,[692],603.0,752.0,604.4937299918479,744.3718343442316
643,0,921,-127.00835848042266,4.225198145941249,129.81689453125,-126.9685,4.214572,129.8169,6.92191743850708,-3.1097147464752197,335659011,0.0412523398799126,468.0,-127.0,1.55530143492e-14,135.45,[468],770.0,603.0,771.0079258376493,601.6656607830942
644,0,931,-111.03079398453701,62.12600593114621,129.6275939941406,-110.908195,62.329304,129.6276,6.940284729003906,-2.6328306198120117,335642627,0.23740343124032232,404.0,-114.423046224,55.1032348679,135.45,[404],891.0,742.0,882.9108425298483,737.6900895785195
645,0,472,48.754844361879805,120.19490967435195,128.70693969726562,49.14896,120.030304,128.70694,7.126000881195068,-1.186809778213501,335585283,0.42710919975202793,180.0,56.1879442157,116.675468393,135.45,[180],736.0,320.0,742.7776512540777,304.6760058471921
646,0,459,-81.75627579101274,97.23125139754848,128.80776977539062,-82.00461,97.00231,128.80777,6.973776340484619,-2.2713167667388916,335626243,0.33776078039343277,340.0,-79.1832048361,99.29259827339999,135.45,[340],510.0,489.0,519.5461249659394,499.0771618034904
647,0,161,33.577433759885025,122.58038828020108,126.41659545898439,33.710323,122.53957,126.416595,7.109072685241699,-1.3047736883163452,335593475,0.1390160828520222,212.0,28.2601586125,123.815844847,135.45,[212],550.0,820.0,552.5817373280432,814.691005895401
648,0,933,30.568677597337228,-123.13693918355239,126.25177764892577,31.282427,-123.09372,126.25178,7.105949401855469,1.3261268138885498,335724547,0.7150565820649798,724.0,28.2601586125,-123.815844847,135.45,[724],630.0,722.0,629.1562265379048,694.3407593934891
649,0,958,-127.00079159321604,-9.876792988579837,130.1219940185547,-126.9685,-9.867985,130.122,6.92229700088501,3.0625991821289062,335659011,0.0334730636955175,468.0,-127.0,1.55530143492e-14,135.45,[468],207.0,603.0,206.9282804568059,601.968336271359
650,0,115,17.817129243667296,-126.19054820919428,127.0894775390625,18.037046,-126.11689,127.08948,7.090693473815918,1.4291832447052002,335724547,0.23192479073433878,724.0,28.2601586125,-123.815844847,135.45,[724],509.0,193.0,507.0118655122292,184.27882524669187
650,1,115,17.82487010004843,-126.24591238462472,127.14522552490234,17.917492,-126.14418,127.145226,7.090693473815918,1.4291832447052002,335724547,0.1375798592976104,724.0,28.2601586125,-123.815844847,135.45,[724],508.0,188.0,504.79729849501155,184.5884595019372
650,2,115,17.842197007514187,-126.369839672946,127.27001190185548,17.810253,-126.21946,127.27001,7.090693473815918,1.4291832447052002,335724547,0.15373547652539943,724.0,28.2601586125,-123.815844847,135.45,[724],505.0,184.0,499.8402069621602,185.28153580056753
651,0,994,-76.10525591489568,-101.64202199791907,128.62261962890625,-75.818054,-101.93593,128.62262,6.980591297149658,2.2121376991271973,335691779,0.41093280007988603,596.0,-79.1832048361,-99.29259827339999,135.45,[596],496.0,736.0,508.0230510192365,725.1179568481729
652,0,308,-13.398848390061175,-129.37982548478158,130.3817901611328,-13.234057,-129.4685,130.38179,7.054257392883301,1.672607660293579,335716355,0.1871370367539803,692.0,-2.37887640734e-14,-129.5,135.45,"[660, 692]",603.0,72.0,606.8069806087374,66.04606439755393
653,0,123,-128.93096209311352,16.961024606993305,132.822021484375,-128.96103,16.810966,132.82202,6.92305850982666,-3.0122013092041016,335650819,0.15304071362371344,436.0,-126.25316462800001,28.8164609473,135.45,[436],121.0,493.0,127.7825463877322,494.8881013954599
654,0,189,-86.18801082647406,-93.69996153119428,129.17236328125003,-86.30531,-93.57262,129.17236,6.9691691398620605,2.313089609146118,335691779,0.1731374111040591,596.0,-79.1832048361,-99.29259827339999,135.45,"[564, 596]",830.0,317.0,825.7054696882284,321.8077603850378
655,0,952,92.6092022787052,91.4917515611669,128.2555694580078,92.625244,91.502975,128.25557,7.177247524261475,-0.7806888222694397,335568899,0.01957849140459209,116.0,101.24717697999999,80.7419293407,135.45,"[116, 148]",1032.0,257.0,1031.9928888186757,256.4810119482081
656,0,461,-73.5828233517168,-103.66929103108123,128.72079467773438,-73.16798,-104.04929,128.7208,6.983621120452881,2.1866934299468994,335691779,0.562583238783267,596.0,-79.1832048361,-99.29259827339999,135.45,[596],411.0,842.0,426.93228969275026,826.0152593753281
657,0,711,-39.77839012717595,120.99769586579532,128.2463531494141,-39.29056,121.265915,128.24635,7.022674560546875,-1.8897794485092163,335609859,0.5567028445920711,276.0,-28.2601586125,123.815844847,135.45,[276],500.0,160.0,489.274040751813,141.27073941296203
658,0,304,-126.86430588901749,-10.288980406905466,130.015625,-126.9685,-10.309523,130.01562,6.922335624694824,3.059288501739502,335659011,0.10619805457286177,468.0,-127.0,1.55530143492e-14,135.45,[468],189.0,603.0,190.44078372378073,607.427764439301
659,0,170,-112.94414711168793,58.0787370626349,129.44044494628906,-112.512245,58.998447,129.44044,6.937865257263184,-2.6680026054382324,335642627,1.0160740220517557,404.0,-114.423046224,55.1032348679,135.45,[404],757.0,678.0,721.0200877893959,661.155964492483
660,0,175,122.71576465540238,43.230339253619604,127.54718017578125,123.429825,41.044765,127.54718,7.2130231857299805,-0.3400576114654541,335552515,2.29926394412754,52.0,126.25316462800001,28.8164609473,135.45,"[52, 84]",1091.0,489.0,1178.555132252784,460.50400109609484
661,0,170,-112.9358715549788,58.074467186910624,129.43095397949216,-112.695984,58.616913,129.43095,6.937865257263184,-2.6680026054382324,335642627,0.5931217260295046,404.0,-114.423046224,55.1032348679,135.45,[404],742.0,671.0,720.8492927604249,661.4869867608479
662,0,141,21.899183152927435,-125.15568654918297,126.6179428100586,22.122925,-125.18432,126.61794,7.095598220825195,1.3962314128875732,335724547,0.22556621593782608,724.0,28.2601586125,-123.815844847,135.45,[724],547.0,356.0,548.4063319126813,347.5609816170974
663,0,266,-123.7780465859596,-39.40791024023929,132.56796264648438,-123.73234,-39.719368,132.56796,6.9287590980529785,2.8319578170776367,335667203,0.3147939063935651,500.0,-126.25316462800001,-28.8164609473,135.45,[500],165.0,702.0,178.34202828242837,701.0047216816167
664,0,368,-109.23457517478164,70.65256548912294,132.45201110839844,-109.09018,70.8566,132.45201,6.945089340209961,-2.5688774585723877,335634435,0.24995870079010743,372.0,-101.24717697999999,80.7419293407,135.45,[372],206.0,288.0,198.4254459369174,282.504072208734
665,0,765,-99.15310923098878,83.27117915856797,131.62570190429688,-99.1032,83.37987,131.6257,6.955874919891357,-2.444432020187378,335634435,0.1195985665218383,372.0,-101.24717697999999,80.7419293407,135.45,[372],707.0,687.0,703.169992714719,685.7627099604485
666,0,509,97.43053194965614,85.57719544580323,127.64951324462889,97.155685,85.821976,127.64951,7.183389663696289,-0.7220728397369385,335568899,0.36804617779276977,116.0,101.24717697999999,80.7419293407,135.45,[116],805.0,438.0,795.4106442041291,449.3341987862459
667,0,37,-92.85602167316392,-91.37135442699946,132.27719116210938,-93.27296,-90.69076,132.27719,6.963914394378662,2.3628501892089844,335683587,0.7981521000942629,564.0,-101.24717697999999,-80.7419293407,135.45,"[564, 596]",204.0,920.0,176.82299654802137,937.6462122734426
668,0,332,-49.4285767721376,-119.82219813169286,130.69361877441406,-49.897144,-119.67,130.69362,7.012815952301025,1.960659384727478,335699971,0.4926665945101901,628.0,-56.1879442157,-116.675468393,135.45,[628],482.0,853.0,476.1308104522857,872.3746977424958
669,0,517,-129.11042126602115,16.110702633210167,132.89576721191406,-129.05339,16.406311,132.89577,6.922936916351318,-3.0188615322113037,335650819,0.3010595210916131,436.0,-126.25316462800001,28.8164609473,135.45,[436],105.0,489.0,93.76966743640665,487.7097344791548
670,0,863,-32.088040664821165,-123.01086118175408,127.8341064453125,-32.725716,-122.7643,127.83411,7.031965732574463,1.8246095180511475,335708163,0.6836834258565793,660.0,-28.2601586125,-123.815844847,135.45,[660],644.0,423.0,634.199346609837,448.8847179071536
671,0,609,126.97640634890968,10.049066095787566,124.72213745117186,126.9685,9.827376,124.72214,7.221384048461914,-0.08029947429895401,335544323,0.22183073454396002,20.0,127.0,0.0,135.45,[20],995.0,600.0,1003.9626438315026,601.056253956387
672,0,310,-36.79656337717461,-121.80957577302797,128.0532684326172,-36.631016,-121.87294,128.05327,7.026496410369873,1.8628045320510864,335708163,0.17725981223327808,660.0,-28.2601586125,-123.815844847,135.45,[660],679.0,267.0,682.2507629588813,260.5438094130159
673,0,875,-109.6966979243698,64.84041460415756,129.79612731933594,-109.64129,64.96006,129.79613,6.942004680633545,-2.609128475189209,335642627,0.1318530438218613,404.0,-114.423046224,55.1032348679,135.45,[404],996.0,793.0,991.4871894503023,791.053931985208
674,0,234,110.05789688938967,63.565206757695705,124.8011703491211,110.98445,62.170948,124.80117,7.201065540313721,-0.5250809192657471,335560707,1.6740550971697916,84.0,114.423046224,55.1032348679,135.45,[84],884.0,464.0,940.4788755918281,427.3940266155864
675,0,692,-125.95634048844295,29.892857054961496,132.1717071533203,-125.924675,30.1141,132.1717,6.92572546005249,-2.9099783897399902,335650819,0.22349703477301192,436.0,-126.25316462800001,28.8164609473,135.45,[436],653.0,615.0,645.0558443064598,613.8729655822829
676,0,80,-23.79713762346364,-124.85464149491236,127.63280487060545,-23.74408,-124.8143,127.632805,7.0416765213012695,1.7577823400497437,335708163,0.06665244037596428,660.0,-28.2601586125,-123.815844847,135.45,[660],562.0,782.0,560.4481340835059,780.5208395614545
677,0,424,124.64676367893117,-36.036189601807564,127.14799499511719,124.58816,-35.96978,127.147995,7.2158522605896,0.28008443117141724,335765507,0.08857147175225762,884.0,126.25316462800001,-28.8164609473,135.45,[884],315.0,535.0,313.2108538196974,537.7439620372462
678,0,872,12.970548857199901,127.15825567665615,127.57543182373047,13.595241,127.13071,127.57543,7.0845184326171875,-1.4704978466033936,335593475,0.6252988933605325,244.0,7.92958802448e-15,129.5,135.45,"[212, 244]",507.0,1145.0,508.33022706624604,1120.8219542879958
678,1,872,13.212424858589657,129.4975776374722,129.92276000976562,13.859244,129.4685,129.92276,7.0845184326171875,-1.4704978466033936,335601667,0.6474724846476684,244.0,7.92958802448e-15,129.5,135.45,"[212, 244]",600.0,1156.0,601.9031054988881,1130.496994343586
679,0,559,66.84823554375907,-108.89801866212292,126.39005279541016,67.86105,-108.281425,126.39005,7.148775100708008,1.0189067125320435,335740931,1.1857433543175757,756.0,56.1879442157,-116.675468393,135.45,"[756, 788]",937.0,1068.0,913.0979892350831,1028.4116531223628
679,1,559,68.14281047529948,-111.01340312411412,128.84317016601562,69.16462,-110.391266,128.84317,7.148775100708008,1.0189067125320435,335732739,1.1963061214517279,756.0,56.1879442157,-116.675468393,135.45,"[756, 788]",853.0,1121.0,828.4826107554352,1080.1946503839793
680,0,840,-84.34729407402483,-95.08440869299739,128.92642211914062,-84.40212,-95.090355,128.92642,6.971136093139648,2.2950587272644043,335691779,0.055149919637551496,596.0,-79.1832048361,-99.29259827339999,135.45,[596],770.0,393.0,770.327583216104,395.4364304830068
681,0,952,90.867974908615,89.77612099511316,125.84729766845703,90.87409,89.92914,125.8473,7.177247524261475,-0.7806888222694397,335577091,0.15313941369234463,116.0,101.24717697999999,80.7419293407,135.45,"[116, 148]",969.0,187.0,963.3676661765264,186.83191714460008
681,1,952,92.54959276489535,91.4330212313289,128.17312622070312,92.56244,91.581726,128.17313,7.177247524261475,-0.7806888222694397,335568899,0.14925868534866246,116.0,101.24717697999999,80.7419293407,135.45,"[116, 148]",1035.0,254.0,1029.6436756251558,254.09663139581426
682,0,245,95.53819475717319,-87.97079575494718,127.87802124023438,95.18983,-88.28708,127.87802,7.181258201599121,0.7428279519081116,335749123,0.4705264278478989,820.0,101.24717697999999,-80.7419293407,135.45,[820],300.0,359.0,312.84534343011273,373.6407110869277
683,0,607,-127.02028809480089,-5.8258478091229335,129.89205932617188,-126.9685,-5.6632147,129.89206,6.922005653381348,3.09438157081604,335659011,0.1706801793922227,468.0,-127.0,1.55530143492e-14,135.45,[468],375.0,603.0,368.96608763508203,601.1884762079649
684,0,317,124.51709838337956,36.31658858698938,127.10644531250001,124.57546,36.02538,127.106445,7.215634346008301,-0.2851356267929077,335552515,0.29700045416681636,52.0,126.25316462800001,28.8164609473,135.45,[52],890.0,534.0,902.0051055875753,532.557350215182
685,0,922,109.97403511632365,64.26617509700736,125.08262634277345,109.95423,64.310234,125.08263,7.200669765472412,-0.5301786661148071,335560707,0.04830513144117003,84.0,114.423046224,55.1032348679,135.45,[84],970.0,423.0,968.5176091642944,424.03955569294567
686,0,864,107.75241947293398,-72.72465985916642,127.74861907958984,108.14912,-72.036644,127.74862,7.195572376251221,0.5923422574996948,335749123,0.7941878816701118,820.0,101.24717697999999,-80.7419293407,135.45,[820],950.0,878.0,922.6907792613429,862.2096997173594
687,0,285,127.46890387607164,23.342531283393328,126.92755126953125,127.619896,22.68685,126.92755,7.219313144683838,-0.1824628710746765,335552515,0.6728425369508191,52.0,126.25316462800001,28.8164609473,135.45,[52],356.0,656.0,383.04281344373305,650.629569922865
688,0,449,118.69252144425627,-46.23729927436216,124.90168762207031,118.726875,-46.09364,124.90169,7.211406230926514,0.3701452314853668,335757315,0.1477103747052134,852.0,114.423046224,-55.1032348679,135.45,[852],962.0,774.0,956.6374237415135,772.7790088102506
689,0,111,75.03565633206745,-102.6613997608365,125.5986328125,74.727745,-102.80542,125.59863,7.1589837074279785,0.9382967352867126,335740931,0.33992816979653434,788.0,79.1832048361,-99.29259827339999,135.45,[788],461.0,423.0,467.24794050253934,436.0980598386976
690,0,698,20.80464806308737,125.54143836738967,126.84477996826172,19.890186,125.693924,126.84478,7.0938615798950195,-1.4079148769378662,335593475,0.9270879953718271,212.0,28.2601586125,123.815844847,135.45,[212],677.0,267.0,671.0237408155871,303.7795780234948
691,0,298,12.10148292726808,129.5242164767942,129.86474609375,12.364394,129.4685,129.86475,7.083243370056152,-1.4790139198303223,335601667,0.2687489606949605,244.0,7.92958802448e-15,129.5,135.45,[244],600.0,1096.0,602.9686590717682,1086.059317090723
692,0,675,-126.18041093833926,-29.217413298159954,132.23873901367188,-126.17785,-29.004877,132.23874,6.9256367683410645,2.9126474857330322,335667203,0.2125516503283073,500.0,-126.25316462800001,-28.8164609473,135.45,[500],594.0,605.0,585.9619059656018,604.9101475864302
693,0,901,76.41972797695053,101.36679325927253,125.3606185913086,77.108215,100.90706,125.36062,7.160475730895996,-0.9261379241943359,335577091,0.8278711787163912,148.0,79.1832048361,99.29259827339999,135.45,[148],666.0,519.0,684.9677994349014,491.4609256340208
694,0,311,-72.97241622425645,104.16441197247332,128.76669311523438,-73.17184,104.04621,128.7667,6.984034538269043,-2.1832573413848877,335626243,0.23181889419123966,340.0,-79.1832048361,99.29259827339999,135.45,[340],792.0,842.0,796.872547962933,850.4315444737421
695,0,515,115.03581112526808,53.56633137255267,124.49664306640625,115.20442,53.40809,124.49664,7.207345008850098,-0.4371117949485779,335560707,0.23123662024930836,84.0,114.423046224,55.1032348679,135.45,[84],534.0,633.0,540.5238601861066,626.510596050723
696,0,61,-105.42439552991345,75.51158246479463,131.9560089111328,-105.727356,75.07344,131.95601,6.948982238769531,-2.521434783935547,335634435,0.5326850442418652,372.0,-101.24717697999999,80.7419293407,135.45,[372],375.0,422.0,392.78612496378514,434.9112580034614
697,0,9,126.97617061421624,-25.67575985795702,126.89405822753906,126.89439,-25.865513,126.89406,7.218852996826172,0.19817304611206055,335765507,0.20662737629357164,884.0,126.25316462800001,-28.8164609473,135.45,[884],720.0,627.0,727.6280435737192,630.9202394486493
698,0,412,19.239943777756707,-125.78159616733046,126.86173248291016,19.953804,-125.679405,126.86173,7.092410087585449,1.4176641702651978,335724547,0.7211375951755847,724.0,28.2601586125,-123.815844847,135.45,[724],527.0,269.0,523.3699471867817,241.19140661026833
699,0,354,-47.03185457716609,-121.20756134565818,131.0382537841797,-46.613953,-121.2511,131.03825,7.015722274780273,1.939549207687378,335699971,0.42016369096151934,628.0,-56.1879442157,-116.675468393,135.45,[628],418.0,984.0,420.7162818936729,968.2435855413564
700,0,73,127.06855049157821,5.735951072405442,124.54458618164062,126.9685,5.7912517,124.544586,7.221715927124023,-0.04643097519874573,335544323,0.1143180212041182,20.0,127.0,0.0,135.45,[20],833.0,600.0,831.4380428962177,604.7420196631282
701,0,863,-32.06990307173692,-122.94171374586222,127.76222229003905,-32.717014,-122.76629,127.76222,7.031965732574463,1.8246095180511475,335708163,0.6704676612943131,660.0,-28.2601586125,-123.815844847,135.45,[660],643.0,423.0,636.9652440455116,449.6102216305235
702,0,428,127.15901551980278,-24.446876742927998,126.83184814453125,127.21889,-24.443785,126.83185,7.219138145446777,0.1885916143655777,335765507,0.05995159875414263,884.0,126.25316462800001,-28.8164609473,135.45,[884],776.0,640.0,776.78336817488,638.2340356721107
703,0,217,35.78089870707481,122.00001680621608,126.41275787353516,36.113667,121.99102,126.41276,7.111681938171387,-1.2868512868881226,335593475,0.3328894197696121,212.0,28.2601586125,123.815844847,135.45,[212],529.0,916.0,529.3668783686434,902.8296037829924
704,0,571,2.275484328150924,129.50846141644138,129.5131378173828,1.9289768,129.4685,129.51314,7.071905612945557,-1.5546016693115234,335601667,0.34880357147635094,244.0,7.92958802448e-15,129.5,135.45,[244],600.0,679.0,602.338456657655,693.0193731260366
705,0,858,-30.07805276142608,-123.37355388127799,127.65124511718749,-30.132473,-123.35619,127.651245,7.034280300140381,1.8085740804672241,335708163,0.05712217478981761,660.0,-28.2601586125,-123.815844847,135.45,[660],620.0,527.0,619.6916386288808,529.284234042957
706,0,124,126.98441344032881,-5.900635251018684,124.46950531005861,126.9685,-5.816825,124.469505,7.2217254638671875,0.04511379823088646,335544323,0.08530806922597572,20.0,127.0,0.0,135.45,[20],369.0,600.0,365.9745899592526,601.3765376131522
707,0,367,-125.07764699246036,-33.319021897965285,132.135498046875,-125.23807,-33.12233,132.1355,6.926795482635498,2.879850149154663,335667203,0.2538160673099136,500.0,-126.25316462800001,-28.8164609473,135.45,[500],429.0,642.0,421.8975619733885,649.0207054215864
708,0,559,66.83320899474347,-108.87346616350624,126.36157989501953,67.621086,-108.47279,126.36158,7.148775100708008,1.0189067125320435,335740931,0.883905473085262,756.0,56.1879442157,-116.675468393,135.45,"[756, 788]",930.0,1059.0,914.0800891797505,1027.8105911617388
708,1,559,68.09066482913477,-110.92819038446032,128.74435424804688,68.8836,-110.5266,128.74435,7.148775100708008,1.0189067125320435,335732739,0.8888281044172903,756.0,56.1879442157,-116.675468393,135.45,"[756, 788]",847.0,1109.0,831.8911203415871,1078.1088245373905
709,0,630,-71.36641253721609,105.48122107043673,128.90634155273438,-71.818924,105.12512,128.90634,6.986005783081055,-2.1669974327087402,335626243,0.5758238244167462,340.0,-79.1832048361,99.29259827339999,135.45,[340],835.0,896.0,849.5449118814696,914.6716919553563
710,0,592,-124.37978548662613,-36.78656991072057,132.38674926757812,-124.356705,-36.98384,132.38675,6.927872657775879,2.852626085281372,335667203,0.19861667123983762,500.0,-126.25316462800001,-28.8164609473,135.45,[500],275.0,677.0,283.195641463177,676.9351656549554
711,0,322,-40.75106158327253,-120.90267569096613,128.4771728515625,-40.667408,-120.95166,128.47717,7.0220046043396,1.894531488418579,335708163,0.09694019594512406,660.0,-28.2601586125,-123.815844847,135.45,[660],716.0,105.0,718.5267662413548,102.36388116909893
712,0,658,-126.91495555050233,11.116701097453188,130.1374053955078,-126.9685,11.087433,130.1374,6.922380447387695,-3.0556042194366455,335659011,0.061020063680492995,468.0,-127.0,1.55530143492e-14,135.45,[468],1045.0,603.0,1046.6680438981268,605.4017779799074
713,0,622,-99.84171815350055,82.65003332908964,131.77154541015625,-100.22912,81.96802,131.77155,6.955211639404297,-2.4515202045440674,335634435,0.7843624128025333,372.0,-101.24717697999999,80.7419293407,135.45,[372],651.0,642.0,678.3241595355855,658.2183530599775
714,0,366,-115.07850193236663,-53.68552684553288,129.4658660888672,-114.88564,-54.070038,129.46587,6.935573577880859,2.703719139099121,335675395,0.43016656305413115,532.0,-114.423046224,-55.1032348679,135.45,[532],643.0,583.0,658.7083208946848,575.7817716653346
715,0,766,-2.575183731627476,-129.39651916202752,129.502197265625,-2.314911,-129.4685,129.5022,7.066699028015137,1.5893216133117676,335716355,0.2700445099889815,692.0,-2.37887640734e-14,-129.5,135.45,[692],603.0,509.0,606.1392335188998,498.9926507349019
716,0,368,-109.22469307747451,70.64615407388919,132.4400177001953,-108.74719,71.28668,132.44002,6.945089340209961,-2.5688774585723877,335634435,0.7989262185375061,372.0,-101.24717697999999,80.7419293407,135.45,[372],223.0,301.0,198.16898932756772,282.89935610101907
717,0,881,126.91812693387874,-8.234705443428538,124.53437805175781,126.9685,-7.7805324,124.53438,7.221571445465088,0.06347032636404037,335544323,0.45695782859263767,20.0,127.0,0.0,135.45,[20],290.0,600.0,272.61178226285847,598.7250773551494
718,0,956,-53.911770060120034,-117.72987966976507,130.65896606445312,-53.90157,-117.74156,130.65897,7.007627964019775,1.9988374710083008,335699971,0.015508978452807562,628.0,-56.1879442157,-116.675468393,135.45,[628],559.0,693.0,559.8235489293972,693.0469662231985
719,0,69,85.84138362365047,93.94485087799694,125.47335815429689,86.07578,93.75566,125.47336,7.171595096588135,-0.8317713141441345,335577091,0.3012237846473616,148.0,79.1832048361,99.29259827339999,135.45,[148],380.0,877.0,388.090104183878,868.3271515020186
720,0,135,97.98356077009885,-84.78980342148861,127.5324249267578,98.031425,-84.72383,127.532425,7.184408187866211,0.7119840383529663,335749123,0.081506853410799,820.0,101.24717697999999,-80.7419293407,135.45,[820],442.0,473.0,440.0850367684552,471.4553516039541
720,1,135,97.77685574091083,-84.61044327395211,127.26306915283203,98.06364,-84.68344,127.26307,7.184408187866211,0.7119840383529663,335749123,0.2959257608476428,820.0,101.24717697999999,-80.7419293407,135.45,[820],444.0,474.0,447.2594426699152,463.1871504364335
720,2,274,101.21195733589775,-81.1949652726471,127.6435012817383,100.875046,-81.15804,127.6435,7.1880669593811035,0.6747435331344604,335749123,0.3389286945325026,820.0,101.24717697999999,-80.7419293407,135.45,[820],585.0,587.0,583.8785627221159,600.5912142359102
720,3,798,100.54810919898591,-81.86085252621706,127.55967712402344,100.244446,-81.9488,127.55968,7.187371253967285,0.6819543242454529,335749123,0.31614247596098505,820.0,101.24717697999999,-80.7419293407,135.45,[820],553.0,561.0,557.2430725793174,574.0372887594367
721,0,672,-35.78326741005003,122.0906132906457,128.01910400390625,-35.14564,122.21197,128.0191,7.027286052703857,-1.8572574853897095,335609859,0.6490715356049963,276.0,-28.2601586125,123.815844847,135.45,[276],537.0,326.0,532.9907377458284,301.07564809799896
722,0,247,126.96312080989662,1.5663225661046454,124.32147979736327,126.9685,1.6481882,124.32148,7.221868515014648,-0.013654833659529686,335544323,0.08204208751895886,20.0,127.0,0.0,135.45,[20],667.0,600.0,664.6529026441858,600.5248323958648
722,1,988,118.41398197310264,-18.27524881933641,117.34278106689453,128.39526,-19.22341,117.34278,7.2201008796691895,0.15188080072402954,318988291,10.026215303702177,883.0,126.25316462800001,-28.8164609473,105.35,[883],985.0,687.0,1023.6484851185435,288.43269380410504
722,2,988,118.43244071912795,-18.27812115224515,117.36107635498047,128.43037,-19.232132,117.36108,7.2201008796691895,0.15188080072402954,318988291,10.043346524731467,883.0,126.25316462800001,-28.8164609473,105.35,[883],985.0,689.0,1023.533591802194,289.1710436451177
723,0,988,128.35462503680264,-19.82315678690793,127.19555664062499,128.27022,-19.837627,127.19556,7.2201008796691895,0.15188080072402954,335765507,0.08563856876406696,884.0,126.25316462800001,-28.8164609473,135.45,[884],961.0,682.0,961.7321664156827,686.0584163521054
724,0,504,-65.6033716111051,-112.08072073014773,131.2905731201172,-65.754265,-112.03361,131.29057,6.994493007659912,2.098961114883423,335699971,0.1580772660422084,628.0,-56.1879442157,-116.675468393,135.45,"[596, 628]",787.0,219.0,785.7899065140907,225.38290418379574
725,0,836,-67.405629943838,108.64919153631854,129.32635498046875,-67.46005,108.60121,129.32635,6.9908928871154785,-2.127450466156006,335626243,0.07255269016072077,308.0,-56.1879442157,116.675468393,135.45,"[308, 340]",279.0,151.0,280.9489257327414,153.29257087448013
725,1,836,-68.64957641714864,110.66054029254519,131.71841430664062,-68.69521,110.617325,131.71841,6.9908928871154785,-2.127450466156006,335618051,0.06285143584834872,308.0,-56.1879442157,116.675468393,135.45,"[308, 340]",359.0,101.0,361.4028759818075,103.5347119420544
726,0,683,-126.8159785073558,6.558747358278197,129.71966552734372,-126.9685,6.9951916,129.71967,6.922027587890625,-3.0912959575653076,335659011,0.46232652888507075,468.0,-127.0,1.55530143492e-14,135.45,[468],881.0,603.0,864.3498943311272,609.3608597057687
727,0,781,72.78810854243056,104.2726381642533,125.65648651123045,73.03756,104.1533,125.65649,7.155948162078857,-0.9627092480659485,335577091,0.27652847424718713,148.0,79.1832048361,99.29259827339999,135.45,[148],796.0,356.0,801.2015956341321,346.1961482532223
728,0,488,3.5601939894331736,-129.47203639169788,129.47085571289062,3.8038025,-129.4685,129.47086,7.073807239532471,1.541932225227356,335716355,0.2436340828395976,692.0,-2.37887640734e-14,-129.5,135.45,[692],603.0,754.0,603.1185443320851,744.407759577328
729,0,187,78.62650257299538,99.71696444035842,125.3550033569336,79.4756,99.01913,125.355,7.163106441497803,-0.9044386148452759,335577091,1.0990658378153397,148.0,79.1832048361,99.29259827339999,135.45,[148],591.0,613.0,618.9746466783373,579.7319094758149
730,0,134,107.76320998645679,68.68745484544343,125.54647064208983,108.22647,67.897964,125.54647,7.197561740875244,-0.5687927603721619,335560707,0.9153719237683096,84.0,114.423046224,55.1032348679,135.45,"[84, 116]",1113.0,354.0,1145.3687991017368,335.6065504982712
730,1,134,109.90489937021994,70.04846478922991,128.0394287109375,110.38355,69.23476,128.03943,7.197561740875244,-0.5687927603721619,335568899,0.9440498381747963,116.0,101.24717697999999,80.7419293407,135.45,"[84, 116]",141.0,967.0,174.26141794119644,948.3088956087977
731,0,986,-67.60997544635757,108.47971858744859,129.29469299316406,-68.04714,108.133026,129.2947,6.990635395050049,-2.129507541656494,335626243,0.5579518668172405,340.0,-79.1832048361,99.29259827339999,135.45,"[308, 340]",955.0,1047.0,969.4848125619438,1064.9291755896973
731,1,986,-68.94853435832192,110.63413338128521,131.86026000976562,-69.38402,110.285614,131.86026,6.990635395050049,-2.129507541656494,335618051,0.5577738818636324,308.0,-56.1879442157,116.675468393,135.45,"[308, 340]",346.0,74.0,360.3465995314082,91.57639429512301
732,0,922,110.04714692766356,64.30876976980653,125.16571807861328,109.92567,64.36954,125.16572,7.200669765472412,-0.5301786661148071,335560707,0.13583121305658874,84.0,114.423046224,55.1032348679,135.45,[84],972.0,422.0,970.2213960762612,426.9640281465422
733,0,977,117.32461647763193,48.97144309824216,124.68733215332031,117.223465,49.21551,124.68733,7.209869384765625,-0.3967393934726715,335560707,0.26419864912707297,84.0,114.423046224,55.1032348679,135.45,[84],366.0,714.0,356.7283292136864,718.0628101452771
734,0,58,55.42240189523727,117.03872207110544,128.3570098876953,54.8437,117.28786,128.35701,7.133920192718506,-1.1299021244049072,335585283,0.6300505144659836,180.0,56.1879442157,116.675468393,135.45,[180],626.0,548.0,616.5301471242174,571.3783071814908
735,0,134,109.79189351454988,69.97665531737584,127.9078903198242,109.52462,70.31182,127.90789,7.197561740875244,-0.5687927603721619,335568899,0.42868534564580163,116.0,101.24717697999999,80.7419293407,135.45,[116],184.0,933.0,171.38903906703376,943.7886613819956
736,0,987,-47.092488950707775,121.09135689586401,130.96034240722656,-47.06986,121.03155,130.96034,7.015233516693115,-1.9430867433547974,335618051,0.06394758224265565,308.0,-56.1879442157,116.675468393,135.45,[308],776.0,966.0,778.6355401145602,965.8182105996889
737,0,790,126.34071183350898,-28.088770402529917,126.78669738769531,126.44214,-27.84696,126.7867,7.218238353729248,0.21742264926433563,335765507,0.26222059710818946,884.0,126.25316462800001,-28.8164609473,135.45,[884],640.0,609.0,631.1076217908033,605.5018882203586
738,0,603,126.89110121290923,13.404534111272369,124.94776916503906,126.9685,13.016348,124.94777,7.221004486083984,-0.10657302290201187,335544323,0.3958267858757844,20.0,127.0,0.0,135.45,[20],1122.0,600.0,1138.1813644508948,597.6440485163693
739,0,774,-119.96016038344169,-43.40260344299895,130.1562957763672,-119.7854,-43.89559,130.1563,6.930589199066162,2.7930564880371094,335675395,0.5230473324350922,532.0,-114.423046224,-55.1032348679,135.45,[532],1050.0,387.0,1070.0252569960417,380.51543362233247
740,0,226,112.74055567670803,-57.999928795085,124.4307632446289,113.163994,-57.64509,124.43076,7.2048516273498535,0.47382473945617676,335757315,0.5524597045744716,852.0,114.423046224,-55.1032348679,135.45,[852],500.0,551.0,486.13224291259996,534.7003781083208
741,0,426,126.96703497847056,3.255795923381811,124.35744476318358,126.9685,3.2030818,124.357445,7.221826553344727,-0.026956235989928246,335544323,0.05273438189825561,20.0,127.0,0.0,135.45,[20],730.0,600.0,732.2318369352724,600.6813991388225
742,0,876,47.07308553314215,121.0538937906058,128.92002868652344,46.782074,121.170135,128.92003,7.123956203460693,-1.2012970447540283,335585283,0.3133685717306228,180.0,56.1879442157,116.675468393,135.45,[180],781.0,225.0,777.1370159042317,237.4056526976858
743,0,280,-64.13969255028496,-112.82974231481785,131.17674255371094,-64.049416,-112.85462,131.17674,6.996111869812012,2.0863137245178223,335699971,0.09364252758899712,628.0,-56.1879442157,-116.675468393,135.45,[628],754.0,287.0,755.829043127286,283.9300666166014
744,0,610,125.30005800307845,32.59659211916005,126.85542297363281,125.59459,31.560312,126.85542,7.21684455871582,-0.25585243105888367,335552515,1.077322871330374,52.0,126.25316462800001,28.8164609473,135.45,[52],711.0,575.0,753.205246874402,563.8757350031375
745,0,306,124.32031678183921,-37.515539144522336,127.26087951660158,124.198204,-37.678284,127.26088,7.2153449058532715,0.29172560572624207,335765507,0.20346328693685595,884.0,126.25316462800001,-28.8164609473,135.45,[884],247.0,519.0,254.0368721111065,524.686086153568
746,0,472,48.78449175363494,120.2677134754631,128.78494262695312,47.990627,120.58813,128.78494,7.126000881195068,-1.186809778213501,335585283,0.8560874385860722,180.0,56.1879442157,116.675468393,135.45,[180],758.0,274.0,745.6898032985237,305.8619015173974
747,0,78,-93.88247170993054,89.94001774863864,132.04391479492188,-94.38113,89.30116,132.04391,6.962260723114014,-2.3790388107299805,335634435,0.8104272032038801,372.0,-101.24717697999999,80.7419293407,135.45,[372],944.0,876.0,969.9235363175455,896.5882108027779
748,0,538,74.43641109349119,-103.12337266102622,125.63287353515625,73.75337,-103.58245,125.63287,7.1582489013671875,0.9442437887191772,335740931,0.8229793067576325,788.0,79.1832048361,-99.29259827339999,135.45,[788],430.0,384.0,448.7690244949505,412.12825029564726
749,0,988,128.32141114871956,-19.817981340544065,127.16263580322266,128.2452,-19.94723,127.162636,7.2201008796691895,0.15188080072402954,335765507,0.15004729220349147,884.0,126.25316462800001,-28.8164609473,135.45,[884],956.0,681.0,961.9391842702373,684.7298608287821
750,0,935,-127.55031498539483,22.666890560663887,132.29945373535156,-127.44207,23.465967,132.29945,6.924050331115723,-2.9671225547790527,335650819,0.8063748608443583,436.0,-126.25316462800001,28.8164609473,135.45,[436],387.0,554.0,356.01718453455544,550.1139857042074
751,0,331,-8.863322626799345,-129.3316069753755,129.8485565185547,-8.352297,-129.4685,129.84856,7.059438705444336,1.6378438472747803,335716355,0.5290450550077935,692.0,-2.37887640734e-14,-129.5,135.45,[692],603.0,267.0,608.7357209849802,247.46709492802714
752,0,339,14.935954877444601,-126.89488663254906,127.47927856445314,14.320885,-126.96508,127.47928,7.087244033813477,1.4522799253463745,335724547,0.6190625679550046,724.0,28.2601586125,-123.815844847,135.45,"[692, 724]",476.0,44.0,478.8383285780378,69.03185059778409
752,1,339,15.22688359679887,-129.39630040534212,129.99180603027344,14.588219,-129.4685,129.9918,7.087244033813477,1.4522799253463745,335716355,0.6427336089631076,692.0,-2.37887640734e-14,-129.5,135.45,"[692, 724]",603.0,1185.0,606.1479837863158,1211.0753438719557
753,0,799,-11.800672598183155,-129.33827254849894,130.15151977539062,-10.912846,-129.4685,130.15152,7.056074142456055,1.660402774810791,335716355,0.8973279631307131,692.0,-2.37887640734e-14,-129.5,135.45,[692],603.0,165.0,608.469098060043,129.97309607267474
754,0,968,109.29843084279128,65.7885405279012,125.29242706298828,109.22186,65.83101,125.29243,7.199646949768066,-0.5431565046310425,335560707,0.08755700901659218,84.0,114.423046224,55.1032348679,135.45,"[84, 116]",1031.0,393.0,1029.412226400048,397.0153847516508
755,0,951,-56.52938083290792,-116.54560054757167,130.75978088378906,-56.34891,-116.56299,130.75978,7.004656791687012,2.0210182666778564,335699971,0.1813052422298938,628.0,-56.1879442157,-116.675468393,135.45,[628],606.0,595.0,607.1947138171333,588.3425353116832
756,0,624,33.25379918091494,122.65676369365065,126.41203308105469,33.23014,122.64917,126.41203,7.108691215515137,-1.3073885440826416,335593475,0.024847328825394907,212.0,28.2601586125,123.815844847,135.45,[212],555.0,800.0,555.636753866026,801.7456227365975
756,1,662,23.39920991416875,127.7502321504071,129.41241455078125,24.737558,124.58755,129.41241,7.096373081207275,-1.391013264656067,335593475,3.4342032590219134,212.0,28.2601586125,123.815844847,135.45,[212],632.0,461.0,759.3754921362842,407.56205206675
756,2,613,32.703215005705715,129.0007186852563,132.42225646972656,31.54884,123.03291,132.42226,7.106272220611572,-1.323919653892517,335593475,6.078427828224538,212.0,28.2601586125,123.815844847,135.45,[212],570.0,733.0,809.3949535302517,779.7222557282286
756,3,542,32.12994646617153,131.49025234685723,134.71238708496094,30.702063,123.27747,134.71239,7.105003356933594,-1.3325690031051636,335593475,8.335981617619877,212.0,28.2601586125,123.815844847,135.45,[212],580.0,699.0,908.9762999942894,756.7915141468612
756,4,542,32.203097550955135,131.78777119741426,135.01730346679688,30.530453,123.31664,135.0173,7.105003356933594,-1.3325690031051636,335593475,8.634683415457225,212.0,28.2601586125,123.815844847,135.45,[212],582.0,692.0,920.8770540165705,759.7175575382054
757,0,811,103.14323840800353,-78.4212596985526,127.41759490966797,102.96476,-78.53762,127.417595,7.190526485443115,0.6487180590629578,335749123,0.21305973447012824,820.0,101.24717697999999,-80.7419293407,135.45,[820],690.0,670.0,694.8267856858956,677.8424571201413
758,0,482,-22.50601269162871,125.10178490493126,127.62039184570314,-22.181364,125.17098,127.62039,7.042796611785889,-1.7501475811004639,335609859,0.33194129342531276,276.0,-28.2601586125,123.815844847,135.45,[276],656.0,845.0,653.4376023172507,832.1658368348517
759,0,605,-81.05442820259486,-97.62899747599658,128.64227294921875,-80.657166,-98.076866,128.64227,6.974789142608643,2.2623353004455566,335691779,0.5986685077852141,596.0,-79.1832048361,-99.29259827339999,135.45,[596],650.0,543.0,668.5440318961361,527.1510653402055
760,0,359,100.64835925826628,81.41680179179093,127.36019897460938,100.271996,81.91424,127.3602,7.187414646148682,-0.6815091967582703,335568899,0.6237727170406308,116.0,101.24717697999999,80.7419293407,135.45,[116],648.0,562.0,628.9948980436372,578.0472911306515
761,0,621,119.7700915110363,-43.82948533027957,125.03641510009766,119.788025,-43.89014,125.036415,7.212530612945557,0.3494839072227478,335757315,0.06325077228857322,852.0,114.423046224,-55.1032348679,135.45,[852],1050.0,816.0,1052.949981504817,815.8818114814517
762,0,610,125.36851499220757,32.61430272357393,126.9247055053711,125.17046,33.418514,126.924706,7.21684455871582,-0.25585243105888367,335552515,0.8282394285398048,52.0,126.25316462800001,28.8164609473,135.45,[52],786.0,558.0,753.9136710509571,566.6140145683022
763,0,949,-126.9714838299517,3.090046749159228,129.74652099609375,-126.9685,2.9313805,129.74652,6.921881675720215,-3.1186370849609375,335659011,0.15869432614727688,468.0,-127.0,1.55530143492e-14,135.45,[468],719.0,603.0,725.6018699663684,603.1406468019327
764,0,183,-51.92495951195451,118.72454345068036,130.71981811523438,-51.922253,118.694756,130.71982,7.009568691253662,-1.9844728708267212,335618051,0.02991063107299195,308.0,-56.1879442157,116.675468393,135.45,[308],682.0,772.0,683.9630023072141,772.5193881498194
765,0,665,-99.81121083274411,-82.78978116261715,131.83163452148438,-99.713295,-82.61483,131.83163,6.955564498901367,2.447744131088257,335683587,0.20048794719389126,564.0,-101.24717697999999,-80.7419293407,135.45,[564],527.0,663.0,520.0859271233139,659.4386458902352
766,0,288,-1.6371198997512693,129.53521214498846,129.61328125,-1.6637396,129.4685,129.61328,7.067375183105469,-1.5848088264465332,335601667,0.07182154941536638,244.0,7.92958802448e-15,129.5,135.45,[244],600.0,535.0,603.4084857995384,536.5152040099489
767,0,274,100.92324714497954,-80.96271287237323,127.27899932861327,101.006805,-80.99282,127.279,7.1880669593811035,0.6747435331344604,335749123,0.0888170534811898,820.0,101.24717697999999,-80.7419293407,135.45,[820],591.0,592.0,593.1686587330705,589.0428065991819
768,0,864,107.6457445321139,-72.65245204686653,127.62203216552734,107.87795,-72.37667,127.62203,7.195572376251221,0.5923422574996948,335749123,0.36052163734233184,820.0,101.24717697999999,-80.7419293407,135.45,[820],936.0,867.0,925.5790917533386,857.942702084556
768,1,864,107.66260859815884,-72.66386723342293,127.64204406738283,107.91323,-72.34719,127.642044,7.195572376251221,0.5923422574996948,335749123,0.40385079373407623,820.0,101.24717697999999,-80.7419293407,135.45,[820],937.0,868.0,925.1224842910824,858.6172647263538
768,2,614,113.96483250741949,-65.83612063032342,129.23497009277344,109.98622,-64.24379,129.23497,7.201266288757324,0.5224813222885132,335757315,4.285424705987866,852.0,114.423046224,-55.1032348679,135.45,[852],236.0,424.0,172.68456950306302,583.6714513367792
768,3,730,101.98490404168115,-64.93501139084401,118.77376556396484,107.86586,-68.64615,118.773766,7.197816848754883,0.565717339515686,318980099,6.954004803171595,819.0,101.24717697999999,-80.7419293407,105.35,"[819, 851]",1085.0,866.0,1234.2767179942393,631.5090824672461
769,0,476,-69.97828714280331,106.63112633663695,129.06394958496094,-70.2189,106.4011,129.06395,6.987728595733643,-2.1529321670532227,335626243,0.3328781082540618,340.0,-79.1832048361,99.29259827339999,135.45,"[308, 340]",886.0,960.0,895.5411225294785,970.1967077318676
770,0,714,-114.53620989721821,54.88333281291125,129.4792022705078,-115.36995,53.06437,129.4792,6.936047554016113,-2.6961135864257812,335642627,2.0009373000855257,404.0,-114.423046224,55.1032348679,135.45,[404],520.0,564.0,593.2039178004499,597.4734530712715
771,0,986,-67.58156093655998,108.43398817927664,129.240234375,-67.94339,108.21577,129.24023,6.990635395050049,-2.129507541656494,335626243,0.4225407876187104,340.0,-79.1832048361,99.29259827339999,135.45,"[308, 340]",958.0,1051.0,967.6555962350659,1066.0657559816007
771,1,986,-68.90322953893337,110.56121085463019,131.77342224121094,-69.26056,110.34507,131.77342,6.990635395050049,-2.129507541656494,335618051,0.41761384198019147,308.0,-56.1879442157,116.675468393,135.45,"[308, 340]",348.0,79.0,357.42969846520737,93.38858707066493
772,0,330,-123.36685133836363,-41.15539550525864,132.70974731445312,-123.36644,-41.32247,132.70975,6.929382801055908,2.818192958831787,335667203,0.1670766201916243,500.0,-126.25316462800001,-28.8164609473,135.45,"[500, 532]",101.0,717.0,108.44261768165438,717.4525315854555
773,0,43,80.00045981402945,-98.62267605853049,125.32403564453124,79.82228,-98.74266,125.324036,7.165077209472656,0.8879478573799133,335740931,0.21481155175243266,788.0,79.1832048361,-99.29259827339999,135.45,[788],623.0,627.0,628.79688859478,634.6901991171779
774,0,96,-119.70719069408733,44.18335153830412,130.18385314941406,-119.6009,44.278713,130.18385,6.930772304534912,-2.7893896102905273,335642627,0.14279996665195577,404.0,-114.423046224,55.1032348679,135.45,[404],169.0,394.0,165.20466681616483,390.6342211965068
775,0,585,-89.99316041425482,-90.53261960137024,129.59454345703125,-89.74895,-90.82641,129.59454,6.965055465698242,2.3518316745758057,335691779,0.3820366104128015,596.0,-79.1832048361,-99.29259827339999,135.45,"[564, 596]",940.0,179.0,952.3991468811897,169.60177687380735
776,0,610,125.29240644165111,32.5946125662158,126.8476791381836,125.35926,32.591335,126.84768,7.21684455871582,-0.25585243105888367,335552515,0.06693439708699693,52.0,126.25316462800001,28.8164609473,135.45,[52],752.0,566.0,753.126064756632,563.569672546044
777,0,602,-75.12516241073172,102.60424370265537,128.7977752685547,-74.73858,102.79678,128.79778,6.981534481048584,-2.2041633129119873,335626243,0.4318778115794174,340.0,-79.1832048361,99.29259827339999,135.45,[340],742.0,779.0,734.465817170215,764.3216970147313
777,1,602,-74.99132263129286,102.42092442657304,128.56788635253906,-74.8721,102.6903,128.56789,6.981534481048584,-2.2041633129119873,335626243,0.2945794135160138,340.0,-79.1832048361,99.29259827339999,135.45,[340],737.0,774.0,727.1330461269218,769.6752881922856
777,2,470,-87.58723406931676,102.36566271732954,136.62149047851562,-82.15467,96.882645,136.62149,6.972804069519043,-2.2799994945526123,335626243,7.718564094785336,340.0,-79.1832048361,99.29259827339999,135.45,[340],505.0,483.0,724.922577757182,265.83883067132945
777,3,817,-85.45555302542198,114.2141710322503,144.49984741210938,-76.43276,101.44572,144.49985,6.980292320251465,-2.2146799564361572,335626243,15.634710654696342,340.0,-79.1832048361,99.29259827339999,135.45,[340],688.0,712.0,1198.8629103540125,351.1060724271209
777,4,41,-88.57819640162052,111.80501299834577,144.56272888183594,-79.018654,99.38353,144.56273,6.977072715759277,-2.24233078956604,335626243,15.674122038222569,340.0,-79.1832048361,99.29259827339999,135.45,[340],605.0,608.0,1102.4965889978312,226.20033737917936
777,5,147,-77.02149663318414,99.39900550924722,127.41863250732422,-77.5465,100.55753,127.41863,6.978339195251465,-2.2313778400421143,335626243,1.2719340830924066,340.0,-79.1832048361,99.29259827339999,135.45,[340],652.0,667.0,606.256289433889,688.4683281166343
777,6,147,-76.8738173974416,99.20788825993077,127.17389678955078,-77.14227,100.83613,127.1739,6.978339195251465,-2.2313778400421143,335626243,1.6502223484270848,340.0,-79.1832048361,99.29259827339999,135.45,[340],663.0,683.0,598.6115994612311,694.3754975463361
778,0,711,-39.79829889150278,121.05853318277696,128.31080627441406,-39.04106,121.32286,128.3108,7.022674560546875,-1.8897794485092163,335609859,0.8020459227651313,276.0,-28.2601586125,123.815844847,135.45,[276],502.0,170.0,491.70753343107833,140.4743888398889
779,0,846,-41.47263022699917,120.80763931029469,128.64198303222656,-41.16929,120.83711,128.64198,7.020835876464844,-1.9028496742248535,335609859,0.304770054100793,276.0,-28.2601586125,123.815844847,135.45,"[276, 308]",482.0,85.0,481.6717785317877,73.50113542003328
780,0,832,-18.096098484180402,-126.04785699227614,127.74958801269531,-18.425737,-126.028175,127.74959,7.048410892486572,1.7120323181152344,335708163,0.33022593654843024,660.0,-28.2601586125,-123.815844847,135.45,[660],513.0,995.0,512.7195141889547,1008.5624051327841
781,0,727,72.35108166397549,-104.64699697831747,125.7179489135742,72.16652,-104.84792,125.71795,7.1557183265686035,0.9645440578460693,335740931,0.27282722415973637,788.0,79.1832048361,-99.29259827339999,135.45,[788],379.0,321.0,387.82405180330045,328.71507311501944
782,0,441,116.86702489460367,50.04640522372938,124.69412994384767,117.059586,49.555805,124.69413,7.209314346313477,-0.4059290587902069,335560707,0.5270369923529018,84.0,114.423046224,55.1032348679,135.45,[84],380.0,707.0,399.7268142331751,699.7591468241467
783,0,814,126.87659859397536,-12.817921923960967,124.87261962890624,126.9685,-11.786826,124.87262,7.221118927001953,0.09936059266328812,335544323,1.0351831102437679,20.0,127.0,0.0,135.45,[20],130.0,600.0,89.28312304156137,597.0639437590143
784,0,69,85.83732210852759,93.94041781527994,125.4674301147461,86.49887,93.41826,125.46743,7.171595096588135,-0.8317713141441345,335577091,0.8427911443338099,148.0,79.1832048361,99.29259827339999,135.45,"[116, 148]",367.0,894.0,387.91278167519806,868.1646908971032
785,0,695,114.90100315419477,-54.14936183062673,124.62177276611328,114.53773,-54.792503,124.62177,7.207215309143066,0.43907853960990906,335757315,0.7386476348338132,852.0,114.423046224,-55.1032348679,135.45,[852],614.0,606.0,640.1549214909306,621.1182772077905
786,0,552,-114.14267746674523,-55.82516029207909,129.52371215820312,-114.1202,-55.659504,129.52371,6.936731338500977,2.6853435039520264,335675395,0.16717420443919973,532.0,-114.423046224,-55.1032348679,135.45,[532],579.0,614.0,573.1229830328363,613.214750290191
787,0,78,-93.90278610804307,89.95953372197255,132.07252502441406,-93.72524,90.12361,132.07253,6.962260723114014,-2.3790388107299805,335634435,0.24175026972236913,372.0,-101.24717697999999,80.7419293407,135.45,"[340, 372]",977.0,902.0,970.7041752509019,895.7756348782766
788,0,280,-64.13075498486432,-112.81407080406643,131.15850830078125,-63.98823,-112.88409,131.15851,6.996111869812012,2.0863137245178223,335699971,0.15879266783587057,628.0,-56.1879442157,-116.675468393,135.45,[628],753.0,289.0,756.4559035573427,284.2875692334269
789,0,834,-126.94756133163378,2.4334037895387155,129.70777893066406,-126.9685,1.3752694,129.70778,6.9218668937683105,-3.1238021850585938,335659011,1.0583414914559663,468.0,-127.0,1.55530143492e-14,135.45,[468],657.0,603.0,699.3361515815479,604.0975467346493
790,0,737,126.65791204943525,27.005390007252572,126.86103057861328,126.593666,27.18308,126.86103,7.218436241149902,-0.2114151418209076,335552515,0.18894845272977318,52.0,126.25316462800001,28.8164609473,135.45,[52],536.0,615.0,529.5571623981028,618.1898968574097
791,0,419,-97.49953159502911,85.38688404661661,131.7125701904297,-97.50347,85.38587,131.71257,6.957845211029053,-2.4237253665924072,335634435,0.004067717915733793,372.0,-101.24717697999999,80.7419293407,135.45,[372],787.0,751.0,787.7981882366646,751.9058153988351
792,0,158,-126.41227833753328,27.964647696622706,132.19496154785156,-126.48312,27.667387,132.19496,6.925231456756592,-2.925283193588257,335650819,0.30558631059421315,436.0,-126.25316462800001,28.8164609473,135.45,[436],556.0,592.0,567.9274699729082,595.6354516186695
793,0,508,-116.78008944151588,49.92607853982918,129.52508544921875,-115.87145,52.02299,129.52509,6.933478355407715,-2.7389614582061768,335642627,2.2853148623087325,404.0,-114.423046224,55.1032348679,135.45,[404],478.0,544.0,394.913746877167,507.7182712993647
794,0,662,22.890160139795626,124.99193393322093,126.61753845214845,23.434723,124.88491,126.61754,7.096373081207275,-1.391013264656067,335593475,0.5549798173025504,212.0,28.2601586125,123.815844847,135.45,[212],644.0,408.0,649.0435634488375,387.20006109182503
794,1,698,21.209981129191874,127.96671280140981,129.29579162597656,21.385174,125.35271,129.29579,7.0938615798950195,-1.4079148769378662,335593475,2.619870087557849,212.0,28.2601586125,123.815844847,135.45,[212],663.0,327.0,768.0347181763926,319.992900667675
794,2,698,21.23148404987296,128.09535195942317,129.42579650878906,21.424297,125.32657,129.4258,7.0938615798950195,-1.4079148769378662,335593475,2.775488827938195,212.0,28.2601586125,123.815844847,135.45,[212],662.0,328.0,773.1802844969269,320.85301749491845
795,0,983,26.522043071301596,124.24521384089712,126.5144271850586,25.146235,124.49427,126.51443,7.100693702697754,-1.361829400062561,335593475,1.398169633152475,212.0,28.2601586125,123.815844847,135.45,[212],629.0,477.0,619.174759755885,532.4753783520638
796,0,500,-12.01355401858018,-129.4761504545304,130.3128662109375,-12.001605,-129.4685,130.31287,7.055845737457275,1.6619350910186768,335716355,0.014185135550506017,692.0,-2.37887640734e-14,-129.5,135.45,[692],603.0,121.0,602.9539818187845,121.45783925679375
797,0,965,115.79081852406671,52.26457763606595,124.62456512451173,115.741745,52.292324,124.624565,7.208105564117432,-0.4253150224685669,335560707,0.05637442351492768,84.0,114.423046224,55.1032348679,135.45,[84],489.0,654.0,488.45371072663795,656.7108920026681
798,0,359,100.69762977542268,81.45654781708436,127.42247772216797,100.95189,81.06168,127.42248,7.187414646148682,-0.6815091967582703,335568899,0.46964399210285923,116.0,101.24717697999999,80.7419293407,135.45,[116],614.0,590.0,630.5847390553743,580.0181118169075
799,0,886,-10.967528976769245,129.48785781874813,130.21743774414062,-10.940374,129.4685,130.21744,7.056629180908203,-1.656675100326538,335601667,0.033344726149318875,244.0,7.92958802448e-15,129.5,135.45,[244],600.0,164.0,601.5143127499249,163.29884092922995
800,0,523,44.43466748051287,122.27728589802064,129.19227600097656,44.58707,122.227196,129.19228,7.120787143707275,-1.2236108779907227,335585283,0.16042348226909392,180.0,56.1879442157,116.675468393,135.45,[180],824.0,137.0,826.0727002008252,131.86893059251474
801,0,124,126.99188518226265,-5.90099233010551,124.4768295288086,126.9685,-5.7459154,124.47683,7.2217254638671875,0.04511379823088646,335544323,0.15683048104923705,20.0,127.0,0.0,135.45,[20],372.0,600.0,365.9603067957796,601.6754072905059
802,0,749,128.3473680612342,19.073480939790898,127.07732391357422,128.37555,19.376099,127.077324,7.220170021057129,-0.14887642860412598,335552515,0.30392704926147895,52.0,126.25316462800001,28.8164609473,135.45,[52],224.0,686.0,212.28079969963588,685.7681373293673
803,0,123,-128.8550658387794,16.950931634142762,132.7438201904297,-128.89226,17.112272,132.74382,6.92305850982666,-3.0122013092041016,335650819,0.16557183399213313,436.0,-126.25316462800001,28.8164609473,135.45,[436],133.0,496.0,127.37882747371046,497.92395156882435
804,0,327,125.93161133612921,-29.954363793054654,126.8148727416992,125.80491,-30.638823,126.81487,7.217729091644287,0.2321775108575821,335765507,0.6960871657047436,884.0,126.25316462800001,-28.8164609473,135.45,[884],529.0,584.0,556.4838861698138,589.1378683251679
805,0,881,126.9419643479805,-8.236283690930577,124.55776977539062,126.9685,-7.8245597,124.55777,7.221571445465088,0.06347032636404037,335544323,0.41257811504653585,20.0,127.0,0.0,135.45,[20],289.0,600.0,272.5486523627769,599.67857391922
806,0,346,-126.85518437033352,26.24756872072612,132.27809143066406,-127.015495,25.334917,132.27809,6.92481803894043,-2.938965082168579,335650819,0.9266243211838342,436.0,-126.25316462800001,28.8164609473,135.45,[436],462.0,571.0,499.2443109370448,577.91921030666
807,0,108,-4.026898496347712,-129.4262477533075,129.59974670410156,-4.0718417,-129.4685,129.59975,7.065020561218262,1.600525140762329,335716355,0.06168987429076507,692.0,-2.37887640734e-14,-129.5,135.45,[692],603.0,439.0,604.9500898677002,440.9240601460924
808,0,980,43.32087280875567,120.2827271664919,126.96071624755861,42.876156,120.447525,126.96072,7.120382785797119,-1.2264468669891357,335593475,0.4742694429022966,180.0,56.1879442157,116.675468393,135.45,"[180, 212]",752.0,69.0,746.2903509396756,87.31714372222655
808,1,980,44.12282179266913,122.49983910949595,129.3020782470703,43.679848,122.664085,129.30208,7.120382785797119,-1.2264468669891357,335585283,0.47244351146462354,180.0,56.1879442157,116.675468393,135.45,[180],841.0,101.0,834.9748286598378,119.39510307876503
809,0,336,104.69903754055485,-76.33832401119435,127.38880157470705,104.72962,-76.32456,127.3888,7.1923675537109375,0.6286532878875732,335749123,0.03353793687421642,820.0,101.24717697999999,-80.7419293407,135.45,[820],778.0,741.0,778.144213180226,740.0744224221944
810,0,494,36.50923550044536,121.91522998238179,126.5230484008789,37.057983,121.77549,126.52305,7.11250638961792,-1.2811732292175293,335593475,0.5662610459236112,212.0,28.2601586125,123.815844847,135.45,[212],520.0,953.0,525.9754054152717,931.9630755178142
811,0,757,103.46434263246556,77.86289186203066,127.33450317382812,103.660965,77.66462,127.3345,7.190733909606934,-0.6464866399765015,335568899,0.27923519300314553,116.0,101.24717697999999,80.7419293407,135.45,[116],478.0,698.0,486.8385008532266,690.6866260986226
812,0,253,-107.08315158890036,73.36146907014336,132.11634826660156,-107.01497,73.458824,132.11635,6.947232723236084,-2.5423457622528076,335634435,0.1188566192955982,372.0,-101.24717697999999,80.7419293407,135.45,[372],310.0,371.0,306.7815891777343,368.561015643985
813,0,13,25.540662291685294,-124.37979553893274,126.45870208740234,26.063717,-124.28486,126.4587,7.099940776824951,1.3669261932373047,335724547,0.5316005209495859,724.0,28.2601586125,-123.815844847,135.45,[724],583.0,514.0,579.4419723226906,493.22014716741177
814,0,783,126.98198537339113,10.991678485836019,124.8054428100586,126.9685,11.996899,124.80544,7.221288204193115,-0.08766946196556091,335544323,1.0053106404177068,20.0,127.0,0.0,135.45,[20],1081.0,600.0,1041.6671394334408,601.2794149356449
815,0,382,-27.886956237147388,123.86826950712748,127.5932846069336,-28.219204,123.792885,127.593285,7.036452293395996,-1.7935916185379028,335609859,0.34069251835575287,276.0,-28.2601586125,123.815844847,135.45,[276],601.0,603.0,604.0969864050993,616.9280950141047
816,0,907,77.59553912878619,-100.56013656627329,125.40185546875001,77.56645,-100.541626,125.401855,7.162162780761719,0.912263035774231,335740931,0.034477550066301856,788.0,79.1832048361,-99.29259827339999,135.45,[788],552.0,537.0,551.298468285068,538.4933717074472
817,0,420,-76.7168046306615,-101.2085258870029,128.65744018554688,-76.78786,-101.16254,128.65744,6.9798970222473145,2.2180378437042236,335691779,0.08463722394790557,596.0,-79.1832048361,-99.29259827339999,135.45,[596],527.0,697.0,525.3628954558832,700.65600821754
818,0,78,-93.91947099150275,89.97556285063183,132.0960235595703,-93.425934,90.49893,132.09602,6.962260723114014,-2.3790388107299805,335634435,0.7193706053806318,372.0,-101.24717697999999,80.7419293407,135.45,"[340, 372]",992.0,914.0,971.3453403972733,895.1082395398896
819,0,32,112.15621245211514,-59.66026853886433,124.69493865966795,112.46122,-59.104416,124.69494,7.203873157501221,0.4875485897064209,335757315,0.6340359910887313,852.0,114.423046224,-55.1032348679,135.45,[852],441.0,523.0,419.7186531614267,511.3266491246054
820,0,274,100.8797072008565,-80.92768756073201,127.22402954101562,101.44059,-80.448875,127.22403,7.1880669593811035,0.6747435331344604,335749123,0.7374621798707071,820.0,101.24717697999999,-80.7419293407,135.45,[820],613.0,609.0,594.5696711987193,587.3012088342603
821,0,847,-52.18633479816344,-118.58550596953137,130.696044921875,-51.735302,-118.78478,130.69604,7.009635925292969,1.983978509902954,335699971,0.49309401778937934,628.0,-56.1879442157,-116.675468393,135.45,[628],517.0,780.0,525.5984969387453,762.0643767014622
822,0,692,-126.0061421810824,29.904750150621112,132.22398376464844,-126.03881,29.614038,132.22398,6.92572546005249,-2.9099783897399902,335650819,0.2925414788438662,436.0,-126.25316462800001,28.8164609473,135.45,[436],633.0,610.0,645.5315681328444,611.8808978767049
823,0,791,-98.02567194639414,-84.67288554818515,131.64715576171875,-97.32641,-85.607895,131.64716,6.957458019256592,2.4277548789978027,335683587,1.1675667046494198,564.0,-101.24717697999999,-80.7419293407,135.45,[564],407.0,758.0,444.7617517005938,730.8602013442339
824,0,949,-126.89407674273889,3.088056401364156,129.66741943359375,-126.9685,3.0120666,129.66742,6.921881675720215,-3.1186370849609375,335659011,0.10636262155107645,468.0,-127.0,1.55530143492e-14,135.45,[468],722.0,603.0,725.5222560545656,606.2369302904449
825,0,907,77.6198285706705,-100.59170127372272,125.44117736816406,77.54887,-100.55565,125.44118,7.162162780761719,0.912263035774231,335740931,0.07959540458112743,788.0,79.1832048361,-99.29259827339999,135.45,[788],551.0,536.0,550.0358799870907,539.46494938282
826,0,508,-116.8567828254927,49.95899143865245,129.61019897460938,-116.65184,50.402504,129.6102,6.933478355407715,-2.7389614582061768,335642627,0.4885742919098179,404.0,-114.423046224,55.1032348679,135.45,[404],413.0,512.0,396.2302628300978,504.650535940292
827,0,921,-126.99649073779142,4.22478698251507,129.8047637939453,-126.9685,4.4362345,129.80476,6.92191743850708,-3.1097147464752197,335659011,0.2132923398198749,468.0,-127.0,1.55530143492e-14,135.45,[468],779.0,603.0,770.9914793006021,602.1403704883437
828,0,22,-90.4471910917382,-90.28370046545751,129.7487945556641,-90.514885,-90.2156,129.7488,6.964651107788086,2.3557229042053223,335691779,0.09602218333175501,564.0,-101.24717697999999,-80.7419293407,135.45,"[564, 596]",223.0,1031.0,220.3291550096992,1033.9994355304714
828,1,22,-92.19384732524486,-92.0223149777521,132.25091552734375,-92.2715,-91.946556,132.25092,6.964651107788086,2.3557229042053223,335683587,0.10848635811660613,564.0,-101.24717697999999,-80.7419293407,135.45,"[564, 596]",153.0,961.0,150.78457451791564,964.1331861902052
829,0,195,107.36437383311204,73.03429473607684,127.61334991455078,107.450195,72.91306,127.61335,7.195023059844971,-0.5986990928649902,335568899,0.1485343334018068,116.0,101.24717697999999,80.7419293407,135.45,[116],288.0,850.0,293.6946158150738,846.6878741244818
830,0,346,-126.82496089933375,26.241270969389006,132.24656677246094,-127.03588,25.245588,132.24657,6.92481803894043,-2.938965082168579,335650819,1.0177776180013975,436.0,-126.25316462800001,28.8164609473,135.45,[436],459.0,570.0,498.9924008835602,579.1281491466509
831,0,99,21.619331603316823,-125.36935405599706,126.7864990234375,21.368595,-125.35649,126.7865,7.095233917236328,1.3986859321594238,335724547,0.25106620310013134,724.0,28.2601586125,-123.815844847,135.45,[724],540.0,326.0,539.8596316401176,336.36691963267293
832,0,386,-17.33846282940067,126.25315043791034,127.8386993408203,-17.218214,126.30379,127.8387,7.048913955688477,-1.7086294889450073,335609859,0.13047550500418884,276.0,-28.2601586125,123.815844847,135.45,[276],701.0,1043.0,699.4922236364135,1038.8678313239734
833,0,309,109.3366381607193,65.56501539622695,125.20923614501953,109.51512,65.22204,125.209236,7.199779033660889,-0.5414988994598389,335560707,0.3866388468319737,84.0,114.423046224,55.1032348679,135.45,[84],1006.0,405.0,1020.4712211330781,398.5436774687719
834,0,763,-126.94244561469816,-1.9952577165386174,129.6947784423828,-126.9685,-1.6032133,129.69478,6.921864986419678,3.1245005130767822,335659011,0.39290909288504783,468.0,-127.0,1.55530143492e-14,135.45,[468],537.0,603.0,522.1896913384546,604.3021754120741
835,0,304,-127.06187443360477,-10.304729019735532,130.21807861328125,-126.9685,-11.039274,130.21808,6.922335624694824,3.059288501739502,335659011,0.7404564540303387,468.0,-127.0,1.55530143492e-14,135.45,[468],160.0,603.0,189.81083921057808,599.5250226558096
836,0,725,-68.20063442229002,-108.10617271299634,129.2982482910156,-68.06384,-108.119705,129.29825,6.99029541015625,2.132232189178467,335691779,0.13745938820459724,596.0,-79.1832048361,-99.29259827339999,135.45,"[596, 628]",248.0,1046.0,249.45702241614583,1041.302816552399
836,1,725,-69.56132379177143,-110.25635784119004,131.87220764160156,-69.43057,-110.26319,131.87221,6.99029541015625,2.132232189178467,335699971,0.13092972487215113,596.0,-79.1832048361,-99.29259827339999,135.45,"[596, 628]",163.0,992.0,163.44961728839792,986.8752417731429
836,2,725,-69.47202563302562,-110.11525529552091,131.7032928466797,-69.38681,-110.28427,131.7033,6.99029541015625,2.132232189178467,335699971,0.1892829682883051,628.0,-56.1879442157,-116.675468393,135.45,"[596, 628]",857.0,74.0,864.4085238991636,70.63674330697495
836,3,121,-50.180709775551804,-132.85395991016776,143.1096649169922,-45.67642,-121.70259,143.10966,7.01698637008667,1.930425763130188,335699971,12.026706594590948,628.0,-56.1879442157,-116.675468393,135.45,[628],400.0,1022.0,-45.139660686710386,842.2893776059277
836,4,562,-79.68467951929779,-131.80276030626555,155.74392700195312,-67.26739,-111.304924,155.74393,6.992721080780029,2.1129212379455566,352477187,23.965609456030595,629.0,-56.1879442157,-116.675468393,165.55,"[597, 629]",816.0,158.0,-3.0916765306221805,-337.86941214391163
836,5,332,-63.03313515706395,-152.63714472338688,166.51199340820312,-49.058586,-120.07382,166.512,7.012815952301025,1.960659384727478,352477187,35.43526500762513,629.0,-56.1879442157,-116.675468393,165.55,[629],466.0,887.0,-836.4670532154753,328.1923623454418
836,6,19,-91.21307219427399,-175.65767033760858,199.90495300292966,-59.17582,-115.20162,199.90495,7.001139163970947,2.0476174354553223,369254403,68.42016768669684,630.0,-56.1879442157,-116.675468393,195.65,[630],660.0,482.0,-1757.2880777843432,-799.0051191429598
836,7,19,-92.23277257948212,-177.61115254642573,202.13056945800778,-58.45174,-115.550316,202.13057,7.001139163970947,2.0476174354553223,369254403,70.65908005938908,630.0,-56.1879442157,-116.675468393,195.65,[630],647.0,511.0,-1835.4273661370291,-839.7931345512848
836,8,19,-93.99253155308543,-180.98186691389856,205.97097778320312,-58.799534,-115.32733,205.97098,7.001139163970947,2.0476174354553223,369254403,74.49204724347948,630.0,-56.1879442157,-116.675468393,195.65,[630],655.0,497.0,-1970.2559408359423,-910.1834934954172
836,9,19,-94.04900276864646,-181.0900231081032,206.09420776367188,-58.616554,-115.47095,206.09421,7.001139163970947,2.0476174354553223,369254403,74.57426849604893,630.0,-56.1879442157,-116.675468393,195.65,[630],650.0,504.0,-1974.5821886041279,-912.4423421178585
836,10,951,-90.84252129056404,-186.8893622635842,209.76828002929688,-55.0078,-117.26433,209.76828,7.004656791687012,2.0210182666778564,369254403,78.30563562153982,630.0,-56.1879442157,-116.675468393,195.65,[630],578.0,649.0,-2206.5557548233674,-784.1830829945616
836,11,944,-89.50755364121869,-180.82024206321148,203.70225524902344,-56.493877,-116.49318,203.70226,7.003691673278809,2.0282821655273438,369254403,72.30403736475772,630.0,-56.1879442157,-116.675468393,195.65,[630],609.0,589.0,-1963.7909468084592,-730.7843770207478
836,12,138,-96.88100842680433,-178.70873153398134,205.378662109375,-60.511368,-114.50296,205.37866,6.99881649017334,2.0653886795043945,369254403,73.79113653697564,630.0,-56.1879442157,-116.675468393,195.65,[630],688.0,429.0,-1879.3305256392534,-1025.7225684441732
837,0,584,-113.75992863044303,-56.387932927158545,129.42068481445312,-113.66406,-56.60669,129.42068,6.937074184417725,2.6800384521484375,335675395,0.23884039151498654,532.0,-114.423046224,-55.1032348679,135.45,[532],541.0,632.0,550.6120776296581,628.5247037422789
838,0,629,99.83735877125582,82.50471127211495,127.43809509277342,99.86593,82.42344,127.438095,7.186393737792969,-0.691978931427002,335568899,0.08614764056042666,116.0,101.24717697999999,80.7419293407,135.45,[116],669.0,546.0,672.5112772565979,545.6072716502331
839,0,116,-33.45633562502189,122.58964111244131,127.81613159179689,-33.643612,122.554794,127.81613,7.0299577713012695,-1.838577151298523,335609859,0.19049069710866082,276.0,-28.2601586125,123.815844847,135.45,[276],551.0,386.0,552.9518506176527,394.15291949912444
840,0,680,-83.68374007967941,95.65437004701744,128.9068603515625,-83.686066,95.6614,128.90686,6.971593379974365,-2.2909116744995117,335626243,0.007404484851798616,340.0,-79.1832048361,99.29259827339999,135.45,[340],456.0,421.0,456.4708709446978,421.9785902568236
841,0,638,-129.17845206093534,16.08375228928344,132.96141052246094,-129.28989,15.370123,132.96141,6.922932147979736,-3.019132375717163,335650819,0.722277315285107,436.0,-126.25316462800001,28.8164609473,135.45,[436],64.0,480.0,92.69165367933752,484.98850268258707
842,0,757,103.4416553908959,77.84586633803701,127.30661010742186,104.00006,77.2394,127.30661,7.190733909606934,-0.6464866399765015,335568899,0.8243876040369652,116.0,101.24717697999999,80.7419293407,135.45,[116],461.0,712.0,486.1574798934805,689.7791364358363
843,0,967,3.9983920089071034,129.4844023780936,129.4942626953125,4.1091795,129.4685,129.49426,7.073902130126953,-1.5413002967834473,335601667,0.11192214603582436,244.0,7.92958802448e-15,129.5,135.45,[244],600.0,766.0,601.3760951237435,761.9356803562838
844,0,915,-128.30474730156493,-19.273704706385615,132.5099639892578,-128.35023,-19.487066,132.50996,6.923487186431885,2.991083860397339,335667203,0.2181565624586393,500.0,-126.25316462800001,-28.8164609473,135.45,[500],975.0,518.0,983.7102496365753,519.9366930574035
845,0,863,-32.056632010680914,-122.89111911753571,127.70962524414061,-31.847656,-122.964714,127.709625,7.031965732574463,1.8246095180511475,335708163,0.22155604861910766,660.0,-28.2601586125,-123.815844847,135.45,[660],636.0,458.0,638.9890291785719,450.1410640727636
846,0,779,-42.057407359236095,-120.68962070030648,128.72705078125,-42.31837,-120.57484,128.72705,7.020569801330566,1.9047472476959229,335708163,0.2850917168201723,628.0,-56.1879442157,-116.675468393,135.45,"[628, 660]",446.0,1156.0,441.4339077077409,1167.221474258556
846,1,779,-42.87926053030969,-123.03752119200544,131.23252868652344,-43.155903,-122.916405,131.23253,7.020569801330566,1.9047472476959229,335699971,0.3019936734097062,628.0,-56.1879442157,-116.675468393,135.45,"[628, 660]",352.0,1123.0,347.5178880397823,1134.3473474156121
847,0,183,-51.949979097538744,118.78196666444637,130.7830047607422,-51.443798,118.92516,130.783,7.009568691253662,-1.9844728708267212,335618051,0.5260461054718897,308.0,-56.1879442157,116.675468393,135.45,[308],691.0,791.0,686.2599308578547,771.5186047264501
848,0,962,118.03023880529508,47.52507355931448,124.77665710449219,118.08526,47.425972,124.77666,7.210611820220947,-0.3841136693954468,335560707,0.1133502849181812,84.0,114.423046224,55.1032348679,135.45,[84],294.0,748.0,298.87354765657903,746.2877032518031
849,0,606,59.12598323752172,-115.17199287621406,128.23643493652344,59.740448,-114.92971,128.23643,7.138660907745361,1.0951489210128784,335732739,0.660505674414283,756.0,56.1879442157,-116.675468393,135.45,[756],671.0,744.0,662.1390206714375,719.5215608728688
850,0,779,-42.071365893876646,-120.72950129853416,128.7696075439453,-42.781334,-120.46917,128.7696,7.020569801330566,1.9047472476959229,335708163,0.7561925597537082,628.0,-56.1879442157,-116.675468393,135.45,"[628, 660]",450.0,1138.0,439.8386837786336,1166.663132872934
850,1,779,-42.85756127004424,-122.97553508702549,131.1663818359375,-43.591,-122.70687,131.16638,7.020569801330566,1.9047472476959229,335699971,0.7810967691174941,628.0,-56.1879442157,-116.675468393,135.45,[628],360.0,1105.0,349.99733223898033,1135.2153178262301
851,0,927,89.40341551433085,91.20910057918809,125.85990905761719,89.957886,90.65979,125.85991,7.175501823425293,-0.7967303395271301,335577091,0.7804993933837981,148.0,79.1832048361,99.29259827339999,135.45,"[116, 148]",256.0,1032.0,278.6600922315239,1010.8084271292336
852,0,122,-50.22089597356535,119.49862362982458,130.72341918945312,-49.916542,119.66065,130.72342,7.011533260345459,-1.9700347185134888,335618051,0.3447963944527812,308.0,-56.1879442157,116.675468393,135.45,[308],721.0,852.0,714.9262094729829,840.681929685386
853,0,175,122.79977145364137,43.2598054104601,127.63445281982422,123.21389,41.990826,127.63445,7.2130231857299805,-0.3400576114654541,335552515,1.3348422595094642,52.0,126.25316462800001,28.8164609473,135.45,"[52, 84]",1128.0,480.0,1179.733778526404,463.86427302565437
854,0,301,71.73983458129806,-105.30410502547602,125.9267578125,71.394005,-105.46399,125.92676,7.154852867126465,0.9714205861091614,335740931,0.3810002497636698,788.0,79.1832048361,-99.29259827339999,135.45,[788],355.0,290.0,361.53972991695866,304.26518980792196
855,0,581,111.79108377562807,60.29296873899875,124.68282318115234,112.047424,59.96367,124.68282,7.203261375427246,-0.4959415793418884,335560707,0.4173115231619321,84.0,114.423046224,55.1032348679,135.45,[84],796.0,506.0,809.58935484395,496.7215020651224
856,0,442,127.86067015417575,21.773375461583782,127.03205108642578,127.70582,22.310413,127.03205,7.219650745391846,-0.1700192391872406,335552515,0.558917561037946,52.0,126.25316462800001,28.8164609473,135.45,[52],341.0,660.0,320.27658057135125,666.3002210470296
857,0,130,94.06589868414449,-89.65397186418704,127.98526763916016,94.122116,-89.625946,127.98527,7.179455280303955,0.7600308656692505,335749123,0.062815946536209,820.0,101.24717697999999,-80.7419293407,135.45,"[788, 820]",246.0,316.0,245.51829906051807,314.74886816577964
858,0,705,-29.262659077627177,123.51238319229196,127.58541870117186,-29.211235,123.56646,127.58542,7.034829616546631,-1.8047810792922974,335609859,0.07462368853397283,276.0,-28.2601586125,123.815844847,135.45,[276],592.0,563.0,589.8615338116787,561.8999813949131
859,0,714,-114.57563795769602,54.90229255457234,129.5238037109375,-115.41397,52.97295,129.5238,6.936047554016113,-2.6961135864257812,335642627,2.103607607168951,404.0,-114.423046224,55.1032348679,135.45,[404],516.0,562.0,593.9623074668935,595.8963306521593
860,0,621,119.82092355922214,-43.848163668764755,125.08950805664062,119.84127,-43.77958,125.08951,7.212530612945557,0.3494839072227478,335757315,0.0715390125691502,852.0,114.423046224,-55.1032348679,135.45,"[852, 884]",1054.0,818.0,1052.2028479654095,817.9150934088852
861,0,949,-126.91150229681125,3.0885044486494735,129.6852264404297,-126.9685,3.368388,129.68523,6.921881675720215,-3.1186370849609375,335659011,0.28562791137176524,468.0,-127.0,1.55530143492e-14,135.45,[468],736.0,603.0,725.5401779459783,605.5399081275505
862,0,400,108.30939404577293,66.74572491137951,124.96639251708983,108.64673,67.025276,124.96639,7.198807239532471,-0.5536082983016968,335560707,0.4381135225258102,84.0,114.423046224,55.1032348679,135.45,"[84, 116]",1078.0,370.0,1067.6996017391803,357.45391287091707
863,0,845,-31.001568272411532,123.06890551146535,127.60444641113283,-31.18028,123.117035,127.60445,7.032785892486572,-1.8189197778701782,335609859,0.1850798902403499,276.0,-28.2601586125,123.815844847,135.45,[276],574.0,485.0,572.122426578614,492.34361360353887
864,0,393,108.18861088834092,71.97132845329179,127.68657684326172,108.20749,71.963455,127.68658,7.195912837982178,-0.5883681774139404,335568899,0.020454137242438546,116.0,101.24717697999999,80.7419293407,135.45,[116],250.0,880.0,251.1759645036716,879.6573563336369
865,0,724,-64.97032075277093,112.44111222343054,131.27700805664062,-65.12489,112.3367,131.27701,6.994853496551514,-2.096137046813965,335618051,0.186532727727113,308.0,-56.1879442157,116.675468393,135.45,"[308, 340]",428.0,244.0,432.62575321722124,250.70493851716265
866,0,508,-116.89266837914693,49.97439174900501,129.6500244140625,-115.853004,52.06129,129.65002,6.933478355407715,-2.7389614582061768,335642627,2.331533503221854,404.0,-114.423046224,55.1032348679,135.45,[404],480.0,544.0,396.8462752442002,503.215113794123
867,0,130,94.13487568387063,-89.7198927260979,128.07923889160156,93.44757,-90.4718,128.07924,7.179455280303955,0.7600308656692505,335749123,1.0187027016222654,820.0,101.24717697999999,-80.7419293407,135.45,"[788, 820]",212.0,290.0,242.88146458408391,317.5079481548255
868,0,200,126.80820434626912,26.18972505837155,126.83738708496094,126.78351,26.351322,126.83739,7.21864128112793,-0.20501196384429932,335552515,0.16347330811337174,52.0,126.25316462800001,28.8164609473,135.45,[52],503.0,623.0,496.93056444286196,624.2015887307645
869,0,630,-71.35449159972632,105.4635496455412,128.884765625,-71.566635,105.326324,128.88477,6.986005783081055,-2.1669974327087402,335626243,0.25265713718284605,340.0,-79.1832048361,99.29259827339999,135.45,[340],843.0,906.0,848.8380548856486,915.1485294549474
870,0,955,83.03514784559229,-96.23115419868918,125.37336730957031,83.27007,-95.99314,125.37337,7.168642520904541,0.8575470447540283,335740931,0.3344248769895894,788.0,79.1832048361,-99.29259827339999,135.45,[788],733.0,765.0,724.4577629884321,756.0777203796914
871,0,156,-22.39520402537164,-125.12314531429365,127.6122970581055,-22.070574,-125.196266,127.6123,7.043323993682861,1.7465527057647705,335708163,0.33276333783119616,660.0,-28.2601586125,-123.815844847,135.45,[660],546.0,849.0,549.7079813082541,836.5981834851345
872,0,91,12.532858035374375,-129.4726012508654,129.83749389648438,12.328605,-129.4685,129.8375,7.084156036376953,1.472920536994934,335716355,0.2042943904908499,692.0,-2.37887640734e-14,-129.5,135.45,[692],603.0,1095.0,603.0959499653841,1103.314321414976
873,0,603,126.83288970791818,13.398462719109375,124.89045715332031,126.9685,12.216255,124.89046,7.221004486083984,-0.10657302290201187,335544323,1.1899597967559026,20.0,127.0,0.0,135.45,[20],1090.0,600.0,1137.938508764375,595.3155883167273
874,0,606,59.144367046654224,-115.20792308817545,128.2764129638672,59.399982,-115.09367,128.27641,7.138660907745361,1.0951489210128784,335732739,0.2799859942314237,756.0,56.1879442157,-116.675468393,135.45,[756],665.0,730.0,660.7018121929821,720.2569132381689
875,0,673,-110.0464258803695,-64.15329665561148,129.7535552978516,-110.07483,-64.05981,129.75356,6.9417619705200195,2.6124162673950195,335675395,0.09770921982740002,532.0,-114.423046224,-55.1032348679,135.45,[532],243.0,775.0,239.9975284915405,777.0648137452201
875,1,664,-108.66958632377646,-69.5336504237639,131.3550262451172,-109.63058,-70.178955,131.35503,6.944922924041748,2.570983409881592,335683587,1.1575497158715737,564.0,-101.24717697999999,-80.7419293407,135.45,[564],1024.0,266.0,1050.3311566774437,305.1036262489413
875,2,716,-108.59036756566638,-70.22573446914612,131.66113281250003,-109.449745,-70.405716,131.66113,6.945306301116943,2.5661420822143555,335683587,0.8780223298250277,564.0,-101.24717697999999,-80.7419293407,135.45,[564],1015.0,273.0,1022.647794862155,308.2723765733442
876,0,576,46.47839750264393,-121.34207312705257,128.98033142089844,46.260334,-121.42139,128.98033,7.123626708984375,1.2036309242248535,335732739,0.2320395020642606,756.0,56.1879442157,-116.675468393,135.45,[756],412.0,204.0,415.3358106378971,213.61813147775706
877,0,872,13.217639931383019,129.54800307014375,129.97335815429688,13.553127,129.4685,129.97336,7.0845184326171875,-1.4704978466033936,335601667,0.3447775710787449,244.0,7.92958802448e-15,129.5,135.45,"[212, 244]",600.0,1144.0,603.9201228057499,1130.7055972553205
878,0,238,-21.81549444692064,125.26171423160304,127.64284515380858,-21.985485,125.21569,127.642845,7.043613433837891,-1.7445800304412842,335609859,0.1761107258818029,276.0,-28.2601586125,123.815844847,135.45,[276],657.0,852.0,659.8347753841216,859.7865666231746
879,0,118,-80.84926392371563,97.99864430036541,128.7975921630859,-80.797646,97.964836,128.79759,6.9748311042785645,-2.261964797973633,335626243,0.06170451829450017,340.0,-79.1832048361,99.29259827339999,135.45,[340],548.0,537.0,550.2418410786169,535.357636495375
880,0,476,-69.95895976389147,106.60158772107752,129.02822875976562,-69.97627,106.59459,129.02823,6.987728595733643,-2.1529321670532227,335626243,0.018673846297681908,340.0,-79.1832048361,99.29259827339999,135.45,"[308, 340]",894.0,970.0,894.3595779071012,970.9698028883412
881,0,805,126.98672860490387,6.948012091706914,124.52505493164062,126.9685,7.4863114,124.525055,7.221640110015869,-0.05598076060414314,335544323,0.5386079560428494,20.0,127.0,0.0,135.45,[20],901.0,600.0,879.9204836682766,601.4691441961548
882,0,901,76.45686081697932,101.41591196867739,125.42142486572266,76.76003,101.18472,125.421425,7.160475730895996,-0.9261379241943359,335577091,0.3812630954363957,148.0,79.1832048361,99.29259827339999,135.45,[148],677.0,505.0,686.932547811096,492.94623923517236
883,0,561,38.53904901496571,-121.42559779383191,126.60354614257812,38.4013,-121.46889,126.603546,7.115262985229492,1.262121558189392,335724547,0.14439245795625352,724.0,28.2601586125,-123.815844847,135.45,[724],695.0,1007.0,697.6098821267237,1013.1556160986285
884,0,330,-123.38143989973469,-41.16023946244968,132.72543334960938,-123.454636,-40.936066,132.72543,6.929382801055908,2.818192958831787,335667203,0.23582090871518427,500.0,-126.25316462800001,-28.8164609473,135.45,"[500, 532]",117.0,713.0,108.2488593940127,716.8689891306133
885,0,722,127.00997743227651,-2.476516632188577,124.38172912597656,126.9685,-2.7451038,124.38173,7.22185754776001,0.018176861107349396,335544323,0.2717712462832569,20.0,127.0,0.0,135.45,[20],492.0,600.0,502.9393347124569,602.3990972910605
886,0,799,-11.81304157453269,-129.4718000864159,130.28590393066406,-11.865682,-129.4685,130.2859,7.056074142456055,1.660402774810791,335716355,0.05274304971485308,692.0,-2.37887640734e-14,-129.5,135.45,[692],603.0,127.0,603.1279965433646,129.47833701869334
887,0,432,-77.95812665988342,-100.25985972915441,128.6874237060547,-78.94999,-99.438286,128.68742,6.978460311889648,2.230339288711548,335691779,1.2879344742270913,596.0,-79.1832048361,-99.29259827339999,135.45,[596],596.0,611.0,563.3095417698229,651.0031270486633
888,0,675,-126.15635047065552,-29.21187757061125,132.21353149414062,-126.05576,-29.539764,132.21353,6.9256367683410645,2.9126474857330322,335667203,0.34296875330577087,500.0,-126.25316462800001,-28.8164609473,135.45,[500],573.0,609.0,586.1833350675499,605.8725662937798
889,0,372,-126.96519775722982,5.028867254390207,129.8021240234375,-126.9685,5.078921,129.80212,6.921949863433838,-3.103381872177124,335659011,0.05016228338711511,468.0,-127.0,1.55530143492e-14,135.45,[468],805.0,603.0,803.1546901756076,603.3920897108078
890,0,201,-35.00938439874153,-122.25276326525636,127.93593597412111,-35.08941,-122.2248,127.935936,7.02855920791626,1.848344087600708,335708163,0.0847694212663443,660.0,-28.2601586125,-123.815844847,135.45,[660],665.0,328.0,664.5232632697457,332.0309685503389
891,0,447,-104.1208361788922,76.92533101454319,131.70565795898438,-103.57492,77.77251,131.70566,6.950247764587402,-2.5066897869110107,335634435,1.00783452288523,372.0,-101.24717697999999,80.7419293407,135.45,[372],483.0,508.0,449.3360669537276,487.05363204431137
892,0,880,-70.65152421664243,-105.97142190686645,128.89328002929685,-70.65778,-106.0511,128.89328,6.987172603607178,2.1574573516845703,335691779,0.0799252507471871,596.0,-79.1832048361,-99.29259827339999,135.45,"[596, 628]",331.0,943.0,334.8470546613413,943.2672247783029
893,0,324,126.99704046681927,8.4722756902338,124.6275405883789,126.9685,8.647469,124.62754,7.221526145935059,-0.06793555617332458,335544323,0.1775026853780649,20.0,127.0,0.0,135.45,[20],947.0,600.0,940.891027609352,601.8816186727707
894,0,864,107.61251144227936,-72.62995679549203,127.58259582519533,107.536934,-72.804306,127.582596,7.195572376251221,0.5923422574996948,335749123,0.1900253160192665,820.0,101.24717697999999,-80.7419293407,135.45,[820],919.0,853.0,926.4789018083184,856.6133784911744
895,0,80,-23.789593551271537,-124.81534977814772,127.59262847900392,-23.507975,-124.86819,127.59263,7.0416765213012695,1.7577823400497437,335708163,0.2865326973351957,660.0,-28.2601586125,-123.815844847,135.45,[660],559.0,792.0,562.0198027540914,780.8226024491387
896,0,222,52.214643652914674,-118.56429967827353,128.47267150878906,52.164883,-118.57791,128.47267,7.1305060386657715,1.1545993089675903,335732739,0.05158909541313384,756.0,56.1879442157,-116.675468393,135.45,[756],525.0,441.0,526.4467485890589,443.06797748858685
897,0,508,-116.83431653737716,49.94935003372666,129.58526611328122,-116.39831,50.928955,129.58527,6.933478355407715,-2.7389614582061768,335642627,1.072254476243596,404.0,-114.423046224,55.1032348679,135.45,[404],435.0,522.0,395.8446066330663,505.54918746491353
898,0,173,-54.437854896415956,117.43100323942053,130.62582397460938,-54.95581,117.23387,130.62582,7.006629467010498,-2.006265640258789,335618051,0.5542012218638261,308.0,-56.1879442157,116.675468393,135.45,[308],624.0,651.0,632.2213938568211,672.0035727713616
898,1,186,-60.31417479404627,121.30615013930219,136.7904052734375,-57.07884,116.21147,136.7904,7.002979278564453,-2.0336573123931885,335618051,6.0351596306378035,308.0,-56.1879442157,116.675468393,135.45,[308],583.0,566.0,787.2272698520874,436.9507768661492
898,2,186,-60.38047970542539,121.43999238377364,136.94122314453125,-56.81744,116.33736,136.94122,7.002979278564453,-2.0336573123931885,335618051,6.223515403876172,308.0,-56.1879442157,116.675468393,135.45,[308],588.0,576.0,792.5809596309455,434.2985804109844
899,0,627,129.1353055744421,16.08473502529523,127.43705749511719,129.16606,15.912697,127.43706,7.220669746398926,-0.12527067959308624,335552515,0.17476572503583832,52.0,126.25316462800001,28.8164609473,135.45,[52],85.0,718.0,92.73096311980922,717.2856378576836
900,0,537,-83.16903133130836,96.15679188354625,128.9371337890625,-83.18164,96.06367,128.93713,6.972218990325928,-2.2852628231048584,335626243,0.09397437331076375,340.0,-79.1832048361,99.29259827339999,135.45,[340],472.0,442.0,476.56774440585025,442.5669401916656
901,0,408,75.64244818579755,-101.98950645011064,125.404541015625,75.83668,-101.921074,125.40454,7.159842014312744,0.9313183426856995,335740931,0.2059321695812914,788.0,79.1832048361,-99.29259827339999,135.45,[788],496.0,468.0,494.1236729315739,460.36973398790167
902,0,763,-126.99682499291941,-1.9960375871087308,129.75033569335938,-126.9685,-1.8130693,129.75034,6.921864986419678,3.1245005130767822,335659011,0.1851480046972798,468.0,-127.0,1.55530143492e-14,135.45,[468],529.0,603.0,522.1584965156501,602.1270002832239
903,0,927,89.34416525175038,91.14881472929846,125.77661132812501,89.57503,90.96511,125.77661,7.175501823425293,-0.7967303395271301,335577091,0.29503305460720025,148.0,79.1832048361,99.29259827339999,135.45,"[116, 148]",268.0,1017.0,276.24865823593893,1008.438416626015
904,0,714,-114.55800796502808,54.89381482763565,129.5038604736328,-115.33237,53.142406,129.50386,6.936047554016113,-2.6961135864257812,335642627,1.9149577240387297,404.0,-114.423046224,55.1032348679,135.45,[404],523.0,565.0,593.623198389426,596.6015303588767
905,0,224,10.741003333248955,-129.4761945112955,129.7186279296875,11.026361,-129.4685,129.71863,7.082098960876465,1.4866526126861572,335716355,0.2854616944249517,692.0,-2.37887640734e-14,-129.5,135.45,[692],603.0,1043.0,602.9522195481809,1031.640133329959
906,0,495,62.96173485698091,113.46442622126051,128.46255493164062,63.12828,113.29822,128.46255,7.142634868621826,-1.0655592679977417,335585283,0.23529289375600188,180.0,56.1879442157,116.675468393,135.45,[180],466.0,879.0,473.5583131304202,872.9516256512363
907,0,816,78.27937646247301,100.02555763635246,125.39057922363281,78.25579,99.9919,125.39058,7.1626667976379395,-0.9080893993377686,335577091,0.04110093538707208,148.0,79.1832048361,99.29259827339999,135.45,[148],629.0,564.0,631.3183745180987,565.8468650549202
908,0,355,127.00988677022633,13.995394217439753,125.1268081665039,126.9685,13.70797,125.12681,7.22092866897583,-0.11107578128576279,335544323,0.2903891945402451,20.0,127.0,0.0,135.45,[20],1150.0,600.0,1161.81576869759,602.3954708090531
909,0,541,6.627868956711609,129.47560168950713,129.5375213623047,6.672214,129.4685,129.53752,7.076943874359131,-1.5210248231887817,335601667,0.04490920215693988,244.0,7.92958802448e-15,129.5,135.45,[244],600.0,868.0,601.0240675802851,867.114758268464
909,1,598,-2.830583991089952,133.99179839125907,134.11602783203125,-2.2726445,129.4685,134.11603,7.066096782684326,-1.5933407545089722,335601667,4.557573014512757,244.0,7.92958802448e-15,129.5,135.45,[244],600.0,511.0,781.6719356503626,488.77664035640163
910,0,463,-14.664128731215897,-126.92229045372824,128.1031036376953,-14.893754,-126.83433,128.1031,7.05249547958374,1.6844638586044312,335708163,0.24589675271845224,660.0,-28.2601586125,-123.815844847,135.45,"[660, 692]",481.0,1136.0,477.7421757308707,1145.8411952513643
911,0,488,3.5582486056009657,-129.39757005853608,129.39639282226562,4.144722,-129.4685,129.3964,7.073807239532471,1.541932225227356,335716355,0.5907477570198802,692.0,-2.37887640734e-14,-129.5,135.45,[692],603.0,767.0,606.0971976585574,744.3299442240397
912,0,494,36.506772016080504,121.90704366150021,126.5145492553711,37.02123,121.783875,126.51455,7.11250638961792,-1.2811732292175293,335593475,0.5289956634802738,212.0,28.2601586125,123.815844847,135.45,[212],520.0,952.0,525.6479525800086,931.8645361432201
913,0,915,-128.34860739809392,-19.280230246127758,132.5552520751953,-128.32283,-19.607132,132.55525,6.923487186431885,2.991083860397339,335667203,0.3279164423471538,500.0,-126.25316462800001,-28.8164609473,135.45,[500],970.0,519.0,983.4492280468896,518.182289196244
914,0,209,-127.8840154867712,-21.348546656459803,132.4102783203125,-127.86688,-21.60473,132.41028,6.923861503601074,2.9747767448425293,335667203,0.25675622933356895,500.0,-126.25316462800001,-28.8164609473,135.45,[500],890.0,537.0,900.7165716336078,536.7659656491526
915,0,844,-128.0965114354167,20.379078562487848,132.4698486328125,-128.1846,20.212698,132.46985,6.923616886138916,-2.9852283000946045,335650819,0.18826109197879276,436.0,-126.25316462800001,28.8164609473,135.45,[436],257.0,524.0,264.5047046075139,528.2661277033333
916,0,336,104.66622507882494,-76.31433178851876,127.34883880615234,105.04549,-75.928474,127.34884,7.1923675537109375,0.6286532878875732,335749123,0.5410407487571232,820.0,101.24717697999999,-80.7419293407,135.45,[820],794.0,753.0,779.1039020872495,738.7619239529977
917,0,958,-126.96464295952319,-9.874031898725661,130.0849609375,-126.9685,-9.843482,130.08496,6.92229700088501,3.0625991821289062,335659011,0.030792180048781995,468.0,-127.0,1.55530143492e-14,135.45,[468],208.0,603.0,207.03872405097292,603.4142816190729
918,0,320,-28.74702963744494,123.68343808902682,127.62319946289064,-28.93075,123.63048,127.6232,7.035446643829346,-1.800519585609436,335609859,0.19120123805473413,276.0,-28.2601586125,123.815844847,135.45,[276],594.0,575.0,596.703729681073,582.5251590022026
919,0,431,72.96987148046173,-104.14368571250088,125.64527893066405,72.98008,-104.199135,125.64528,7.156501770019531,0.9582912921905518,335740931,0.05638094540103219,788.0,79.1832048361,-99.29259827339999,135.45,[788],405.0,353.0,407.9565024359641,353.4666657744691
920,0,22,-90.46229481645787,-90.29873544273869,129.7704315185547,-90.49183,-90.23398,129.77043,6.964651107788086,2.3557229042053223,335691779,0.07117411334015622,564.0,-101.24717697999999,-80.7419293407,135.45,"[564, 596]",222.0,1032.0,219.7277559184522,1033.3952865416848
920,1,22,-92.21563064830116,-92.04399684372038,132.28211975097656,-92.25271,-91.970116,132.28212,6.964651107788086,2.3557229042053223,335683587,0.08266311958314679,564.0,-101.24717697999999,-80.7419293407,135.45,"[564, 596]",152.0,961.0,149.9172998791846,963.2618532679533
920,2,22,-92.81932733712165,-92.64487035937054,133.14689636230472,-92.20483,-92.06488,133.1469,6.964651107788086,2.3557229042053223,335683587,0.8449851143977567,564.0,-101.24717697999999,-80.7419293407,135.45,"[564, 596]",149.0,963.0,125.88235925317804,939.1139857151336
921,0,119,-126.97277820548493,-3.214383696205914,129.75074768066403,-126.9685,-3.2646117,129.75075,6.921895503997803,3.1149063110351562,335659011,0.050410045317710546,468.0,-127.0,1.55530143492e-14,135.45,[468],471.0,603.0,473.4246521517628,603.0888717806033
922,0,685,109.63256872037164,-65.0824107570661,125.20623779296875,109.59404,-65.05817,125.20624,7.200339317321777,0.5344027876853943,335757315,0.04552200018816367,852.0,114.423046224,-55.1032348679,135.45,[852],203.0,408.0,202.83296443335587,410.3808998548652
923,0,19,-59.65246749534708,-115.08422957256698,130.9203643798828,-59.459,-115.06525,130.92036,7.001139163970947,2.0476174354553223,335699971,0.19439693255170665,628.0,-56.1879442157,-116.675468393,135.45,[628],666.0,471.0,665.6495528173207,463.4190688141166
924,0,185,28.365991120364924,123.80433738547435,126.44327545166016,28.070024,123.826935,126.443275,7.102895259857178,-1.3469054698944092,335593475,0.29682804765558546,212.0,28.2601586125,123.815844847,135.45,[212],602.0,594.0,601.5397015389743,606.2333003145969
925,0,178,-100.77435254302327,81.30585474851978,131.66297912597656,-100.522865,81.59966,131.66298,6.954047679901123,-2.464108943939209,335634435,0.3867415099545182,372.0,-101.24717697999999,80.7419293407,135.45,[372],636.0,630.0,624.5570163127911,620.9129774790688
926,0,732,109.6446258809192,-65.17579317871423,125.26403045654297,109.41516,-65.42961,125.26403,7.200294017791748,0.5349834561347961,335757315,0.3421661316183551,852.0,114.423046224,-55.1032348679,135.45,[852],188.0,401.0,199.09766756743068,410.86318627676746
927,0,256,88.43503968130244,-91.93279833746055,125.7197036743164,88.64946,-91.703224,125.7197,7.17476224899292,0.8034546375274658,335740931,0.3141342018410759,788.0,79.1832048361,-99.29259827339999,135.45,"[788, 820]",905.0,980.0,896.3919974375773,972.0733938080974
928,0,226,112.87348466047479,-58.06853704233072,124.57757568359375,112.801445,-58.397926,124.577576,7.2048516273498535,0.47382473945617676,335757315,0.33717505072360815,852.0,114.423046224,-55.1032348679,135.45,[852],470.0,537.0,483.38791302277116,540.0175374589912
929,0,744,125.39777721547944,-32.39339828275115,126.89513397216797,125.67142,-31.223688,126.895134,7.217015266418457,0.2514526844024658,335765507,1.2012912688971071,884.0,126.25316462800001,-28.8164609473,135.45,[884],505.0,578.0,458.92250658195394,567.784503499177
930,0,128,-120.46037284302838,-42.70727109381551,130.4035186767578,-120.49734,-42.41724,130.40352,6.930271625518799,2.799501419067383,335675395,0.2923770282822366,532.0,-114.423046224,-55.1032348679,135.45,"[500, 532]",1109.0,359.0,1097.8385509633795,360.5069352388648
930,1,128,-122.88425863783596,-43.562772535922704,133.0261688232422,-122.92549,-43.254383,133.02617,6.930271625518799,2.799501419067383,335667203,0.3111337128316508,532.0,-114.423046224,-55.1032348679,135.45,"[500, 532]",1075.0,261.0,1063.6184932790916,263.5515034465618
931,0,644,-111.35072719750315,-61.55629071158182,129.63348388671875,-111.38868,-61.33156,129.63348,6.940115451812744,2.635216236114502,335675395,0.22791460458340004,532.0,-114.423046224,-55.1032348679,135.45,[532],352.0,723.0,343.87776625272693,724.8927610598741
932,0,399,-16.23349114958546,126.58425252563393,127.99804687499999,-15.596222,126.673996,127.99805,7.050235748291016,-1.6997003555297852,335609859,0.6435572641230327,276.0,-28.2601586125,123.815844847,135.45,[276],716.0,1108.0,712.7363071453573,1083.0666985165817
933,0,613,31.206109663304233,123.12831523528621,126.3920440673828,31.468071,123.051346,126.392044,7.106272220611572,-1.323919653892517,335593475,0.27303483948218166,212.0,28.2601586125,123.815844847,135.45,[212],571.0,730.0,574.4988155314485,719.8380420321693
934,0,447,-104.1548787888787,76.95055558872991,131.74876403808594,-103.292984,78.12605,131.74876,6.950247764587402,-2.5066897869110107,335634435,1.4576201282749026,372.0,-101.24717697999999,80.7419293407,135.45,[372],497.0,520.0,450.3450499211965,485.6919276448514
935,0,209,-127.91455808178216,-21.353601248811174,132.44189453125,-127.83123,-21.76093,132.4419,6.923861503601074,2.9747767448425293,335667203,0.4157637869657957,500.0,-126.25316462800001,-28.8164609473,135.45,[500],884.0,538.0,900.514387939553,535.5442618487143
935,1,367,-130.53938153327363,-34.765402984878165,137.90318298339844,-125.20151,-33.282524,137.90318,6.926795482635498,2.879850149154663,335667203,5.540020597991585,500.0,-126.25316462800001,-28.8164609473,135.45,[500],423.0,644.0,364.04231849687335,430.5513237890557
935,2,971,-135.54051850576252,-25.65263782886177,140.8682403564453,-127.378334,-23.745216,140.86824,6.924419403076172,2.9530491828918457,335667203,8.382094713611846,500.0,-126.25316462800001,-28.8164609473,135.45,[500],804.0,556.0,728.5529247375291,230.50584488949994
935,3,364,-140.2264202951519,-24.771901030915615,145.42019653320312,-127.70868,-22.522558,145.4202,6.924099445343018,2.965197801589966,335667203,12.71823042960617,500.0,-126.25316462800001,-28.8164609473,135.45,[500],853.0,543.0,763.7823966553754,43.069773313924316
935,4,364,-140.32870908832683,-24.789808235829696,145.5262451171875,-127.69105,-22.375134,145.52625,6.924099445343018,2.965197801589966,335667203,12.866279189165624,500.0,-126.25316462800001,-28.8164609473,135.45,[500],859.0,544.0,763.0661084588121,38.978221586927475
935,5,364,-140.55795387384933,-24.829940151699702,145.763916015625,-127.71858,-22.029778,145.76392,6.924099445343018,2.965197801589966,335667203,13.141171062865546,500.0,-126.25316462800001,-28.8164609473,135.45,[500],873.0,543.0,761.4608318240118,29.80843016602762
935,6,364,-140.4760933282114,-24.815609665725788,145.67904663085938,-127.71247,-22.07193,145.67905,6.924099445343018,2.965197801589966,335667203,13.055184150694695,500.0,-126.25316462800001,-28.8164609473,135.45,[500],871.0,543.0,762.0340512629684,33.08285199154511
936,0,196,-125.77848433752479,-30.588234652554092,132.1555938720703,-125.91714,-30.147123,132.1556,6.926009178161621,2.9016306400299072,335667203,0.4623892236961758,500.0,-126.25316462800001,-28.8164609473,135.45,[500],548.0,615.0,531.1290517898362,620.9872116190093
937,0,235,-0.9628878096991684,129.42275594608753,129.47970581054688,0.6071316,129.4685,129.4797,7.068155288696289,-1.5796093940734863,335601667,1.5706858382856115,244.0,7.92958802448e-15,129.5,135.45,[244],600.0,626.0,598.9102378435012,563.4844876120329
938,0,621,119.77814838111954,-43.83244583908527,125.04483032226562,119.7854,-43.895588,125.04483,7.212530612945557,0.3494839072227478,335757315,0.06355717243867574,852.0,114.423046224,-55.1032348679,135.45,[852],1050.0,816.0,1052.831561152589,816.2040862847812
939,0,123,-128.98356374092964,16.968019849555276,132.876220703125,-129.00719,16.60872,132.87622,6.92305850982666,-3.0122013092041016,335650819,0.3600748185533421,436.0,-126.25316462800001,28.8164609473,135.45,[436],113.0,491.0,128.062356090211,492.78403548281517
940,0,333,36.97440893653402,-121.8000206889592,126.53028106689453,37.051083,-121.77706,126.53028,7.11344051361084,1.2747286558151245,335724547,0.08003735660979074,724.0,28.2601586125,-123.815844847,135.45,[724],683.0,953.0,682.6329663216325,950.5700129613607
941,0,621,119.77470065436864,-43.83117896660406,125.04122924804689,119.62502,-44.228626,125.04123,7.212530612945557,0.3494839072227478,335757315,0.4246972777629873,852.0,114.423046224,-55.1032348679,135.45,[852],1036.0,810.0,1052.8822360518375,816.0661772147455
942,0,541,6.626692897596513,129.45322933335456,129.51513671875,6.534733,129.4685,129.51514,7.076943874359131,-1.5210248231887817,335601667,0.09322032168820049,244.0,7.92958802448e-15,129.5,135.45,[244],600.0,863.0,600.1291733341822,867.0677159038602
943,0,779,-41.98114905170951,-120.47174286033987,128.4945526123047,-41.45817,-120.77117,128.49455,7.020569801330566,1.9047472476959229,335708163,0.6026298294496409,660.0,-28.2601586125,-123.815844847,135.45,"[628, 660]",723.0,74.0,735.7640794664053,53.16038243161984
944,0,755,-55.543864402403415,117.00631422218066,130.7346649169922,-56.470905,116.50424,130.73466,7.005407333374023,-2.0153932571411133,335618051,1.0542681851931803,308.0,-56.1879442157,116.675468393,135.45,[308],595.0,590.0,615.2338331672263,627.7631925318633
945,0,261,69.68310278395802,110.14336836300208,128.89334106445312,68.3446,110.78617,128.89334,7.150176525115967,-1.0080760717391968,335585283,1.484854632286681,180.0,56.1879442157,116.675468393,135.45,"[148, 180]",366.0,1088.0,340.71599880008307,1141.8063427303207
946,0,137,-128.73858419749922,-17.77910935600812,132.73550415039062,-128.57419,-18.50586,132.7355,6.923238277435303,3.002950429916382,335667203,0.7451118194193466,500.0,-126.25316462800001,-28.8164609473,135.45,[500],1014.0,509.0,1043.494063651675,502.5832172200319
947,0,214,56.135720445883635,-116.6158758676138,128.26097106933594,57.355442,-116.07827,128.26097,7.135168552398682,1.1208007335662842,335732739,1.332944446718908,756.0,56.1879442157,-116.675468393,135.45,[756],625.0,648.0,604.3837010154482,599.9110492073453
948,0,692,-125.91149569553454,29.882147761840315,132.1246337890625,-126.06679,29.491478,132.12463,6.92572546005249,-2.9099783897399902,335650819,0.4204027853362207,436.0,-126.25316462800001,28.8164609473,135.45,[436],629.0,609.0,644.6274725816126,615.6667572986191
949,0,824,-126.92281484250918,-2.216873954690527,129.67840576171875,-126.9685,-2.2464788,129.6784,6.921869277954102,3.1227526664733887,335659011,0.05443728979405091,468.0,-127.0,1.55530143492e-14,135.45,[468],512.0,603.0,513.3250418123782,605.0874062996331
950,0,893,127.06813742070153,-9.442794681781379,124.76477813720702,126.9685,-9.311229,124.76478,7.221471786499023,0.07285317033529282,335544323,0.16503806279443745,20.0,127.0,0.0,135.45,[20],229.0,600.0,224.28821272874487,604.7254968280612
951,0,755,-55.5410526052292,117.00036974921386,130.72802734375,-55.713192,116.86913,130.72803,7.005407333374023,-2.0153932571411133,335618051,0.21646027796974457,308.0,-56.1879442157,116.675468393,135.45,[308],609.0,620.0,614.9960542485542,627.875664418832
952,0,655,90.27845213088585,-90.4185571412163,125.88977813720703,90.233734,-90.439804,125.88978,7.176798343658447,0.7848382592201233,335740931,0.049508906399480884,788.0,79.1832048361,-99.29259827339999,135.45,"[788, 820]",956.0,1044.0,956.9616452873476,1045.8098917914338
952,1,655,92.07756046719442,-92.22537231224851,128.40199279785156,92.02395,-92.25697,128.402,7.176798343658447,0.7848382592201233,335749123,0.06223218761357408,788.0,79.1832048361,-99.29259827339999,135.45,"[788, 820]",883.0,1115.0,884.689038446059,1117.7742252437763
952,2,256,110.17826935865742,-114.61132467542484,156.6835174560547,87.97794,-92.20891,156.68352,7.17476224899292,0.8034546375274658,352518147,31.539225434879107,789.0,79.1832048361,-99.29259827339999,165.55,"[789, 821]",885.0,953.0,-10.749056080994137,1841.8025809022963
953,0,562,-67.29088097475324,-111.36721764352842,131.57598876953125,-67.73265,-111.08087,131.57599,6.992721080780029,2.1129212379455566,335699971,0.52645475332296,628.0,-56.1879442157,-116.675468393,135.45,"[596, 628]",825.0,140.0,814.3300299788632,157.88252963787045
954,0,967,3.9980263789984747,129.4730664489948,129.48292541503906,4.098526,129.4685,129.48293,7.073902130126953,-1.5413002967834473,335601667,0.10060304665077946,244.0,7.92958802448e-15,129.5,135.45,[244],600.0,765.0,600.9226579597924,761.9210551599386
955,0,416,83.75895879373275,95.6417074473211,125.39350128173828,83.706215,95.645325,125.3935,7.169183731079102,-0.8528673648834229,335577091,0.05286778214684525,148.0,79.1832048361,99.29259827339999,135.45,[148],456.0,782.0,455.9643669568442,785.0301583053096
956,0,718,-53.118865600386926,118.18581337868818,130.73667907714844,-53.068672,118.14267,130.73668,7.008201599121094,-1.9945812225341797,335618051,0.06618729760674574,308.0,-56.1879442157,116.675468393,135.45,[308],660.0,726.0,662.413799427527,724.7631446125229
957,0,919,73.63983699252276,103.7166672672538,125.6742172241211,73.23366,103.99692,125.67422,7.156947612762451,-0.9547169804573059,335577091,0.4934793058467649,148.0,79.1832048361,99.29259827339999,135.45,[148],790.0,364.0,778.9627597541522,380.26528625691014
958,0,649,-126.92696196318457,10.794414585972845,130.1219024658203,-126.9685,10.802601,130.1219,6.922349452972412,-3.0581326484680176,335659011,0.04233528730906604,468.0,-127.0,1.55530143492e-14,135.45,[468],1034.0,603.0,1033.7765834389131,604.9215214726178
959,0,19,-59.56118794759095,-114.90872497079181,130.72056579589844,-59.597485,-114.99856,130.72057,7.001139163970947,2.0476174354553223,335699971,0.09688873654942087,628.0,-56.1879442157,-116.675468393,135.45,[628],669.0,465.0,672.6697368883276,467.0702507243618
960,0,942,5.670701202368946,-129.4551931978874,129.48446655273438,4.6487927,-129.4685,129.48447,7.076251029968262,1.5256465673446655,335716355,1.0219951687214828,692.0,-2.37887640734e-14,-129.5,135.45,[692],603.0,787.0,603.792272084504,828.8280480947589
961,0,688,119.02459287221791,45.285755823526415,124.86524200439453,118.99582,45.53518,124.86524,7.211698532104492,-0.36488547921180725,335560707,0.25107751857602034,84.0,114.423046224,55.1032348679,135.45,[84],219.0,784.0,209.3008382250565,786.0618659287161
962,0,848,117.70207675236088,-48.223715400425135,124.73976135253906,117.70585,-48.213833,124.73976,7.210413455963135,0.38752585649490356,335757315,0.010577912942546414,852.0,114.423046224,-55.1032348679,135.45,[852],877.0,733.0,877.1807786989945,733.161221134435
963,0,246,90.70748661246034,90.01645527756773,125.90576171874999,90.32611,90.366135,125.90576,7.177007675170898,-0.7829099297523499,335577091,0.5174196932239287,148.0,79.1832048361,99.29259827339999,135.45,"[116, 148]",244.0,1047.0,230.9542801667095,1062.9712710544134
963,1,246,92.49850230310403,91.78899224768975,128.38841247558594,92.11839,92.13854,128.38841,7.177007675170898,-0.7829099297523499,335568899,0.5163993382165679,116.0,101.24717697999999,80.7419293407,135.45,"[116, 148]",1057.0,236.0,1043.88251627959,252.05301292416152
964,0,508,-116.73743920478228,49.90777529890329,129.47775268554688,-115.966064,51.826527,129.47775,6.933478355407715,-2.7389614582061768,335642627,2.0680004167160226,404.0,-114.423046224,55.1032348679,135.45,[404],470.0,540.0,394.18161724013146,509.42428076870897
965,0,797,115.45691283839915,-53.06933847820619,124.65836334228517,115.42659,-52.946754,124.65836,7.207836627960205,0.4295245409011841,335757315,0.12627873616719335,852.0,114.423046224,-55.1032348679,135.45,[852],688.0,642.0,683.3558555877522,643.3546645759657
966,0,291,-80.73488553771313,98.04721313609116,128.75987243652344,-80.66673,98.06924,128.75987,6.974937438964844,-2.261026382446289,335626243,0.07162288103625637,340.0,-79.1832048361,99.29259827339999,135.45,[340],553.0,542.0,552.1845945076467,539.932771935475
967,0,843,3.1446616938264924,-129.4721598403073,129.4690399169922,3.1047223,-129.4685,129.46904,7.0733256340026855,1.5451395511627197,335716355,0.040106231896064645,692.0,-2.37887640734e-14,-129.5,135.45,[692],603.0,726.0,603.1136063877079,727.7864677530607
968,0,754,108.81012316481792,-66.60508258333721,125.30526733398438,108.878944,-66.543076,125.30527,7.199263095855713,0.547956109046936,335757315,0.09263494345822705,852.0,114.423046224,-55.1032348679,135.45,"[820, 852]",144.0,380.0,141.92609138251157,377.4830776327167
969,0,736,-47.83895450053387,-120.54210734963999,130.73077392578125,-47.59212,-120.78004,130.73077,7.014664649963379,1.947210669517517,335699971,0.3428369861525015,628.0,-56.1879442157,-116.675468393,135.45,[628],437.0,945.0,447.33444173440034,935.959588606645
970,0,30,127.0137979256424,14.4704560716782,125.18352508544922,126.9685,14.9553795,125.183525,7.220864295959473,-0.11476688086986542,335544323,0.48703468076311285,52.0,126.25316462800001,28.8164609473,135.45,"[20, 52]",47.0,630.0,28.15980497512797,632.4253319056953
970,1,30,129.3695499041969,14.735615941390279,127.50497436523439,129.32414,15.220045,127.504974,7.220864295959473,-0.11476688086986542,335552515,0.48655260363076297,52.0,126.25316462800001,28.8164609473,135.45,[52],58.0,724.0,38.76619976361113,726.6554110478756
970,2,627,129.70842867308238,16.155331594687595,128.00254821777344,129.1926,15.79727,128.00255,7.220669746398926,-0.12527067959308624,335552515,0.6279260553103415,52.0,126.25316462800001,28.8164609473,135.45,[52],81.0,719.0,95.5548258955038,740.2105618032948
971,0,346,-126.91482670609548,26.2599966271664,132.34030151367188,-127.093254,24.994234,132.3403,6.92481803894043,-2.938965082168579,335650819,1.2782766304827844,436.0,-126.25316462800001,28.8164609473,135.45,[436],449.0,568.0,499.741427194656,575.5335168761815
972,0,473,124.94972333796795,34.37950863419246,126.98535919189455,125.09293,33.758198,126.98536,7.216281890869141,-0.2698495090007782,335552515,0.6376020442902495,52.0,126.25316462800001,28.8164609473,135.45,[52],799.0,555.0,824.5219074756984,549.8623483987177
973,0,253,-107.0147751215809,73.31448428478325,132.0319061279297,-106.57528,74.01018,132.0319,6.947232723236084,-2.5423457622528076,335634435,0.8228887163773518,372.0,-101.24717697999999,80.7419293407,135.45,[372],332.0,388.0,304.9021977633299,371.2960743367637
974,0,998,-62.46254847190721,-113.63240382134245,131.0231475830078,-62.60208,-113.55162,131.02315,6.9979567527771,2.0720114707946777,335699971,0.16123075847343157,628.0,-56.1879442157,-116.675468393,135.45,[628],726.0,345.0,723.722582866302,351.0158297517114
974,1,998,-62.51528935371607,-113.72803515315536,131.1334991455078,-62.467983,-113.616196,131.1335,6.9979567527771,2.0720114707946777,335699971,0.12143284516751657,628.0,-56.1879442157,-116.675468393,135.45,[628],724.0,350.0,719.8973295937856,348.90619447935705
974,2,341,-63.119835819583386,-128.27366447043823,144.33303833007812,-56.93274,-116.28183,144.33304,7.003921031951904,2.02655029296875,335699971,13.493860152407523,628.0,-56.1879442157,-116.675468393,135.45,[628],617.0,572.0,138.07215690247062,324.72433584466444
974,3,548,-67.3438781462828,-125.97201268423669,144.30384826660156,-60.22261,-114.69751,144.30385,6.9994916915893555,2.060204029083252,335699971,13.33517413936966,628.0,-56.1879442157,-116.675468393,135.45,[628],681.0,440.0,230.13822835053247,155.7626427766877
974,4,951,-62.006667266578006,-127.79442100185042,143.38986206054688,-56.16249,-116.70826,143.38986,7.004656791687012,2.0210182666778564,335699971,12.532253311563132,628.0,-56.1879442157,-116.675468393,135.45,[628],600.0,603.0,157.24189564598305,369.25107796487964
975,0,318,-26.16361016753217,124.29929343468939,127.61104583740236,-25.785608,124.348335,127.611046,7.038486957550049,-1.7796101570129395,335609859,0.381169935091962,276.0,-28.2601586125,123.815844847,135.45,[276],623.0,700.0,621.3379435075757,685.8619377987134
976,0,245,95.54159906918721,-87.9739389612223,127.88258361816406,95.02815,-88.489815,127.88258,7.181258201599121,0.7428279519081116,335749123,0.7278428762585812,820.0,101.24717697999999,-80.7419293407,135.45,[820],292.0,353.0,312.7196151791077,373.77688356748877
977,0,733,116.86229700915283,-49.903654837027716,124.63095092773438,116.951675,-49.77988,124.63095,7.209537506103516,0.4022665321826935,335757315,0.15267147763435482,852.0,114.423046224,-55.1032348679,135.45,[852],814.0,703.0,809.9832012348912,699.5700314061128
978,0,179,-96.0544417189958,87.35776153570623,131.91595458984375,-95.17432,88.30653,131.91595,6.9596710205078125,-2.4049742221832275,335634435,1.2941365465828563,372.0,-101.24717697999999,80.7419293407,135.45,[372],904.0,844.0,866.6332878002493,809.7094104401674
979,0,77,60.03977612543531,114.85610210248706,128.3636474609375,59.828373,114.88737,128.36365,7.139290809631348,-1.090484857559204,335585283,0.21370261975758215,180.0,56.1879442157,116.675468393,135.45,[180],530.0,747.0,529.225348379482,756.0732763894123
980,0,800,42.937518189406546,-120.36690104122681,126.9118423461914,42.504505,-120.53236,126.91184,7.120332717895508,1.2267996072769165,335724547,0.46354688649141534,756.0,56.1879442157,-116.675468393,135.45,"[724, 756]",447.0,54.0,454.34269407092756,71.98295894826174
980,1,800,43.75642539130058,-122.67253700313995,129.34165954589844,43.30528,-122.84447,129.34166,7.120332717895508,1.2267996072769165,335732739,0.4827973141214723,756.0,56.1879442157,-116.675468393,135.45,"[724, 756]",355.0,86.0,362.11725559440197,104.73924702402314
981,0,603,126.96306744340836,13.412040006383904,125.01862335205077,126.9685,13.384667,125.01862,7.221004486083984,-0.10657302290201187,335544323,0.027906150077755043,20.0,127.0,0.0,135.45,[20],1137.0,600.0,1138.4816002553562,600.5226977363344
982,0,751,-7.4621601857215865,129.51890140108162,129.92510986328125,-8.399336,129.4685,129.92511,7.060651779174805,-1.6297252178192139,335601667,0.9385296784565063,244.0,7.92958802448e-15,129.5,135.45,[244],600.0,266.0,602.7560560432647,303.51359257113626
983,0,13,25.542656963007175,-124.3895759015486,126.46864318847656,25.729328,-124.36118,126.46864,7.099940776824951,1.3669261932373047,335724547,0.18881811755383493,724.0,28.2601586125,-123.815844847,135.45,[724],580.0,500.0,579.0507578180564,493.299934020287
984,0,274,101.02059397294579,-81.04102294433687,127.4019012451172,101.50468,-80.368515,127.4019,7.1880669593811035,0.6747435331344604,335749123,0.8286151804005746,820.0,101.24717697999999,-80.7419293407,135.45,[820],616.0,612.0,590.0362558545248,592.9366797178318
985,0,955,82.99765204074356,-96.18758257568334,125.31666564941406,83.25535,-96.00488,125.316666,7.168642520904541,0.8575470447540283,335740931,0.3158900391459831,788.0,79.1832048361,-99.29259827339999,135.45,[788],733.0,764.0,726.200627908666,754.5778881857422
985,1,344,226.81264301684678,-65.00702488540992,231.20606994628906,124.865364,-34.755257,231.20607,7.215997219085693,0.2766762971878052,386097155,106.34104177082364,887.0,126.25316462800001,-28.8164609473,225.75,[887],364.0,546.0,-845.6225575243968,4624.379135553871
985,2,43,195.52207812140114,-241.98673073155442,307.0238952636719,81.676765,-97.26376,307.0239,7.165077209472656,0.8879478573799133,436404227,184.1344413311024,794.0,79.1832048361,-99.29259827339999,316.05,[794],683.0,701.0,-5105.765298326177,5255.554931412045
985,3,160,377.96675189333655,-117.94199483493867,388.0408630371094,124.36441,-36.950073,388.04086,7.215046405792236,0.2983529567718506,469983235,266.2214096837276,892.0,126.25316462800001,-28.8164609473,376.25,[892],276.0,526.0,-2963.0213555055466,10670.54349061346
985,4,882,270.125265514318,-363.7937250363175,447.4685363769531,80.17386,-98.46229,447.46854,7.160327911376953,0.9273514747619629,503513091,326.31627066984265,798.0,79.1832048361,-99.29259827339999,436.45000000000005,[798],635.0,641.0,-9978.0450705167,8239.68242712872
986,0,725,-68.13624361305119,-108.00441479175424,129.1764373779297,-68.26271,-107.96111,129.17644,6.99029541015625,2.132232189178467,335691779,0.13367474992355885,596.0,-79.1832048361,-99.29259827339999,135.45,"[596, 628]",255.0,1038.0,253.5273392658297,1043.8784489219522
986,1,725,-69.52614493555302,-110.20077086931633,131.8056640625,-69.665054,-110.15027,131.80566,6.99029541015625,2.132232189178467,335699971,0.14780494317996892,596.0,-79.1832048361,-99.29259827339999,135.45,"[596, 628]",167.0,982.0,165.67309616334626,988.2823960218792
987,0,736,-47.87577902040357,-120.63452162284375,130.8310546875,-47.86375,-120.64922,130.83105,7.014664649963379,1.947210669517517,335699971,0.01899543216148485,628.0,-56.1879442157,-116.675468393,135.45,[628],443.0,934.0,443.63787080625,934.4866078118571
988,0,723,128.50108809410995,18.956367807477363,127.20900726318361,128.47223,18.952564,127.20901,7.2201948165893555,-0.14781203866004944,335552515,0.029108662228426407,52.0,126.25316462800001,28.8164609473,135.45,[52],207.0,690.0,207.5962744070945,691.9169386443974
989,0,627,129.17681289615211,16.089848078467185,127.47801208496092,129.12752,16.08154,127.47801,7.220669746398926,-0.12527067959308624,335552515,0.04999054479943715,52.0,126.25316462800001,28.8164609473,135.45,[52],92.0,716.0,92.93548524668736,718.9459307260842
990,0,40,126.85985860382425,-26.17065703539265,126.88156127929689,126.85541,-26.036308,126.88156,7.2187323570251465,0.20209604501724243,335765507,0.13442245416744894,884.0,126.25316462800001,-28.8164609473,135.45,[884],713.0,626.0,707.8321564762939,626.2677590329696
991,0,14,-87.61739760467754,-92.61285242061058,129.38308715820312,-88.55156,-91.781296,129.38309,6.967662334442139,2.3271121978759766,335691779,1.2506577479700196,596.0,-79.1832048361,-99.29259827339999,135.45,"[564, 596]",902.0,227.0,869.1898341115763,264.6322892568986
992,0,931,-111.01823059999515,62.11895353713044,129.61291503906253,-111.495895,61.10893,129.61292,6.940284729003906,-2.6328306198120117,335642627,1.1172796689799118,404.0,-114.423046224,55.1032348679,135.45,[404],842.0,719.0,882.6287467692174,738.192624960194
992,1,395,-134.9540161619807,66.85095565770462,153.51797485351562,-113.93641,56.04114,153.51797,6.936863422393799,-2.683291435241699,352419843,23.634548712990497,405.0,-114.423046224,55.1032348679,165.55,[405],639.0,621.0,1071.9088315921845,-219.23879751922755
993,0,932,-16.427904042247974,-126.43074144710499,127.86750793457031,-15.694216,-126.65163,127.86751,7.05039119720459,1.6986521482467651,335708163,0.7662171488334587,660.0,-28.2601586125,-123.815844847,135.45,[660],488.0,1104.0,497.4041359958005,1075.2901828100812
994,0,577,-75.36694212832663,102.36956993656713,128.7568359375,-75.47172,102.21212,128.75684,6.9812235832214355,-2.2067880630493164,335626243,0.18912539078883617,340.0,-79.1832048361,99.29259827339999,135.45,[340],718.0,750.0,725.0788665266856,754.6505083109349
995,0,22,-90.38587089236898,-90.22265923471423,129.66094970703125,-90.28996,-90.394966,129.66095,6.964651107788086,2.3557229042053223,335691779,0.19720048889848077,596.0,-79.1832048361,-99.29259827339999,135.45,"[564, 596]",957.0,157.0,964.7975615474303,153.89335774924064
995,1,22,-92.17871085345905,-92.0072489880622,132.22923278808594,-92.08955,-92.17471,132.22923,6.964651107788086,2.3557229042053223,335683587,0.18972236350315838,564.0,-101.24717697999999,-80.7419293407,135.45,"[564, 596]",144.0,968.0,151.3872141055117,964.7386450616375
996,0,387,70.32450417647487,106.42473292327486,126.1045913696289,70.13773,106.46583,126.10459,7.152724742889404,-0.9882100820541382,335577091,0.1912383363368181,148.0,79.1832048361,99.29259827339999,135.45,"[148, 180]",888.0,240.0,887.2853859949947,247.65197361499474
997,0,99,21.603294606728014,-125.27560427549906,126.69171142578126,21.690323,-125.28306,126.69171,7.095233917236328,1.3986859321594238,335724547,0.08734689541998618,724.0,28.2601586125,-123.815844847,135.45,[724],543.0,339.0,543.6096228600377,335.72543976912056
998,0,227,-61.675125848276366,114.05437339475247,131.00665283203125,-61.662964,114.003876,131.00665,6.998489856719971,-2.067901134490967,335618051,0.0519415795376032,308.0,-56.1879442157,116.675468393,135.45,[308],495.0,382.0,497.15620007009875,382.51273469694524
999,0,169,-108.20208697630005,-72.119234927035,132.36753845214844,-108.129745,-72.060936,132.36754,6.9464192390441895,2.5522851943969727,335683587,0.09290887743424527,564.0,-101.24717697999999,-80.7419293407,135.45,[564],949.0,326.0,946.9077765466,323.8036001479975
