hit_index,sensor_hit_index,track_index,x_intersect,y_intersect,z_intersect,x_hit,y_hit,z_hit,pT,phi0,cellID,distance,matched_sensor_id,sensor_x_mm,sensor_y_mm,sensor_z_mm,candidate_sensor_ids,hit_row,hit_col,expected_row,expected_col
0,0,213,107.81572481741114,-71.82575604649855,127.272705078125,108.29622,-71.85219,127.272705,0.7197802662849426,0.5741732120513916,335749123,0.4812205217593529,820.0,101.24717697999999,-80.7419293407,135.45,[820],957.0,883.0,958.6469317680576,864.7419134964457
1,0,383,112.63062745462048,57.765342504437285,124.23692321777344,113.03106,57.921127,124.23692,0.7204633951187134,-0.48707115650177,335560707,0.4296679455420429,84.0,114.423046224,55.1032348679,135.45,[84],714.0,546.0,708.4843054614913,530.303249224819
2,0,876,87.4842127650918,-90.69526231796908,124.15977478027344,88.23814,-92.03124,124.159775,0.7176783084869385,0.7902485132217407,335740931,1.5340284823692139,788.0,79.1832048361,-99.29259827339999,135.45,"[788, 820]",892.0,964.0,945.8934382172362,934.0403171596716
3,0,511,-23.426313081213266,125.51438565933279,128.25167846679688,-23.704296,124.82338,128.25168,0.7039867639541626,-1.7689188718795776,335609859,0.7448248483578723,276.0,-28.2601586125,123.815844847,135.45,[276],642.0,784.0,669.9416324933117,795.3538212514695
4,0,8,39.39288046833735,121.61044255773436,127.06022644042969,39.49399,121.21948,127.06023,0.7114206552505493,-1.2710121870040894,335593475,0.4038234016228404,212.0,28.2601586125,123.815844847,135.45,[212],498.0,1051.0,513.7839084293745,1047.3088742334942
5,0,830,-63.36719610455111,-112.77049374801436,130.71014404296875,-63.433365,-113.1513,130.71014,0.6997954845428467,2.068875789642334,335699971,0.38651077849298715,628.0,-56.1879442157,-116.675468393,135.45,[628],742.0,312.0,758.1989857994256,314.8299244459554
6,0,19,127.56844376324239,12.563073020613047,125.51477813720703,126.9685,13.13724,125.51478,0.722174346446991,-0.11147736012935638,335544323,0.8304232858881896,20.0,127.0,0.0,135.45,[20],1127.0,600.0,1104.5229208245219,624.7377505296953
7,0,348,108.9403676596653,-65.13279399890735,124.62701416015625,109.39057,-65.48067,124.627014,0.7201733589172363,0.5256373286247253,335757315,0.5689457681437078,852.0,114.423046224,-55.1032348679,135.45,[852],186.0,400.0,200.81763475970604,382.6928574266117
8,0,923,30.950460089173248,-123.39381077009284,126.55421447753906,30.843475,-123.19391,126.554214,0.7108268737792969,1.3116166591644287,335724547,0.22673018597973776,724.0,28.2601586125,-123.815844847,135.45,[724],626.0,705.0,618.8813630762866,709.6120590669299
9,0,466,-118.5482004902558,47.30475422969357,130.22706604003906,-118.387726,46.797897,130.22707,0.6930697560310364,-2.7757320404052734,335642627,0.531654045726474,404.0,-114.423046224,55.1032348679,135.45,[404],269.0,443.0,290.0607744717428,436.99382934976825
10,0,636,79.69921335492381,99.49339152709126,125.84519958496094,79.90059,98.680214,125.8452,0.7163082957267761,-0.9087631702423096,335577091,0.8377409822881603,148.0,79.1832048361,99.29259827339999,135.45,[148],577.0,630.0,610.0317301476508,622.6403407529523
11,0,303,-14.284549829427306,-127.52291078255217,128.62144470214844,-14.23265,-126.98522,128.62144,0.7054739594459534,1.6687045097351074,335708163,0.5401879183748926,660.0,-28.2601586125,-123.815844847,135.45,"[660, 692]",475.0,1163.0,453.71736257791326,1161.024351322908
11,1,16,-14.729267113197238,-130.02374918720278,131.16517639160156,-14.648276,-129.4685,131.16518,0.7054593563079834,1.669684648513794,335716355,0.5611191141064332,692.0,-2.37887640734e-14,-129.5,135.45,"[660, 692]",603.0,16.0,581.0500325118892,12.829315472111418
12,0,538,-111.25680097966006,-60.69932098927393,129.1378173828125,-111.70069,-60.683666,129.13782,0.693987250328064,2.628453254699707,335675395,0.444166207373067,532.0,-114.423046224,-55.1032348679,135.45,[532],378.0,710.0,378.1565551450427,728.6498097735978
12,1,403,-140.11923345348941,-93.38485377243342,171.40081787109375,-108.4432,-71.667885,171.40082,0.6947110295295715,2.535548448562622,352460803,38.40570125513616,565.0,-101.24717697999999,-80.7419293407,165.55,[565],964.0,314.0,96.2830227306631,-952.882258939577
12,2,771,-174.57717499855153,-91.29670229391832,200.7685089111328,-112.318405,-59.400963,200.76851,0.693915843963623,2.6384522914886475,369229827,69.95350326367502,534.0,-114.423046224,-55.1032348679,195.65,[534],430.0,686.0,-845.7386970407327,-1804.165150982061
12,3,263,-173.80480064046742,-110.77750001894356,209.8418731689453,-108.609215,-71.4597,209.84187,0.6945759057998657,2.5518922805786133,369238019,76.13378811485028,566.0,-101.24717697999999,-80.7419293407,195.65,[566],973.0,307.0,-599.4228271297425,-2300.304946418697
12,4,403,-172.34502092271214,-113.83945093582452,210.25123596191406,-108.30103,-71.846146,210.25124,0.6947110295295715,2.535548448562622,369238019,76.5837455142948,566.0,-101.24717697999999,-80.7419293407,195.65,[566],957.0,319.0,-721.9008638049809,-2241.9137577084857
12,5,403,-174.1776427165605,-114.99150244201292,212.4545135498047,-107.04334,-73.42324,212.45451,0.6947110295295715,2.535548448562622,386015235,78.96160231961927,567.0,-101.24717697999999,-80.7419293407,225.75,[567],894.0,370.0,-767.9829240525169,-2315.2186294624207
12,6,251,-190.49231063461548,-118.03319900170709,228.19020080566406,-108.0788,-68.204605,228.1902,0.6944885849952698,2.562666893005371,386007043,96.30615816580206,567.0,-101.24717697999999,-80.7419293407,225.75,"[535, 567]",1103.0,328.0,-889.6507864402838,-2967.8053461846193
12,7,155,-200.3926153625598,-123.98347816104979,239.95187377929685,-107.83451,-68.62596,239.95187,0.694493293762207,2.5620837211608887,386007043,107.84923454632278,567.0,-101.24717697999999,-80.7419293407,225.75,"[535, 567]",1086.0,338.0,-1127.6619528139918,-3363.8175353023926
12,8,863,-110.91335113921696,-60.766736234074415,128.86135864257812,-111.48417,-61.133278,128.86136,0.6939998269081116,2.626713991165161,335675395,0.6783699766441926,532.0,-114.423046224,-55.1032348679,135.45,[532],360.0,719.0,375.4599453530233,742.3878033913218
12,9,719,-111.66744602915651,-60.316752765358615,129.32516479492188,-111.84707,-60.494946,129.32516,0.6939572691917419,2.632629156112671,335675395,0.25301579987825146,532.0,-114.423046224,-55.1032348679,135.45,[532],386.0,705.0,393.45928410165527,712.2240077937397
13,0,508,117.72019434196227,48.940042292687394,125.03514862060547,117.878334,47.855648,125.03515,0.720999002456665,-0.4072563648223877,335560707,1.0958645260226518,84.0,114.423046224,55.1032348679,135.45,[84],312.0,740.0,355.4722969914957,733.8859247184905
14,0,636,79.2284024244168,98.921374378378,125.11386108398439,78.23212,100.01077,125.11386,0.7163082957267761,-0.9087631702423096,335577091,1.476270287058039,148.0,79.1832048361,99.29259827339999,135.45,[148],630.0,563.0,587.1510441991205,603.8079035326717
15,0,902,-126.78083185177286,-8.777333795334926,129.83424377441406,-126.9685,-8.742803,129.83424,0.6921519041061401,3.058699607849121,335659011,0.19081685351175165,468.0,-127.0,1.55530143492e-14,135.45,[468],252.0,603.0,250.90664818660235,610.7667259290861
16,0,11,-5.6311594135859195,129.67190857260502,129.98611450195312,-5.3939524,129.4685,129.98611,0.7060847282409668,-1.6279823780059814,335601667,0.3124737515747556,244.0,7.92958802448e-15,129.5,135.45,[244],600.0,386.0,608.8763429042007,376.75362345656293
17,0,814,128.63509740700954,-17.01191819795622,127.05379486083983,128.92683,-16.960812,127.053795,0.722162663936615,0.11801031976938248,335765507,0.2961793116004864,884.0,126.25316462800001,-28.8164609473,135.45,[884],1076.0,708.0,1074.1817099737511,697.2773111603811
18,0,377,126.64478815987601,7.551638692726556,124.21675109863281,126.9685,7.1981616,124.21675,0.7222297787666321,-0.07273315638303757,335544323,0.4793060224337002,20.0,127.0,0.0,135.45,[20],889.0,600.0,904.0655477090622,587.7915263950405
19,0,6,127.32664403374963,-21.519198244839572,126.45719146728517,127.94897,-21.245098,126.45719,0.7220866680145264,0.15401287376880646,335765507,0.6800123021859283,884.0,126.25316462800001,-28.8164609473,135.45,[884],904.0,669.0,893.8905080984171,644.9391762299848
20,0,480,-19.29554585765527,126.94583732405283,128.88624572753906,-19.273615,125.834656,128.88625,0.7044824361801147,-1.735310435295105,335609859,1.1113979629736568,276.0,-28.2601586125,123.815844847,135.45,[276],682.0,961.0,727.1996990821134,960.5845101937894
21,0,720,-15.529242180364236,-126.22719267007358,127.50674438476562,-15.765752,-126.6353,127.506744,0.7053098678588867,1.6796832084655762,335708163,0.4716864977565509,660.0,-28.2601586125,-123.815844847,135.45,[660],489.0,1101.0,505.5460870770571,1111.2366572854307
22,0,301,-68.74434213919812,-106.23286832058056,128.00819396972656,-69.68235,-106.82899,128.0082,0.6989926695823669,2.1315598487854004,335691779,1.1114030185045993,596.0,-79.1832048361,-99.29259827339999,135.45,"[596, 628]",300.0,982.0,324.38919811277685,1019.554507876075
23,0,590,-129.28180790006638,-18.848832197163574,133.45008850097656,-128.3368,-19.545858,133.45009,0.6922858953475952,2.982661724090576,335667203,1.174253690976098,500.0,-126.25316462800001,-28.8164609473,135.45,[500],972.0,518.0,1000.705150005457,480.85426911734544
24,0,419,72.54555707386135,104.29403970931435,125.56274414062499,72.64768,104.46421,125.562744,0.7154680490493774,-0.9763563275337219,335577091,0.1984631976633873,148.0,79.1832048361,99.29259827339999,135.45,[148],808.0,340.0,802.0576574365742,336.4940895104536
24,1,540,72.37618153426092,115.16268123472219,134.54811096191406,67.96662,110.96819,134.54811,0.7148532271385193,-1.023977279663086,335585283,6.085881339927993,180.0,56.1879442157,116.675468393,135.45,"[148, 180]",373.0,1073.0,541.4885136688872,1249.5294927424368
24,2,540,75.21518785717763,119.53485295389419,139.7046661376953,67.584854,111.15205,139.70467,0.7148532271385193,-1.023977279663086,335585283,11.335494777999761,180.0,56.1879442157,116.675468393,135.45,"[148, 180]",381.0,1057.0,716.3753824357673,1363.089745659105
25,0,379,118.37937949317848,-47.952071048722246,125.22883605957033,117.87282,-47.86711,125.228836,0.7212094068527222,0.371587872505188,335757315,0.5136367667554075,852.0,114.423046224,-55.1032348679,135.45,[852],891.0,739.0,888.04655276711,760.2533307671388
26,0,913,-114.62858099540858,-54.51172638060598,129.4044952392578,-114.063324,-55.777603,129.4045,0.6936074495315552,2.683969497680664,335675395,1.386347537008954,532.0,-114.423046224,-55.1032348679,135.45,[532],575.0,616.0,625.6603394917607,593.7786091436567
27,0,932,-124.48408712789978,-41.878453222032476,134.03070068359375,-123.489044,-40.785313,134.0307,0.692932665348053,2.802854061126709,335667203,1.4781971295866443,500.0,-126.25316462800001,-28.8164609473,135.45,"[500, 532]",123.0,712.0,79.52030901070088,672.7631000040094
28,0,581,74.860470945403,-101.80856008304772,124.780517578125,75.44769,-102.231285,124.78052,0.7161281704902649,0.9235307574272156,335740931,0.7235509836380927,788.0,79.1832048361,-99.29259827339999,135.45,[788],484.0,452.0,501.3615276140905,429.0906443721195
28,1,581,74.82484268736744,-101.75873874884746,124.72003936767578,75.45501,-102.22545,124.72004,0.7161281704902649,0.9235307574272156,335740931,0.7841736127276899,788.0,79.1832048361,-99.29259827339999,135.45,[788],484.0,452.0,503.3543809821009,427.6655140506972
29,0,891,-56.2815814767273,116.48322903188114,130.63938903808594,-56.261955,116.604866,130.63939,0.7002450823783875,-2.0347485542297363,335618051,0.12321017457452813,308.0,-56.1879442157,116.675468393,135.45,[308],599.0,599.0,594.3104255552453,598.254509558908
30,0,370,-35.50113797216727,122.20028987566184,128.0796661376953,-35.8314,122.05545,128.07967,0.7025626301765442,-1.867114543914795,335609859,0.36062816686571214,276.0,-28.2601586125,123.815844847,135.45,[276],531.0,299.0,537.3778011464736,312.3608256133093
31,0,294,-115.01906864929788,56.4081698662103,130.62254333496094,-114.049225,55.806885,130.62254,0.6935085654258728,-2.6994893550872803,335642627,1.141113824472916,404.0,-114.423046224,55.1032348679,135.45,[404],630.0,616.0,654.1973999324119,578.1591029880849
32,0,459,19.93061604619379,-125.5923294704894,126.73583984375,20.330778,-125.59336,126.73584,0.7095165848731995,1.3999733924865723,335724547,0.4001634050244472,724.0,28.2601586125,-123.815844847,135.45,[724],530.0,284.0,530.9406150604241,268.81829734775164
33,0,730,127.11911928571885,21.501984318758332,126.26621246337892,127.89916,21.463324,126.26621,0.7220168113708496,-0.18095482885837555,335552515,0.781000476378258,52.0,126.25316462800001,28.8164609473,135.45,[52],307.0,667.0,309.4209348583332,636.6381863087537
34,0,237,-88.70091265715564,91.68388682649947,129.52853393554688,-88.870575,91.526886,129.52853,0.6964300870895386,-2.353397846221924,335626243,0.23115916124039018,340.0,-79.1832048361,99.29259827339999,135.45,"[340, 372]",291.0,214.0,297.6515421239793,221.2916871577744
35,0,237,-88.68064189384086,91.66235013945698,129.49850463867188,-88.8929,91.50909,129.4985,0.6964300870895386,-2.353397846221924,335626243,0.26180642075672234,340.0,-79.1832048361,99.29259827339999,135.45,"[340, 372]",290.0,213.0,296.79007464227936,222.10251769036574
36,0,382,40.51936419569847,-120.33126665337022,126.1056137084961,40.664906,-120.95223,126.10561,0.7119759917259216,1.2326147556304932,335724547,0.6377936148244695,724.0,28.2601586125,-123.815844847,135.45,[724],716.0,1098.0,741.3831277451914,1092.368223327939
37,0,750,117.56913052339087,46.50927428039631,123.98361968994142,118.03581,47.528652,123.98362,0.7211039066314697,-0.38985008001327515,335560707,1.1211258976194574,84.0,114.423046224,55.1032348679,135.45,[84],299.0,746.0,258.2415764998524,727.8433719756345
38,0,24,66.99980279283,-111.4670658387322,128.62916564941406,66.95795,-111.45394,128.62917,0.7149581909179688,1.015945315361023,335732739,0.04386545750897752,756.0,56.1879442157,-116.675468393,135.45,"[756, 788]",810.0,1032.0,810.3361021707121,1034.4743430851997
39,0,934,125.66336519391211,33.915710051661335,127.53575897216795,124.96314,34.32685,127.53576,0.7216771245002747,-0.27713966369628906,335552515,0.812002929769476,52.0,126.25316462800001,28.8164609473,135.45,[52],822.0,550.0,805.9699641744534,578.4080226364841
40,0,750,119.0819705831318,47.0845583735163,125.5707321166992,118.47437,46.61797,125.57073,0.7211039066314697,-0.38985008001327515,335560707,0.7660810357844917,84.0,114.423046224,55.1032348679,135.45,[84],262.0,764.0,281.252940224652,788.356974365272
41,0,197,6.346314119548879,-129.45804539834202,129.4738006591797,6.2728887,-129.4685,129.4738,0.7078920602798462,1.5080806016921997,335716355,0.07416683417611411,692.0,-2.37887640734e-14,-129.5,135.45,[692],603.0,852.0,603.6781840663195,855.8525647819562
42,0,544,126.27441578840876,-27.768435118627167,126.63695526123048,126.49278,-27.625082,126.636955,0.7219511866569519,0.20302826166152954,335765507,0.2612167170833374,884.0,126.25316462800001,-28.8164609473,135.45,[884],649.0,611.0,643.9210331469133,602.85004641635
43,0,870,125.5090388616643,35.416020426536306,127.78995513916017,124.753494,35.24537,127.789955,0.7216274738311768,-0.28858235478401184,335552515,0.7745770232254392,52.0,126.25316462800001,28.8164609473,135.45,[52],859.0,542.0,865.9823791694522,572.2349693465713
44,0,963,-81.28344279503335,97.68456584943897,128.8816375732422,-80.63259,98.096466,128.88164,0.6972426772117615,-2.2784769535064697,335626243,0.7702399132601453,340.0,-79.1832048361,99.29259827339999,135.45,[340],554.0,544.0,537.6787030415591,517.9904816426659
45,0,485,-78.092087784049,-99.83802905564426,128.42704772949216,-77.26004,-100.78598,128.42705,0.6979043483734131,2.2209596633911133,335691779,1.2613145771004952,596.0,-79.1832048361,-99.29259827339999,135.45,[596],542.0,678.0,580.1827687102292,645.64468208204
46,0,368,-115.4552152180836,53.36323077181805,129.71519470214844,-115.35659,53.092106,129.7152,0.6933684945106506,-2.7223992347717285,335642627,0.2885057972132192,404.0,-114.423046224,55.1032348679,135.45,[404],521.0,564.0,532.399836156722,560.7132402366562
47,0,929,76.01885719346183,102.04516023029146,125.69292449951172,76.36925,101.49637,125.692924,0.7158769369125366,-0.9438648223876953,335577091,0.6511111935943101,148.0,79.1832048361,99.29259827339999,135.45,[148],690.0,489.0,712.1024782756587,475.4260942944728
48,0,595,99.43527451603995,83.92229632588487,128.06146240234375,98.85817,83.687126,128.06146,0.7184764742851257,-0.7145770788192749,335568899,0.6231814682489722,116.0,101.24717697999999,80.7419293407,135.45,[116],719.0,506.0,729.2146794073949,529.5239014415984
49,0,385,122.84426426814412,39.39636290180351,126.44370269775389,123.89545,39.004726,126.4437,0.721462607383728,-0.32375070452690125,335552515,1.1217681620674769,52.0,126.25316462800001,28.8164609473,135.45,[52],1009.0,507.0,1025.1960781801404,465.6439856057642
50,0,241,-127.03220432664222,13.40545569742244,130.49966430664062,-126.9685,13.321437,130.49966,0.6921625733375549,-3.050295352935791,335659011,0.10544016356998832,468.0,-127.0,1.55530143492e-14,135.45,[468],1134.0,603.0,1138.218227896897,600.7118269343118
51,0,516,127.2469622261475,26.771571891235908,127.3732223510742,126.64896,26.94084,127.37322,0.721892774105072,-0.2208762913942337,335552515,0.6215003644642434,52.0,126.25316462800001,28.8164609473,135.45,[52],526.0,617.0,520.2044377574363,641.7519039258997
52,0,741,57.14515872874745,-116.56458859698114,128.60202026367188,57.00126,-116.24883,128.60202,0.7138181924819946,1.1013431549072266,335732739,0.34699994220268826,756.0,56.1879442157,-116.675468393,135.45,[756],619.0,634.0,606.4351918407544,640.2885805218978
53,0,790,127.55991083704293,-22.617917347251023,126.86934661865236,127.17262,-24.646477,126.86935,0.7220670580863953,0.16203166544437408,335765507,2.0651986220999414,884.0,126.25316462800001,-28.8164609473,135.45,[884],768.0,638.0,849.941744001959,654.269848361717
54,0,993,94.4457809890996,-89.2874402287398,127.97086334228517,94.406944,-89.26879,127.97086,0.7181761860847473,0.7437570095062256,335749123,0.04308220850801916,820.0,101.24717697999999,-80.7419293407,135.45,[820],260.0,328.0,260.1795644784079,329.94416036398434
55,0,301,-69.062232598224,-106.70972772171035,128.58795166015625,-68.71029,-107.60418,128.58795,0.6989926695823669,2.1315598487854004,335691779,0.9612013672871451,596.0,-79.1832048361,-99.29259827339999,135.45,"[596, 628]",269.0,1020.0,305.3148220675854,1006.83888951504
56,0,738,-127.82860900281455,-3.418430382065708,130.64859008789062,-126.9685,-3.3355153,130.64859,0.6921137571334839,3.100999355316162,335659011,0.8640980609264886,468.0,-127.0,1.55530143492e-14,135.45,[468],468.0,603.0,465.26278471737106,568.8556398874186
57,0,705,114.16385820099822,56.535267453413326,125.02001190185547,114.1181,55.663857,125.02001,0.7205637097358704,-0.4730699360370636,335560707,0.8726113536861858,84.0,114.423046224,55.1032348679,135.45,[84],624.0,589.0,659.2813034205329,591.6324790799285
58,0,994,-39.453443214370964,-120.54362976746074,127.67687225341795,-38.383644,-121.472916,127.67687,0.702470600605011,1.8735612630844116,335708163,1.417054122798387,660.0,-28.2601586125,-123.815844847,135.45,[660],695.0,197.0,732.8886031815705,154.2686159251616
59,0,192,76.2168020947488,-101.42088161203083,125.24994659423828,76.238686,-101.60049,125.24995,0.7162561416625977,0.9130573868751526,335740931,0.18093340117999632,788.0,79.1832048361,-99.29259827339999,135.45,[788],509.0,484.0,516.8686664547664,483.34389034595176
60,0,159,116.17005233338114,49.57182885270231,123.88435363769531,116.94371,49.796417,123.88435,0.7209417223930359,-0.4164646565914154,335560707,0.8055970663921895,84.0,114.423046224,55.1032348679,135.45,[84],389.0,702.0,380.74375939209233,671.8802443752452
61,0,963,-81.60515654598703,98.0821684150128,129.40032958984375,-79.96142,98.6317,129.40033,0.6972426772117615,-2.2784769535064697,335626243,1.7331645455018558,340.0,-79.1832048361,99.29259827339999,135.45,[340],575.0,570.0,553.5828056645124,505.12193160451886
62,0,420,-86.30995220798786,94.36875899981442,129.7954864501953,-85.48579,94.226166,129.79549,0.6967270970344543,-2.325387954711914,335626243,0.8364102134745762,340.0,-79.1832048361,99.29259827339999,135.45,[340],399.0,349.0,405.04642905657704,316.9301051244855
63,0,645,-127.77612296208099,-22.297096313926886,132.47476196289062,-127.808914,-21.858707,132.47476,0.6923559904098511,2.954779863357544,335667203,0.4396135571105577,500.0,-126.25316462800001,-28.8164609473,135.45,[500],880.0,539.0,862.7745853349245,541.0816666367612
64,0,327,54.93432003873477,-117.32694843648324,128.380859375,54.908447,-117.256676,128.38086,0.7135723233222961,1.1192810535430908,335732739,0.07488427765644379,756.0,56.1879442157,-116.675468393,135.45,[756],578.0,550.0,575.9407982606706,551.8550329213906
65,0,856,109.24075790630286,65.47460133712912,125.09063720703125,109.254875,65.76245,125.09064,0.7199537754058838,-0.5532170534133911,335560707,0.28819580994100946,84.0,114.423046224,55.1032348679,135.45,"[84, 116]",1028.0,395.0,1016.8546587691645,394.70846729211416
65,1,683,117.21253986440797,75.25934707751594,136.86390686035156,109.40195,70.54584,136.8639,0.7196857929229736,-0.5853011012077332,335568899,9.122638544624639,116.0,101.24717697999999,80.7419293407,135.45,[116],194.0,928.0,382.6967094726376,1240.614515376319
66,0,981,104.1358970163842,-77.89126169190149,127.84252166748047,103.84444,-77.43454,127.84252,0.7193030714988708,0.6286454200744629,335749123,0.5417970459240836,820.0,101.24717697999999,-80.7419293407,135.45,[820],734.0,705.0,716.0267059519401,717.5488014553684
67,0,998,-127.04755980398082,0.507460039558282,129.80702209472656,-126.9685,1.0641872,129.80702,0.6921023726463318,3.1318187713623047,335659011,0.5623129282022161,468.0,-127.0,1.55530143492e-14,135.45,[468],644.0,603.0,622.2984015823306,600.0976078407678
68,0,546,-95.69411144567903,-87.96186197584984,132.03663635253906,-95.080696,-88.423935,132.03664,0.6961123943328857,2.3842668533325195,335683587,0.7679777340469667,564.0,-101.24717697999999,-80.7419293407,135.45,[564],294.0,848.0,313.20269459400606,824.1226213728385
69,0,348,109.41303734730627,-65.42397894521264,125.17210388183595,109.06352,-66.159805,125.172104,0.7201733589172363,0.5256373286247253,335757315,0.814617187617641,852.0,114.423046224,-55.1032348679,135.45,"[820, 852]",159.0,387.0,189.1702369074943,401.5996449322506
70,0,10,73.02119604893596,-103.66682731508672,125.2528305053711,73.43091,-103.839615,125.25283,0.715877115726471,0.9438494443893433,335740931,0.44465670779678645,788.0,79.1832048361,-99.29259827339999,135.45,[788],420.0,371.0,427.0308383325306,355.51964851343826
71,0,758,-127.45091775799449,-23.79620735743083,132.41368103027344,-127.329384,-23.959667,132.41368,0.6923890709877014,2.942964553833008,335667203,0.20368999190189893,500.0,-126.25316462800001,-28.8164609473,135.45,[500],796.0,558.0,802.8101435947667,554.0898748002212
72,0,466,-118.46269812505966,47.269260146831584,130.1326141357422,-118.55767,46.444992,130.13261,0.6930697560310364,-2.7757320404052734,335642627,0.8297214229693934,404.0,-114.423046224,55.1032348679,135.45,[404],255.0,436.0,288.6410111572633,440.41392395761363
73,0,235,-112.67954297057531,58.742727205923075,129.53836059570312,-112.92581,58.139675,129.53836,0.6936675906181335,-2.6747701168060303,335642627,0.6513985831516252,404.0,-114.423046224,55.1032348679,135.45,[404],723.0,661.0,747.5796935209229,671.7401301369875
74,0,188,-31.518786334682773,-122.62919451448352,127.2856216430664,-31.344866,-123.07947,127.28562,0.7034025192260742,1.8088752031326294,335708163,0.4826948937771652,660.0,-28.2601586125,-123.815844847,135.45,[660],631.0,478.0,649.4660133006596,471.65489111268926
75,0,199,86.33341124371236,94.15142264068709,125.96590423583984,86.0031,93.81363,125.965904,0.7170966267585754,-0.8420485258102417,335577091,0.4724527370985404,148.0,79.1832048361,99.29259827339999,135.45,[148],382.0,874.0,396.35297469148384,888.0082563044942
76,0,522,24.569112080488594,-124.63705030283847,126.5090103149414,24.551064,-124.63011,126.50901,0.7100712060928345,1.362748146057129,335724547,0.019336343719470416,724.0,28.2601586125,-123.815844847,135.45,[724],569.0,453.0,569.1517817664612,454.3581387195438
77,0,576,67.31643418122894,-111.46236034566482,128.78184509277344,67.4343,-111.22455,128.78185,0.714985728263855,1.0138263702392578,335732739,0.2654198097880928,756.0,56.1879442157,-116.675468393,135.45,"[756, 788]",820.0,1051.0,810.5243218934072,1047.1395986211576
78,0,297,50.849328746385254,118.53154044063126,127.96308135986328,50.86438,119.2042,127.96308,0.7127382159233093,-1.1791200637817383,335585283,0.6728286715665112,180.0,56.1879442157,116.675468393,135.45,[180],703.0,389.0,676.2428819052502,388.45538122741004
79,0,490,88.19487252824865,91.84339385468593,125.51631164550781,88.708275,91.65632,125.51631,0.7173591256141663,-0.8189736604690552,335577091,0.5464238847446181,148.0,79.1832048361,99.29259827339999,135.45,"[116, 148]",296.0,983.0,304.03182325143746,962.4667076859458
80,0,481,127.41796945378894,-27.05178537485699,127.57955169677734,126.75239,-26.487656,127.57955,0.7219738364219666,0.19566930830478668,335765507,0.872491277391523,884.0,126.25316462800001,-28.8164609473,135.45,[884],695.0,621.0,672.5870228977203,648.5921930315573
81,0,408,127.19298745834584,-10.372926381339312,124.94584655761719,126.9685,-10.222942,124.94585,0.722234845161438,0.0681200698018074,335544323,0.2699826339238659,20.0,127.0,0.0,135.45,[20],193.0,600.0,187.08294474642756,609.7194983338335
82,0,223,47.876196671024445,121.26958469746978,129.427734375,47.42834,120.85891,129.42773,0.7123211622238159,-1.208516001701355,335585283,0.6076420089155942,180.0,56.1879442157,116.675468393,135.45,[180],769.0,251.0,785.764652178791,269.5300982129777
83,0,467,-100.60700783096854,82.02234179950483,132.01942443847656,-100.42165,81.72658,132.01942,0.695270836353302,-2.4716098308563232,335634435,0.3490451317770521,372.0,-101.24717697999999,80.7419293407,135.45,[372],641.0,635.0,653.2164983521932,627.6067659612579
84,0,518,-7.971215251846843,-129.42882809863283,129.83973693847656,-9.034617,-129.4685,129.83974,0.7062267661094666,1.6185346841812134,335716355,1.0641421448572792,692.0,-2.37887640734e-14,-129.5,135.45,[692],603.0,240.0,604.8468760546871,283.1513899261272
85,0,320,-127.74109182250311,23.51386798741987,132.66818237304688,-127.45943,23.389921,132.66818,0.6923073530197144,-2.9736275672912598,335650819,0.30773031846057675,436.0,-126.25316462800001,28.8164609473,135.45,[436],384.0,553.0,389.8962816047948,542.4829122198764
86,0,195,117.12167197254257,50.08297596477314,124.9406509399414,116.50247,50.71266,124.94065,0.7209362387657166,-0.4173353910446167,335560707,0.8831267631748878,84.0,114.423046224,55.1032348679,135.45,[84],426.0,685.0,401.18964387492554,709.9450299417026
87,0,856,109.05824542840128,65.36847086005537,124.8832778930664,108.77821,66.75225,124.88328,0.7199537754058838,-0.5532170534133911,335560707,1.4118301762695933,84.0,114.423046224,55.1032348679,135.45,"[84, 116]",1067.0,376.0,1012.6094396862146,387.4079681760509
88,0,669,41.93328360401665,-121.81593142220208,127.93635559082031,41.18592,-120.83331,127.936356,0.7120753526687622,1.2256970405578613,335724547,1.2345405113093908,724.0,28.2601586125,-123.815844847,135.45,"[724, 756]",721.0,1119.0,681.9965369919169,1148.9249996606661
89,0,978,115.6467591435196,-53.72724401421692,125.08006286621094,115.11032,-53.603485,125.08006,0.7209089994430542,0.4216460585594177,335757315,0.5505289280666825,852.0,114.423046224,-55.1032348679,135.45,[852],661.0,629.0,657.039634147323,650.9485167807838
90,0,417,-0.09793325557438948,-129.35013357592837,129.34786987304688,0.05749836,-129.4685,129.34787,0.7071414589881897,1.5578340291976929,335716355,0.19537395948741673,692.0,-2.37887640734e-14,-129.5,135.45,[692],603.0,604.0,607.9946569628657,598.0826697770253
91,0,540,69.25626194979532,110.34578413009422,128.87127685546875,68.37756,110.770294,128.87128,0.7148532271385193,-1.023977279663086,335585283,0.9758687398203647,180.0,56.1879442157,116.675468393,135.45,"[148, 180]",365.0,1089.0,348.81262948376843,1124.7327093638125
92,0,27,-118.14365307732874,48.29598371888915,130.2147674560547,-117.35822,48.935684,130.21477,0.693114161491394,-2.7673428058624268,335642627,1.0129744210730736,404.0,-114.423046224,55.1032348679,135.45,[404],355.0,484.0,329.7099540395658,453.1757258668506
93,0,540,67.9677309916683,108.35268343074495,126.52365112304688,67.54655,108.532234,126.52365,0.7148532271385193,-1.023977279663086,335577091,0.4578585857543594,180.0,56.1879442157,116.675468393,135.45,"[148, 180]",276.0,1056.0,269.0886015097976,1073.191471038732
93,1,540,69.27595933056455,110.37623516680242,128.9071502685547,68.931694,110.50344,128.90715,0.7148532271385193,-1.023977279663086,335585283,0.36701482837901805,180.0,56.1879442157,116.675468393,135.45,"[148, 180]",355.0,1111.0,350.03067095209644,1125.5206045945818
94,0,789,-126.82215895630225,9.720496086098137,129.95048522949222,-126.9685,9.1055765,129.95049,0.692130446434021,-3.078878879547119,335659011,0.632092763522081,468.0,-127.0,1.55530143492e-14,135.45,[468],966.0,603.0,990.8198434439248,609.1136417479106
95,0,299,-36.15705792091376,-120.48140369581688,126.56036376953125,-37.333702,-121.712555,126.56036,0.702823281288147,1.8489255905151367,335708163,1.7030046564827572,660.0,-28.2601586125,-123.815844847,135.45,[660],686.0,239.0,735.377646047325,286.12402766344985
96,0,459,19.9467546375281,-125.70368507603996,126.84797668457031,20.888155,-125.46615,126.84798,0.7095165848731995,1.3999733924865723,335724547,0.970905914638314,724.0,28.2601586125,-123.815844847,135.45,[724],535.0,307.0,526.4863908384018,269.4638410011241
97,0,83,-106.49658343407464,-75.09486446481924,132.60372924804688,-105.86951,-74.89519,132.60373,0.6948997378349304,2.5133614540100098,335683587,0.6581002955172879,564.0,-101.24717697999999,-80.7419293407,135.45,[564],835.0,417.0,827.8825950352302,392.0237418370141
97,1,83,-106.48900972327056,-75.0896818686333,132.59439086914062,-105.87681,-74.917076,132.59439,0.6948997378349304,2.5133614540100098,335683587,0.6360687806605231,564.0,-101.24717697999999,-80.7419293407,135.45,[564],834.0,416.0,828.0898988826675,392.32669026917733
98,0,211,63.24982316456135,-113.25815000395914,128.3773956298828,63.81749,-112.96631,128.3774,0.7145381569862366,1.0478668212890625,335732739,0.6382919535064543,756.0,56.1879442157,-116.675468393,135.45,[756],750.0,907.0,738.6927355616342,884.4751579544538
99,0,137,61.31373376444117,114.12692414546655,128.31591796875,61.458008,114.10258,128.31592,0.7139533758163452,-1.0914111137390137,335585283,0.14631395776060785,180.0,56.1879442157,116.675468393,135.45,[180],499.0,812.0,500.0582300986616,807.0315819496466
99,1,137,61.4186332702011,114.3159527723883,128.530029296875,61.47635,114.14913,128.53003,0.7139533758163452,-1.0914111137390137,335585283,0.1765229063463551,180.0,56.1879442157,116.675468393,135.45,[180],500.0,813.0,507.6193751755318,811.2275621800438
100,0,734,107.98446942542296,-73.48500720050743,128.33544921875,107.156906,-73.280846,128.33545,0.7196976542472839,0.583916425704956,335749123,0.8523748901119923,820.0,101.24717697999999,-80.7419293407,135.45,[820],900.0,838.0,892.2768856077028,871.4916978169185
101,0,955,-68.81195384784405,107.98478098271198,129.58355712890625,-68.54616,107.73507,129.58356,0.6987391114234924,-2.1518917083740234,335626243,0.3646963894028854,340.0,-79.1832048361,99.29259827339999,135.45,"[308, 340]",939.0,1027.0,949.6873083724796,1016.850039530238
102,0,516,127.16618315477035,26.755712480215152,127.29258728027344,126.542175,27.40865,127.29259,0.721892774105072,-0.2208762913942337,335552515,0.9031680303378166,52.0,126.25316462800001,28.8164609473,135.45,[52],545.0,613.0,519.570061316606,638.5207410708136
103,0,481,126.42142810869098,-26.826189057512238,126.5788345336914,126.91068,-25.794111,126.578835,0.7219738364219666,0.19566930830478668,335765507,1.1421710164363816,884.0,126.25316462800001,-28.8164609473,135.45,[884],722.0,628.0,681.6108755915104,608.7305392276386
104,0,476,-42.82555041060914,120.71005590380514,129.0657196044922,-42.78033,120.4694,129.06572,0.7017380595207214,-1.925412893295288,335609859,0.24486897055573034,308.0,-56.1879442157,116.675468393,135.45,"[276, 308]",753.0,1138.0,763.3835004322054,1136.4957522036343
104,1,813,-43.561608503549905,122.99147045668906,131.4798126220703,-43.44825,122.77562,131.47981,0.7017418742179871,-1.9251391887664795,335618051,0.24380694082147364,308.0,-56.1879442157,116.675468393,135.45,[308],846.0,1111.0,854.6400825475621,1107.0534284860037
105,0,656,-14.377374581684307,126.949592612245,128.13795471191406,-13.9188175,127.056854,128.13795,0.7050490379333496,-1.6971595287322998,335609859,0.4709348545240364,244.0,7.92958802448e-15,129.5,135.45,"[244, 276]",504.0,45.0,499.98370448979983,26.905016732627445
105,1,656,-14.61692499284436,129.36327259336292,130.57057189941406,-14.040431,129.4685,130.57057,0.7050490379333496,-1.6971595287322998,335601667,0.5860199125907698,244.0,7.92958802448e-15,129.5,135.45,"[244, 276]",600.0,40.0,596.5309037345168,17.323000286225323
106,0,504,16.81482167008744,-127.07249214972205,127.8180465698242,16.610136,-126.44257,127.81805,0.7091318368911743,1.4256788492202759,335724547,0.6623395322597871,724.0,28.2601586125,-123.815844847,135.45,[724],496.0,135.0,471.73410789111813,144.18652230349764
107,0,695,53.457256358981795,-117.79279401101826,128.2167510986328,52.90876,-118.21968,128.21675,0.7134082913398743,1.1311670541763306,335732739,0.6950399246921378,756.0,56.1879442157,-116.675468393,135.45,[756],540.0,470.0,557.3069752792696,492.7724857312717
108,0,466,-116.95472844342521,46.64359576998686,128.46693420410156,-118.50336,46.557774,128.46693,0.6930697560310364,-2.7757320404052734,335642627,1.5510047218252756,404.0,-114.423046224,55.1032348679,135.45,[404],260.0,438.0,263.6144360834743,500.7327112229916
109,0,377,126.88038458443475,7.562568375545197,124.44766235351562,126.9685,7.5273976,124.44766,0.7222297787666321,-0.07273315638303757,335544323,0.09487357741095563,20.0,127.0,0.0,135.45,[20],903.0,600.0,904.5027350218079,597.2153833773899
109,1,579,127.35045062442362,10.087039822198676,125.08235168457031,126.96877,10.68204,125.08235,0.7222046256065369,-0.092308908700943,335544323,0.7068969947778391,20.0,127.0,0.0,135.45,[20],1029.0,600.0,1005.481592887947,616.0180249769445
110,0,20,-26.969391397086838,-123.4121882795531,126.89778137207031,-27.103127,-124.04762,126.89778,0.703934371471405,1.7724854946136475,335708163,0.649355036007476,660.0,-28.2601586125,-123.815844847,135.45,[660],592.0,648.0,618.146262697876,653.6306886165266
111,0,24,66.73464987444413,-111.01204287769133,128.10830688476562,66.83549,-111.512924,128.1083,0.7149581909179688,1.015945315361023,335732739,0.5109308103950903,756.0,56.1879442157,-116.675468393,135.45,"[756, 788]",808.0,1027.0,828.5370206123469,1023.8682263497651
112,0,20,-27.106477376193652,-124.00118798724509,127.5052490234375,-27.131344,-124.041176,127.50525,0.703934371471405,1.7724854946136475,335708163,0.04708895465138149,660.0,-28.2601586125,-123.815844847,135.45,[660],592.0,647.0,594.5862743901966,648.1472494522541
113,0,270,-4.28694938499757,-128.6778627164319,128.83651733398438,-5.846593,-129.4685,128.83652,0.7066498398780823,1.590434193611145,335716355,1.748600721479305,692.0,-2.37887640734e-14,-129.5,135.45,[692],603.0,368.0,634.8854913427249,430.5220246000981
114,0,404,-50.93384128215985,119.55559988497362,131.1114959716797,-50.125874,119.559845,131.1115,0.7008817195892334,-1.9874424934387207,335618051,0.8079788683106027,308.0,-56.1879442157,116.675468393,135.45,[308],717.0,844.0,717.2052596789445,812.164117341606
115,0,510,115.92560622296742,53.65335568627597,125.3262481689453,115.194855,53.427963,125.32625,0.7207449674606323,-0.4467613399028778,335560707,0.7647218333972272,84.0,114.423046224,55.1032348679,135.45,[84],534.0,632.0,544.0048327350388,662.1023999586964
116,0,895,36.0197883902847,122.16052839364829,126.66055297851562,35.412743,122.151,126.66055,0.7110340595245361,-1.297499656677246,335593475,0.6071205360351415,212.0,28.2601586125,123.815844847,135.45,[212],535.0,888.0,535.7873418659318,912.385191111388
117,0,809,119.24899985254933,42.01706733617539,123.94746398925781,120.49257,42.427147,123.947464,0.7213175296783447,-0.3519110679626465,335560707,1.3094385848120895,84.0,114.423046224,55.1032348679,135.45,"[52, 84]",94.0,844.0,78.55329873101539,795.038145141973
117,1,210,121.68654290651011,42.71539659231166,126.42812347412111,122.95242,43.1364,126.42812,0.7213224172592163,-0.3510001599788666,335552515,1.334052137009526,84.0,114.423046224,55.1032348679,135.45,"[52, 84]",123.0,943.0,106.48646897646643,892.5398673004042
118,0,407,-126.93664959195175,-6.586299532002158,129.86135864257812,-126.9685,-6.5767393,129.86136,0.6921331286430359,3.0759787559509277,335659011,0.03325257231736004,468.0,-127.0,1.55530143492e-14,135.45,[468],338.0,603.0,338.54801871991305,604.5340163219305
119,0,19,126.98207566515316,12.513162870040105,124.93856811523438,126.9685,13.004513,124.93857,0.722174346446991,-0.11147736012935638,335544323,0.49153747314923,20.0,127.0,0.0,135.45,[20],1122.0,600.0,1102.5265148016042,601.2830266061263
120,0,324,67.15800070459363,-108.45984886786573,126.14176177978517,67.99815,-108.17209,126.14176,0.7151262164115906,1.0030015707015991,335740931,0.8880669972157228,788.0,79.1832048361,-99.29259827339999,135.45,"[756, 788]",246.0,154.0,235.30997622137022,120.99183473974506
120,1,324,68.45249421298786,-110.61561362276097,128.6281280517578,69.2062,-110.37125,128.62813,0.7151262164115906,1.0030015707015991,335732739,0.7923302655212905,756.0,56.1879442157,-116.675468393,135.45,"[756, 788]",854.0,1122.0,844.394190809561,1092.5819998915142
121,0,356,113.78660055255023,57.469711954168815,125.10884094238281,113.305405,57.351448,125.10884,0.7205075025558472,-0.48096176981925964,335560707,0.4955157241888754,84.0,114.423046224,55.1032348679,135.45,[84],691.0,557.0,696.6590834507525,576.5421731420088
122,0,241,-125.86659672490003,13.26626339768245,129.30043029785156,-126.9685,13.342033,129.30043,0.6921625733375549,-3.050295352935791,335659011,1.1045035165462773,468.0,-127.0,1.55530143492e-14,135.45,[468],1135.0,603.0,1132.6505359072974,647.3361310039991
123,0,833,-10.483775479136057,129.07813996870607,129.79849243164062,-10.089032,129.4685,129.7985,0.7055203318595886,-1.6656060218811035,335601667,0.5551646658544022,244.0,7.92958802448e-15,129.5,135.45,[244],600.0,198.0,585.1255987482426,182.64898083455748
123,1,833,-10.466080636915649,128.8156248983572,129.5347900390625,-9.989491,129.4685,129.53479,0.7055203318595886,-1.6656060218811035,335601667,0.8083259183224886,244.0,7.92958802448e-15,129.5,135.45,[244],600.0,202.0,574.6249959342884,183.3567745233738
123,2,160,-33.84909883182809,145.80539533298906,150.4962158203125,-28.509771,123.77203,150.49622,0.7033153772354126,-1.8148707151412964,335609859,22.671070623561725,276.0,-28.2601586125,123.815844847,135.45,[276],600.0,592.0,1481.5820194395626,378.4423912268767
123,3,160,-33.85674916769494,145.84091445725642,150.53274536132812,-28.46121,123.73183,150.53275,0.7033153772354126,-1.8148707151412964,352387075,22.75793483656408,277.0,-28.2601586125,123.815844847,165.55,[277],598.0,593.0,1483.0027844102567,378.13637779220244
123,4,846,-20.908267203011746,171.24165362341125,173.07586669921875,-14.253318,126.98051,173.07587,0.7048482298851013,-1.7106504440307617,352387075,44.75865794075437,277.0,-28.2601586125,123.815844847,165.55,"[245, 277]",728.0,1162.0,2499.03235105645,896.0756563795303
123,5,656,-18.647824051238786,172.0723710949561,173.59481811523438,-13.415668,129.4685,173.59482,0.7050490379333496,-1.6971595287322998,352378883,42.9239419768706,245.0,7.92958802448e-15,129.5,165.55,"[245, 277]",600.0,65.0,2304.894843798244,-143.91296204955168
123,6,656,-18.09162435563121,165.92246997430738,167.40179443359375,-13.5858755,129.4685,167.4018,0.7050490379333496,-1.6971595287322998,352378883,36.73136632827788,245.0,7.92958802448e-15,129.5,165.55,"[245, 277]",600.0,58.0,2058.8987989722946,-121.6649742252487
124,0,459,19.906247223388164,-125.42422096312544,126.5665512084961,21.068298,-125.42503,126.56655,0.7095165848731995,1.3999733924865723,335724547,1.1620514005776716,724.0,28.2601586125,-123.815844847,135.45,[724],537.0,314.0,537.6649553549828,267.84354443552655
125,0,797,-111.21720258062305,-62.72528269940631,130.0846405029297,-110.70599,-62.749172,130.08464,0.6940906643867493,2.6142752170562744,335675395,0.5117668190709583,532.0,-114.423046224,-55.1032348679,135.45,[532],296.0,750.0,297.1180867397476,730.233745735078
126,0,750,118.97879872457383,47.045343978651545,125.46250152587892,118.120995,47.351772,125.4625,0.7211039066314697,-0.38985008001327515,335560707,0.9108931290212079,84.0,114.423046224,55.1032348679,135.45,[84],291.0,749.0,279.6843644300617,784.2301000229531
126,1,510,121.61571245155983,56.19117547396945,131.43875122070312,115.151726,53.51752,131.43875,0.7207449674606323,-0.4467613399028778,335560707,6.995109190597448,84.0,114.423046224,55.1032348679,135.45,[84],538.0,631.0,645.517624242778,889.7066491023929
126,2,904,121.7297291873997,55.76862049188367,131.3631591796875,115.4216,52.95711,131.36316,0.720766544342041,-0.443531334400177,335560707,6.906306765487938,84.0,114.423046224,55.1032348679,135.45,[84],516.0,641.0,628.6154249593466,894.2673185359877
126,3,839,119.0222045298849,56.17219138968903,129.13475036621094,114.55716,54.854122,129.13475,0.7206916213035583,-0.4546513557434082,335560707,4.6555272836122015,84.0,114.423046224,55.1032348679,135.45,[84],592.0,607.0,644.7582608715612,785.9663322353958
127,0,580,127.54906678295856,21.99022368290389,126.76341247558592,127.756165,22.089811,126.76341,0.722007691860199,-0.18417292833328247,335552515,0.22979813730748844,52.0,126.25316462800001,28.8164609473,135.45,[52],332.0,662.0,328.9505094241555,653.8360861983421
128,0,788,-56.55049543821224,-116.56007974118575,130.7622833251953,-55.538475,-116.95328,130.76228,0.7005947232246399,2.008633613586426,335699971,1.0857208848917175,628.0,-56.1879442157,-116.675468393,135.45,[628],590.0,627.0,606.6155460725702,587.4979510995104
129,0,829,52.31805487488509,118.99903241938796,128.94647216796875,52.04104,118.63755,128.94647,0.712863028049469,-1.170258641242981,335585283,0.45541996908859406,180.0,56.1879442157,116.675468393,135.45,[180],680.0,436.0,694.9425610555181,447.2044263674036
130,0,235,-113.30048458746023,59.077430231699054,130.25743103027344,-112.44524,59.137608,130.25743,0.6936675906181335,-2.6747701168060303,335642627,0.8573628791118266,404.0,-114.423046224,55.1032348679,135.45,[404],763.0,681.0,760.9678145519621,646.9024654615907
131,0,364,127.16070132832078,11.53514930628171,125.020263671875,126.9685,11.845993,125.02026,0.7221872210502625,-0.10372596234083176,335544323,0.3654666319133143,20.0,127.0,0.0,135.45,[20],1075.0,600.0,1063.4059722512684,608.4280531328312
132,0,965,124.16581753486685,-34.39898199678737,126.23063659667969,124.85063,-34.819786,126.23064,0.7217602729797363,0.25687363743782043,335765507,0.803770196815034,884.0,126.25316462800001,-28.8164609473,135.45,[884],361.0,545.0,378.69915802050514,518.5061162746734
133,0,265,64.91526113977034,112.09624063009278,128.22042846679688,65.27659,112.26365,128.22043,0.7143834829330444,-1.0594838857650757,335585283,0.39822478043162907,180.0,56.1879442157,116.675468393,135.45,"[148, 180]",425.0,965.0,418.83088948371096,951.0926769628134
134,0,169,-95.8644588934344,86.77400571080489,131.41796875,-95.420525,87.9978,131.41797,0.6957589983940125,-2.419865369796753,335634435,1.3018282583738319,372.0,-101.24717697999999,80.7419293407,135.45,[372],892.0,835.0,843.2830548041954,817.3087234626234
135,0,544,126.21975332405395,-27.755642827665724,126.58197021484375,126.43498,-27.878296,126.58197,0.7219511866569519,0.20302826166152954,335765507,0.24772421716993265,884.0,126.25316462800001,-28.8164609473,135.45,[884],639.0,609.0,644.432724785371,600.6635478421578
136,0,900,102.7298133812601,79.85169286915925,127.98818969726564,102.339066,79.32222,127.98819,0.7188746333122253,-0.6743194460868835,335568899,0.6580467656072324,116.0,101.24717697999999,80.7419293407,135.45,[116],545.0,645.0,566.39054113837,661.3054560504042
137,0,695,53.70589002574616,-118.36116960596974,128.83164978027344,53.31199,-118.0255,128.83165,0.7134082913398743,1.1311670541763306,335732739,0.5175267692639872,756.0,56.1879442157,-116.675468393,135.45,[756],547.0,486.0,534.5719514812106,502.7178324018462
138,0,850,-51.23196840377295,-119.04185913771425,130.69186401367188,-51.20342,-119.040924,130.69186,0.7012116312980652,1.9633440971374512,335699971,0.028564980718855645,628.0,-56.1879442157,-116.675468393,135.45,[628],507.0,801.0,507.3443702114298,800.2390324770818
139,0,269,-37.62095442888858,121.09373194577438,127.6749267578125,-39.525692,121.21225,127.67493,0.7022997736930847,-1.8855608701705933,335609859,1.9084212409994958,276.0,-28.2601586125,123.815844847,135.45,[276],497.0,151.0,493.1154839509753,227.56816734445692
140,0,793,32.36185467473388,122.37410822569177,125.95868682861328,32.21162,122.88164,125.95869,0.710620641708374,-1.3256243467330933,335593475,0.5292980225912668,212.0,28.2601586125,123.815844847,135.45,[212],564.0,760.0,544.330535147671,766.067842489355
141,0,855,25.229601892011488,124.28030422488621,126.345703125,24.82786,124.56693,126.3457,0.7097563147544861,-1.3839133977890015,335593475,0.4935104007517346,212.0,28.2601586125,123.815844847,135.45,[212],632.0,464.0,620.5783751154485,480.7777311804595
142,0,656,-14.347512795232433,126.64959451169631,127.8355941772461,-14.881343,126.837166,127.835594,0.7050490379333496,-1.6971595287322998,335609859,0.5658246797461117,276.0,-28.2601586125,123.815844847,135.45,"[244, 276]",722.0,1137.0,715.3499865878524,1158.5058326907028
142,1,656,-14.603278860827231,129.22543467240746,130.43165588378906,-15.04936,129.43034,130.43166,0.7050490379333496,-1.6971595287322998,335601667,0.49089337779520126,276.0,-28.2601586125,123.815844847,135.45,"[244, 276]",826.0,1130.0,818.3835930162985,1148.275190066911
143,0,901,-125.93387583567267,-26.82234882236571,131.48516845703125,-126.65729,-26.904318,131.48517,0.6924661993980408,2.917794704437256,335667203,0.7280408641168962,500.0,-126.25316462800001,-28.8164609473,135.45,[500],678.0,585.0,681.7644849973715,614.7715516930941
144,0,973,100.5500690572776,82.37381633047562,127.90447998046875,100.52755,81.593796,127.90448,0.7186235785484314,-0.6999244689941406,335568899,0.7803455544294325,116.0,101.24717697999999,80.7419293407,135.45,[116],636.0,573.0,667.2754795910248,574.1156830911041
145,0,868,111.88663836572368,-59.263557269077864,124.2528305053711,112.29656,-59.44633,124.25283,0.7205576300621033,0.4739258289337158,335757315,0.4488249003953501,852.0,114.423046224,-55.1032348679,135.45,[852],428.0,516.0,435.5871039528853,500.5436856689471
146,0,705,113.11565295877608,56.03322451204349,123.87948608398438,114.14041,55.61754,123.879486,0.7205637097358704,-0.4730699360370636,335560707,1.105859265917589,84.0,114.423046224,55.1032348679,135.45,[84],622.0,590.0,639.1995857657395,549.704269391043
147,0,637,-75.55642376793458,100.8281637926998,127.67555999755861,-77.778595,100.37245,127.67556,0.6978283524513245,-2.227428674697876,335626243,2.2684175741920583,340.0,-79.1832048361,99.29259827339999,135.45,[340],645.0,658.0,663.4226207719922,747.071242726617
148,0,301,-69.38634126294892,-107.19578410903523,129.17893981933594,-69.30879,-107.12689,129.17894,0.6989926695823669,2.1315598487854004,335691779,0.10373032715167933,596.0,-79.1832048361,-99.29259827339999,135.45,"[596, 628]",288.0,996.0,285.8725665745902,993.8745429260433
149,0,846,-16.14938152768991,127.28525969811369,128.7207794189453,-15.380276,126.72328,128.72078,0.7048482298851013,-1.7106504440307617,335609859,0.9525454445007726,276.0,-28.2601586125,123.815844847,135.45,[276],718.0,1117.0,740.7765940445478,1086.4310833924037
150,0,904,115.34618203944842,52.94548957557163,124.51548767089842,115.63878,52.506145,124.51549,0.720766544342041,-0.443531334400177,335560707,0.5278598626246488,84.0,114.423046224,55.1032348679,135.45,[84],498.0,650.0,515.690188306865,638.9254326179366
151,0,921,-75.83288582963996,-101.62873508136863,128.4293670654297,-76.48464,-101.40434,128.42937,0.6981744170188904,2.198223352432251,335691779,0.6893026227983562,596.0,-79.1832048361,-99.29259827339999,135.45,[596],517.0,709.0,508.55452768125417,736.0127602584015
152,0,144,95.34855085320896,-88.4242055932159,128.02099609375,95.29516,-88.155,128.021,0.7182759642601013,0.734158456325531,335749123,0.2744504767539731,820.0,101.24717697999999,-80.7419293407,135.45,[820],305.0,363.0,294.7089498993637,366.0549549283587
153,0,381,47.48821452901575,-120.7227961013457,128.7144012451172,47.387398,-120.878624,128.7144,0.7126923203468323,1.1823699474334717,335732739,0.18559725742484245,756.0,56.1879442157,-116.675468393,135.45,[756],433.0,249.0,440.10689166617226,254.01081253262987
154,0,491,123.82460095333272,40.60458824962825,127.72899627685547,123.631645,40.16054,127.729,0.7214293479919434,-0.33041855692863464,335552515,0.48415845237948124,52.0,126.25316462800001,28.8164609473,135.45,"[52, 84]",1055.0,497.0,1073.5250920931298,504.8574530133084
155,0,524,-104.59542947827458,76.84960728197393,132.0907440185547,-104.35969,76.788445,132.09074,0.6948260068893433,-2.5219452381134033,335634435,0.2435467511685814,372.0,-101.24717697999999,80.7419293407,135.45,[372],443.0,477.0,446.30711765095725,468.0699000690163
156,0,264,-109.84383061207109,-64.65261672524775,129.82676696777344,-109.49547,-65.262856,129.82677,0.6942289471626282,2.595837354660034,335675395,0.70267190832967,532.0,-114.423046224,-55.1032348679,135.45,[532],195.0,799.0,220.02472570608973,785.1686244771565
157,0,185,1.8861819928051773,-129.52586210359974,129.4949493408203,2.00011,-129.4685,129.49495,0.707372784614563,1.5425001382827759,335716355,0.12755120261209194,692.0,-2.37887640734e-14,-129.5,135.45,[692],603.0,682.0,600.965515856011,677.4472797122081
158,0,324,68.49820072690136,-110.69177736988331,128.71595764160156,68.17107,-110.869736,128.71596,0.7151262164115906,1.0030015707015991,335732739,0.3724058501132895,756.0,56.1879442157,-116.675468393,135.45,"[756, 788]",834.0,1081.0,841.3476409246675,1094.4102604480543
159,0,60,113.65801959390046,-57.36068072233593,124.91542053222655,113.26246,-57.440624,124.91542,0.7206951379776001,0.4541335701942444,335757315,0.40355830584109637,852.0,114.423046224,-55.1032348679,135.45,[852],508.0,555.0,511.70216582256273,571.3989347960182
160,0,299,-36.60594233489974,-121.90655595434941,128.0636444091797,-37.02408,-121.783226,128.06364,0.702823281288147,1.8489255905151367,335708163,0.4359449707459209,660.0,-28.2601586125,-123.815844847,135.45,[660],683.0,251.0,678.3715557060236,268.1686511040107
161,0,569,-73.50662475850595,-105.24226449711432,129.94651794433594,-72.222435,-104.80334,129.94652,0.6985566020011902,2.1666994094848633,335691779,1.3571295459703514,596.0,-79.1832048361,-99.29259827339999,135.45,[596],381.0,880.0,364.01335105142664,829.063203103762
162,0,399,127.5126183598596,6.5468934454966075,125.0091781616211,126.9685,6.576639,125.00918,0.7222385406494141,-0.064557284116745,335544323,0.5449325868289256,20.0,127.0,0.0,135.45,[20],865.0,600.0,863.8757378198643,622.504734394384
163,0,623,-126.70104001810881,4.839358134898248,129.54562377929688,-126.9685,5.240823,129.54562,0.6921060681343079,-3.117156505584717,335659011,0.48239793328966996,468.0,-127.0,1.55530143492e-14,135.45,[468],811.0,603.0,795.5743253959292,613.9583992756479
164,0,169,-96.82826912099381,87.67143291496268,132.75637817382812,-95.30091,88.1478,132.75638,0.6957589983940125,-2.419865369796753,335634435,1.5999204271523628,372.0,-101.24717697999999,80.7419293407,135.45,[372],898.0,839.0,879.1801429705072,778.7563143602472
165,0,713,58.2646906408545,115.72891145888525,128.39515686035156,58.1052,115.7172,128.39516,0.7135899066925049,-1.1180042028427124,335585283,0.1599182443865846,180.0,56.1879442157,116.675468393,135.45,[180],563.0,678.0,564.1377226354098,685.0698570061797
166,0,580,127.85910630655258,22.039383183472637,127.07084655761717,127.69628,22.352207,127.07085,0.722007691860199,-0.18417292833328247,335552515,0.35266243720814194,52.0,126.25316462800001,28.8164609473,135.45,[52],343.0,659.0,330.91688944690543,666.2376671421026
167,0,705,114.10707330299147,56.50807804066699,124.9582290649414,114.043594,55.81857,124.95823,0.7205637097358704,-0.4730699360370636,335560707,0.6924247543797063,84.0,114.423046224,55.1032348679,135.45,[84],630.0,586.0,658.1937269106794,589.3610831596584
168,0,173,-71.39184603307149,-105.89070716530978,129.2389373779297,-70.79994,-105.93774,129.23894,0.6987589597702026,2.1502904891967773,335691779,0.5937694199695348,596.0,-79.1832048361,-99.29259827339999,135.45,"[596, 628]",336.0,937.0,338.07564432360834,913.6543521211405
169,0,134,-101.34641099991677,-81.04174813618192,131.94546508789062,-101.60383,-80.24418,131.94547,0.6954421997070312,2.4530696868896484,335683587,0.838081514010616,564.0,-101.24717697999999,-80.7419293407,135.45,[564],621.0,587.0,590.0072481807229,598.0306392033287
170,0,765,-128.93032731833864,-16.988571741489977,132.839111328125,-128.87672,-17.180304,132.83911,0.6922552585601807,2.9964921474456787,335667203,0.19908386452864013,500.0,-126.25316462800001,-28.8164609473,135.45,[500],1067.0,497.0,1075.1155682324008,494.9134923864551
170,1,765,-128.6786152113383,-16.958999437185412,132.58023071289062,-128.8755,-17.183725,132.58023,0.6922552585601807,2.9964921474456787,335667203,0.29877542241642263,500.0,-126.25316462800001,-28.8164609473,135.45,[500],1067.0,497.0,1076.2984604045835,504.9819766664689
171,0,637,-76.2698773043926,101.80788129717348,128.9036407470703,-77.86486,100.30366,128.90364,0.6978283524513245,-2.227428674697876,335626243,2.192409779525652,340.0,-79.1832048361,99.29259827339999,135.45,[340],642.0,654.0,702.6113209509396,718.5331012682963
172,0,654,-127.39878987121364,-13.54653407656042,130.87901306152344,-126.9685,-13.399498,130.87901,0.6922064423561096,3.0217771530151367,335659011,0.45472025300125246,468.0,-127.0,1.55530143492e-14,135.45,[468],66.0,603.0,60.1386369375826,586.048405151455
173,0,168,-64.14270305701348,111.82417536687944,130.35330200195312,-64.79253,112.49676,130.3533,0.6993238925933838,-2.1054062843322754,335618051,0.9352202475580518,308.0,-56.1879442157,116.675468393,135.45,"[308, 340]",434.0,257.0,407.94827895517756,283.8096463474608
174,0,543,92.94676031979361,-91.64207083165184,128.5590362548828,92.75323,-91.34248,128.55904,0.7179548740386963,0.7646944522857666,335749123,0.35666176181243553,820.0,101.24717697999999,-80.7419293407,135.45,"[788, 820]",177.0,262.0,165.99434036192633,269.98333359174467
175,0,595,98.75006596037838,83.35963870229762,127.18887329101564,99.11909,83.35995,127.18887,0.7184764742851257,-0.7145770788192749,335568899,0.36902138781405536,116.0,101.24717697999999,80.7419293407,135.45,[116],706.0,516.0,706.7083744639046,502.11555921513536
176,0,531,-20.648950323775352,125.26966573516154,127.47003936767578,-20.455132,125.56498,127.47004,0.7042995095252991,-1.7476835250854492,335609859,0.35323643026038054,276.0,-28.2601586125,123.815844847,135.45,[276],671.0,914.0,660.1528355264617,906.4483315489861
177,0,226,-16.92027588498604,126.55159925746523,128.10874938964844,-16.501106,126.46746,128.10875,0.7047494649887085,-1.7172986268997192,335609859,0.4275306783159728,276.0,-28.2601586125,123.815844847,135.45,[276],708.0,1072.0,711.4301764186092,1055.5953091005586
178,0,317,-68.02737556038983,-108.83455968208182,129.80267333984375,-67.63148,-108.4645,129.80267,0.6991933584213257,2.115666151046753,335691779,0.5419218028117004,628.0,-56.1879442157,-116.675468393,135.45,"[596, 628]",930.0,144.0,915.6363484367273,128.42274621240676
178,1,317,-69.34401684892873,-110.87669996589193,132.2599639892578,-69.03964,-110.451454,132.25996,0.6991933584213257,2.115666151046753,335699971,0.5229510862088392,628.0,-56.1879442157,-116.675468393,135.45,"[596, 628]",850.0,87.0,833.9507370843228,75.75709467085062
179,0,787,-126.43227861957087,29.300836963284382,132.53759765625,-126.03871,29.61449,132.5376,0.6924340724945068,-2.927919387817383,335650819,0.503262939925557,436.0,-126.25316462800001,28.8164609473,135.45,[436],633.0,610.0,621.3750406393752,594.8354403371661
180,0,117,116.34870679728078,-50.90224850465529,124.54447174072266,116.63723,-50.43283,124.54447,0.72104811668396,0.3991982638835907,335757315,0.5509977890689464,852.0,114.423046224,-55.1032348679,135.45,[852],788.0,690.0,770.0394545297883,679.0264229312311
181,0,775,-127.68707972260461,19.581551644357205,131.95826721191406,-128.13528,20.428793,131.95827,0.6922409534454346,-3.0034186840057373,335650819,0.9584911528553439,436.0,-126.25316462800001,28.8164609473,135.45,[436],266.0,526.0,232.60362788228818,544.6433962158164
182,0,751,65.00037635620902,-113.37534988075959,129.30441284179688,64.615105,-112.5822,129.30441,0.7146884202957153,1.0365105867385864,335732739,0.8817723257181728,756.0,56.1879442157,-116.675468393,135.45,"[756, 788]",765.0,939.0,734.0047404896166,954.4972856203606
183,0,747,-1.3151730410745586,129.23967596425527,129.34573364257812,-1.1845442,129.4685,129.34573,0.706585705280304,-1.5946913957595825,335601667,0.26349006345744935,244.0,7.92958802448e-15,129.5,135.45,[244],600.0,554.0,591.5870385702107,549.3930783570173
184,0,250,-89.71731547494346,-90.9534636095027,129.68421936035156,-90.19098,-90.4739,129.68422,0.6966179013252258,2.335597515106201,335691779,0.6740463978347617,596.0,-79.1832048361,-99.29259827339999,135.45,"[564, 596]",954.0,161.0,935.5653865558912,180.63557444626156
184,1,250,-91.54353479650672,-92.75361150098934,132.28712463378906,-92.095566,-92.16716,132.28712,0.6966179013252258,2.335597515106201,335683587,0.8053965155205278,564.0,-101.24717697999999,-80.7419293407,135.45,"[564, 596]",144.0,968.0,121.5327135884263,990.1456873397308
185,0,780,11.663548024730517,128.67504513249452,129.0248260498047,11.537272,129.4685,129.02483,0.7081030607223511,-1.4940850734710693,335601667,0.8034459814074374,244.0,7.92958802448e-15,129.5,135.45,[244],600.0,1063.0,569.0018052997806,1068.5419209892204
186,0,643,-75.02443874021583,102.7464708060993,128.8911895751953,-74.924965,102.64814,128.89119,0.6979726552963257,-2.2151689529418945,335626243,0.1398713712162529,340.0,-79.1832048361,99.29259827339999,135.45,[340],736.0,772.0,740.1549013079722,768.3506438353669
187,0,546,-95.10017156811546,-87.43097359662625,131.22743225097656,-95.88094,-87.42045,131.22743,0.6961123943328857,2.3842668533325195,335683587,0.7808426707851044,564.0,-101.24717697999999,-80.7419293407,135.45,[564],334.0,816.0,334.43822976294996,847.8802164753813
188,0,511,-23.264283207809058,124.57619525543612,127.29537963867188,-23.326994,124.9095,127.29538,0.7039867639541626,-1.7689188718795776,335609859,0.3391530190599921,276.0,-28.2601586125,123.815844847,135.45,[276],645.0,799.0,632.4140163374449,801.8350161876378
189,0,568,75.30178068625264,-102.81299264767131,125.84180450439453,74.74074,-102.79506,125.841805,0.7161064743995667,0.9252973794937134,335740931,0.5613293146890526,788.0,79.1832048361,-99.29259827339999,135.45,[788],461.0,424.0,461.1842250291471,446.7430340061054
190,0,546,-95.2785724283467,-87.59045504199366,131.4705047607422,-95.515785,-87.87835,131.4705,0.6961123943328857,2.3842668533325195,335683587,0.3730321882181729,564.0,-101.24717697999999,-80.7419293407,135.45,[564],316.0,831.0,328.0589719482532,840.7441820661313
191,0,257,-78.74873602918524,-98.93546674794334,128.1396026611328,-78.98453,-99.41075,128.1396,0.69780433177948,2.229478120803833,335691779,0.5305592382001545,596.0,-79.1832048361,-99.29259827339999,135.45,[596],597.0,609.0,616.2852610182659,619.3787522765905
192,0,59,83.5879246257823,96.18248757338733,125.71125030517578,83.079445,96.145164,125.71125,0.7167870402336121,-0.8686767220497131,335577091,0.5098476822545345,148.0,79.1832048361,99.29259827339999,135.45,[148],476.0,757.0,477.5955719994937,778.188791587292
193,0,870,124.93123807730149,35.26136216351733,127.20384979248047,124.687744,35.533443,127.20385,0.7216274738311768,-0.28858235478401184,335552515,0.36512672342231295,52.0,126.25316462800001,28.8164609473,135.45,[52],870.0,539.0,859.7960486486933,549.122937972059
194,0,376,125.55971195271286,-33.8203799333387,127.39368438720703,125.136955,-33.56535,127.393684,0.7217886447906494,0.24960023164749146,335765507,0.49372431771180136,884.0,126.25316462800001,-28.8164609473,135.45,[884],412.0,557.0,401.84324055845195,574.261892988514
195,0,828,113.29588613497026,-58.43405143070777,125.0880355834961,113.09972,-57.778564,125.088036,0.7206348776817322,0.46291232109069824,335757315,0.6842118286424327,852.0,114.423046224,-55.1032348679,135.45,[852],494.0,549.0,468.76733748768913,556.9135964388101
196,0,837,90.325193444462,-89.96764795971148,125.57408142089844,90.66668,-90.09454,125.57408,0.7178969979286194,0.7700958847999573,335740931,0.3643008550603036,820.0,101.24717697999999,-80.7419293407,135.45,"[788, 820]",227.0,178.0,232.97125523954037,165.1206585784803
196,1,837,92.02926900172042,-91.71169158733301,127.9757843017578,92.297455,-91.914,127.975784,0.7178969979286194,0.7700958847999573,335749123,0.3359358974053246,820.0,101.24717697999999,-80.7419293407,135.45,"[788, 820]",155.0,244.0,163.20951013467948,233.2836808688171
197,0,41,14.797891957948195,127.85790211860166,128.46624755859375,14.913846,126.82974,128.46625,0.7084779739379883,-1.4691978693008423,335593475,1.034677575602321,212.0,28.2601586125,123.815844847,135.45,"[212, 244]",722.0,68.0,763.6822908640664,63.50933381792785
198,0,56,-127.16658148277168,12.282986842940772,130.52308654785156,-126.9685,12.558159,130.52309,0.6921513080596924,-3.05914568901062,335659011,0.33905253574516603,468.0,-127.0,1.55530143492e-14,135.45,[468],1104.0,603.0,1093.3194737176302,595.3367406891334
199,0,75,79.31359613398718,-99.3934587636586,125.47823333740234,79.4381,-99.049034,125.47823,0.716606080532074,0.8839817643165588,335740931,0.3662379371229958,788.0,79.1832048361,-99.29259827339999,135.45,[788],611.0,612.0,597.9655803896554,607.2156519154868
200,0,403,-108.06320126303035,-72.66542538944805,132.55050659179688,-108.0544,-72.155426,132.5505,0.6947110295295715,2.535548448562622,335683587,0.5100753435728033,564.0,-101.24717697999999,-80.7419293407,135.45,[564],945.0,329.0,925.0601580500779,329.35902867878553
201,0,655,36.36840437223964,-121.21216354851686,125.77396392822266,36.416386,-121.92193,125.773964,0.7114940285682678,1.2659631967544556,335724547,0.7113848154524047,724.0,28.2601586125,-123.815844847,135.45,[724],677.0,928.0,706.147251939326,926.3298303895855
202,0,597,-111.02507427333921,-62.23443914609379,129.67257690429688,-111.07187,-61.98942,129.67258,0.6940710544586182,2.616936445236206,335675395,0.2494458154473921,532.0,-114.423046224,-55.1032348679,135.45,[532],326.0,736.0,316.7518288722482,737.9188780264315
203,0,242,22.57872414225858,-124.72238703321113,126.26541900634764,22.859934,-125.0161,126.26542,0.7098397612571716,1.3783116340637207,335724547,0.40662642155349993,724.0,28.2601586125,-123.815844847,135.45,[724],553.0,385.0,565.7383125515548,374.7426211903432
204,0,788,-56.63268435655118,-116.72366010374981,130.94705200195312,-55.942734,-116.75859,130.94705,0.7005947232246399,2.008633613586426,335699971,0.6908342534201217,628.0,-56.1879442157,-116.675468393,135.45,[628],598.0,611.0,600.0723315700077,584.2103943659527
205,0,558,-8.388020555778894,129.1529101439043,129.67550659179688,-8.049648,129.4685,129.6755,0.7057631015777588,-1.649405837059021,335601667,0.46270557519334365,244.0,7.92958802448e-15,129.5,135.45,[244],600.0,280.0,588.1164057561722,266.47917776884395
206,0,31,-117.86286571969458,-47.221493710131654,129.51683044433594,-118.29497,-46.990513,129.51683,0.6932269930839539,2.746790647506714,335675395,0.48996350687810863,532.0,-114.423046224,-55.1032348679,135.45,[532],926.0,447.0,917.2696463107337,464.40722017221674
207,0,429,41.89598135980032,121.7420820999746,127.92543792724608,42.345867,120.568565,127.92544,0.7116830945014954,-1.252922534942627,335593475,1.256797019888033,180.0,56.1879442157,116.675468393,135.45,"[180, 212]",757.0,48.0,804.6645482789836,30.32148576401255
207,1,429,42.7389143704022,124.08563796940416,130.39996337890625,43.297993,122.84798,130.39996,0.7116830945014954,-1.252922534942627,335585283,1.3580773327191336,180.0,56.1879442157,116.675468393,135.45,"[180, 212]",848.0,86.0,898.4067830561662,64.03880618808785
208,0,950,-36.242631372400865,-121.2298983096291,127.3035659790039,-35.642555,-122.09855,127.303566,0.7028395533561707,1.8477941751480103,335708163,1.055767587027375,660.0,-28.2601586125,-123.815844847,135.45,[660],670.0,306.0,705.4378614948359,282.70108960396556
209,0,610,127.17842631440368,-0.1328688061603316,124.51216888427733,126.9685,-0.09914156,124.51217,0.7222698330879211,-0.012161768041551113,335544323,0.21262014892708378,20.0,127.0,0.0,135.45,[20],598.0,600.0,596.6852477535867,609.1370525761471
210,0,117,116.18956000277149,-50.83010627584281,124.37311553955078,116.55901,-50.59525,124.373116,0.72104811668396,0.3991982638835907,335757315,0.4377826463579458,852.0,114.423046224,-55.1032348679,135.45,[852],782.0,687.0,772.9251436822875,672.6605511508592
211,0,386,70.2180696770165,107.21295147657929,126.73062133789061,69.08813,107.302864,126.73062,0.7151082158088684,-1.0043978691101074,335577091,1.1335141908154813,148.0,79.1832048361,99.29259827339999,135.45,"[148, 180]",922.0,198.0,918.814128127172,243.3945936366598
212,0,958,97.15396491440697,86.09880933281283,127.80853271484375,96.56894,86.55773,127.80853,0.7182289361953735,-0.7386999726295471,335568899,0.7435487538881974,116.0,101.24717697999999,80.7419293407,135.45,[116],834.0,414.0,816.2751996845134,438.271517376279
213,0,0,109.7499069452656,63.26516784857358,124.39823150634766,110.44702,63.28694,124.39823,0.7200910449028015,-0.5361166000366211,335560707,0.6974544958400039,84.0,114.423046224,55.1032348679,135.45,[84],929.0,442.0,928.4773192269432,415.07442885062346
214,0,472,-124.22701188564065,36.17738504225417,132.09649658203125,-124.3824,36.871246,132.0965,0.6926288604736328,-2.8722212314605713,335650819,0.7110479048560858,436.0,-126.25316462800001,28.8164609473,135.45,[436],924.0,676.0,896.4369637981669,683.0461096943748
215,0,501,62.55885770988698,115.01653690650346,129.6652069091797,61.72535,113.97383,129.6652,0.7140213847160339,-1.0863924026489258,335585283,1.33490497703144,180.0,56.1879442157,116.675468393,135.45,[180],493.0,823.0,535.6427405401382,856.836539767479
216,0,264,-109.36372232395206,-64.37882391040239,129.26382446289062,-109.46232,-65.33169,129.26382,0.6942289471626282,2.595837354660034,335675395,0.9579514731093087,532.0,-114.423046224,-55.1032348679,135.45,[532],192.0,800.0,230.97643829990432,804.3729560019176
217,0,958,97.16155917467177,86.10535779717429,127.8184051513672,97.27341,85.674355,127.818405,0.7182289361953735,-0.7386999726295471,335568899,0.44527938240540527,116.0,101.24717697999999,80.7419293407,135.45,[116],799.0,443.0,816.5371382589717,438.57528778687083
218,0,163,-127.69457947717171,2.9621837899530874,130.502197265625,-126.9685,2.8212276,130.5022,0.6921023726463318,-3.1322412490844727,335659011,0.7396368291003991,468.0,-127.0,1.55530143492e-14,135.45,[468],714.0,603.0,720.4873515981228,574.2168209131319
219,0,482,18.637333260869127,125.98871888996439,127.03141021728516,18.380741,126.038445,127.03141,0.7089558839797974,-1.4374065399169922,335593475,0.26136596040569454,212.0,28.2601586125,123.815844847,135.45,[212],690.0,206.0,688.9149617185757,217.08698593476512
220,0,156,-106.71462239741959,73.7360699914484,132.0542755126953,-107.24823,73.16632,132.05428,0.694583535194397,-2.5509626865386963,335634435,0.7806095009372118,372.0,-101.24717697999999,80.7419293407,135.45,[372],298.0,361.0,321.76562602993613,383.302183303216
221,0,623,-126.66771998518965,4.837626826159067,129.51153564453125,-126.9685,5.189106,129.51154,0.6921060681343079,-3.117156505584717,335659011,0.46260691027123263,468.0,-127.0,1.55530143492e-14,135.45,[468],809.0,603.0,795.505073046362,615.2912005924145
222,0,97,-99.55458873688985,82.10322020096328,131.23394775390625,-99.86825,82.42053,131.23395,0.6953232884407043,-2.4658873081207275,335634435,0.44617154328996855,372.0,-101.24717697999999,80.7419293407,135.45,[372],669.0,657.0,656.4516344105311,669.7035297244054
223,0,82,38.459083762323644,-121.22257844070941,126.3560562133789,38.948032,-121.3441,126.35606,0.7117227911949158,1.2501786947250366,335724547,0.5038238488631088,724.0,28.2601586125,-123.815844847,135.45,[724],700.0,1029.0,705.7306562516237,1009.9570059929457
224,0,466,-118.27881728528428,47.192933603084384,129.9294891357422,-118.045815,47.507885,129.92949,0.6930697560310364,-2.7757320404052734,335642627,0.39177118410993933,404.0,-114.423046224,55.1032348679,135.45,[404],298.0,457.0,285.5879494073753,447.769157548629
225,0,989,-126.03617255796826,32.4571979768898,132.8953094482422,-125.3871,32.46939,132.89531,0.6925135850906372,-2.903641939163208,335650819,0.649186850523007,436.0,-126.25316462800001,28.8164609473,135.45,[436],748.0,636.0,747.629481183592,610.6796828012705
226,0,671,-25.607614391103198,-123.95506243389502,127.11640930175781,-25.467825,-124.42087,127.11641,0.7041026949882507,1.7610355615615845,335708163,0.4863289448460375,660.0,-28.2601586125,-123.815844847,135.45,[660],577.0,713.0,596.4312965241993,708.1017688558723
227,0,282,-72.8364544860824,103.76555699667006,128.3991241455078,-73.29018,103.95184,128.39912,0.6981958746910095,-2.196437120437622,335626243,0.4904754225175095,340.0,-79.1832048361,99.29259827339999,135.45,[340],788.0,837.0,780.9183489308026,855.8700140007039
228,0,545,87.41970762470146,-92.89279503390208,125.7071533203125,87.427155,-92.67798,125.70715,0.7175442576408386,0.8024089336395264,335740931,0.2149455584264891,788.0,79.1832048361,-99.29259827339999,135.45,"[788, 820]",866.0,931.0,857.9921295799164,931.4601115440581
229,0,16,-14.337894025267815,-126.94352085897964,128.0529327392578,-14.296572,-126.970634,128.05293,0.7054593563079834,1.669684648513794,335708163,0.049423469539440164,660.0,-28.2601586125,-123.815844847,135.45,"[660, 692]",475.0,1160.0,476.89295952081466,1158.8905834892876
229,1,16,-14.657617617265714,-129.46105944237087,130.59661865234375,-14.710805,-129.4685,130.59662,0.7054593563079834,1.669684648513794,335716355,0.0537060550421374,660.0,-28.2601586125,-123.815844847,135.45,"[660, 692]",375.0,1143.0,376.1914161851655,1146.1016398093716
230,0,754,1.7084314673338667,-129.20793932720423,129.178466796875,0.8459528,-129.4685,129.17847,0.7073520421981812,1.5438733100891113,335716355,0.9009796634861514,692.0,-2.37887640734e-14,-129.5,135.45,[692],603.0,635.0,613.6824269118313,670.3372586933557
231,0,705,114.51249919883685,56.702181646278405,125.39933013916016,114.22339,55.445225,125.39933,0.7205637097358704,-0.4730699360370636,335560707,1.2897773086189424,84.0,114.423046224,55.1032348679,135.45,[84],615.0,594.0,665.9578711351361,605.5781189934737
232,0,372,84.94809065082518,95.36132085519148,125.96430206298828,84.15708,95.285774,125.9643,0.7169301509857178,-0.8564466238021851,335577091,0.7946084599262202,148.0,79.1832048361,99.29259827339999,135.45,[148],441.0,800.0,444.7489032716595,832.5954325890069
233,0,850,-50.631270694106206,-117.69714247280422,129.20669555664062,-51.2147,-119.03549,129.2067,0.7012116312980652,1.9633440971374512,335699971,1.459988921248505,628.0,-56.1879442157,-116.675468393,135.45,[628],507.0,800.0,561.1330368078313,824.2669408637516
234,0,795,127.76035940361821,0.9195785891233754,125.08549499511719,126.9685,0.9227773,125.085495,0.7222676873207092,-0.020464878529310226,335544323,0.7918676341630253,20.0,127.0,0.0,135.45,[20],638.0,600.0,638.783143564935,632.4143761447283
235,0,130,-116.2229359955395,-52.10308267303208,129.87710571289062,-116.17601,-51.39057,129.8771,0.6934657692909241,2.7063753604888916,335675395,0.7140546716381203,532.0,-114.423046224,-55.1032348679,135.45,[532],750.0,531.0,722.0060877947168,530.00440913842
235,1,73,-117.48367002713599,-51.01956058671658,130.6206817626953,-116.43151,-50.860016,130.62068,0.6933946013450623,2.7180426120758057,335675395,1.0641866812253833,532.0,-114.423046224,-55.1032348679,135.45,[532],771.0,521.0,765.3469712473367,479.5750478745606
235,2,130,-115.93412474722027,-51.97834517771935,129.5563201904297,-116.0317,-51.69023,129.55632,0.6934657692909241,2.7063753604888916,335675395,0.30418834511043424,532.0,-114.423046224,-55.1032348679,135.45,[532],738.0,537.0,726.995587607226,541.5568590711894
235,3,326,-115.39012553825751,-63.58806233112591,134.23956298828125,-111.369,-61.372425,134.23956,0.6940217018127441,2.623689889907837,335675395,4.5911297650437835,532.0,-114.423046224,-55.1032348679,135.45,[532],351.0,724.0,262.6069014709634,563.3168274296997
235,4,924,-118.36244488224702,-53.423231479489004,132.4158477783203,-115.738525,-52.29902,132.41585,0.6934831142425537,2.7035694122314453,335675395,2.8546116220319155,532.0,-114.423046224,-55.1032348679,135.45,[532],714.0,549.0,669.2001355364397,444.4240536701193
235,5,597,-116.66260950707692,-65.2883441493932,136.20455932617188,-111.00268,-62.13311,136.20456,0.6940710544586182,2.616936445236206,335675395,6.47999443238086,532.0,-114.423046224,-55.1032348679,135.45,[532],320.0,738.0,194.595628740272,512.4174686769231
235,6,913,-123.98609414232374,-58.79263285015895,139.89501953125,-114.78601,-54.276936,139.89502,0.6936074495315552,2.683969497680664,335675395,10.2485636275886,532.0,-114.423046224,-55.1032348679,135.45,[532],635.0,587.0,454.42408070964177,219.47808326705058
235,7,326,-120.88553625254326,-66.51045719164995,140.5810546875,-111.260895,-61.596905,140.58105,0.6940217018127441,2.623689889907837,335675395,10.80632782748082,532.0,-114.423046224,-55.1032348679,135.45,[532],342.0,728.0,145.71110705000194,343.5003988582696
235,8,757,-120.81234987929952,-60.78027461540751,137.84657287597656,-113.95306,-56.00658,137.84657,0.6937607526779175,2.6608500480651855,335675395,8.356917184806763,532.0,-114.423046224,-55.1032348679,135.45,[532],565.0,620.0,374.9184100996996,346.4278537880193
235,9,771,-115.49981221937378,-61.45782611735467,133.32449340820312,-112.29967,-59.555122,133.3245,0.693915843963623,2.6384522914886475,335675395,3.7230644179948396,532.0,-114.423046224,-55.1032348679,135.45,[532],423.0,686.0,347.81635002181304,558.9293601850488
236,0,967,23.15046733330564,124.70472949200291,126.41019439697266,22.928278,125.0005,126.410194,0.7095064520835876,-1.400651454925537,335593475,0.3699329681741056,212.0,28.2601586125,123.815844847,135.45,[212],649.0,388.0,637.5553858001166,397.6123488322257
237,0,34,-96.2740887973373,-86.5309723733485,131.5162353515625,-96.53685,-86.59797,131.51624,0.6959994435310364,2.3954925537109375,335683587,0.2711678302647238,564.0,-101.24717697999999,-80.7419293407,135.45,[564],367.0,790.0,370.4382786940596,800.9235273065076
238,0,955,-68.10094359394816,106.83479824587903,128.21533203125,-68.6046,107.68847,128.21533,0.6987391114234924,-2.1518917083740234,335626243,0.9911722399720473,340.0,-79.1832048361,99.29259827339999,135.45,"[308, 340]",937.0,1025.0,903.6879988991615,1045.2904496860735
239,0,960,106.94587635227617,74.11417699664798,127.89974975585938,106.3755,74.26069,127.89975,0.719385027885437,-0.6195826530456543,335568899,0.5888895041598342,116.0,101.24717697999999,80.7419293407,135.45,[116],342.0,807.0,336.8899062379194,829.9479748910471
240,0,523,-111.97043966900492,61.39056833622362,130.1473846435547,-112.01086,60.039604,130.14738,0.6938083171844482,-2.653879165649414,335642627,1.3515685935475272,404.0,-114.423046224,55.1032348679,135.45,[404],799.0,698.0,853.4933387329448,700.1042621998033
241,0,530,-127.21071187000874,-4.6525129433466645,130.0562286376953,-126.9685,-4.492564,130.05623,0.6921202540397644,3.0912411212921143,335659011,0.2902603098607624,468.0,-127.0,1.55530143492e-14,135.45,[468],422.0,603.0,415.8994822661328,593.571525199651
242,0,849,30.670456049792847,123.0570493086052,126.23576354980469,30.804342,123.20284,126.23576,0.7104095220565796,-1.3399245738983154,335593475,0.19794250812965328,212.0,28.2601586125,123.815844847,135.45,[212],577.0,703.0,571.6481784642082,698.4118974917138
243,0,241,-126.91628733200429,13.391599875787506,130.38040161132812,-126.9685,12.973819,130.3804,0.6921625733375549,-3.050295352935791,335659011,0.4210309046939267,468.0,-127.0,1.55530143492e-14,135.45,[468],1120.0,603.0,1137.6639950314996,605.348506719829
244,0,764,-104.82447363579922,-78.85294222551511,133.42788696289062,-103.38711,-78.00802,133.42789,0.6951720118522644,2.482508659362793,335683587,1.6673081650905857,564.0,-101.24717697999999,-80.7419293407,135.45,[564],711.0,516.0,677.5594846073955,458.90813376803067
245,0,995,-126.25335257706956,-30.826361023352547,132.69461059570312,-125.59064,-31.577631,132.69461,0.6925690770149231,2.8880410194396973,335667203,1.0017975017660325,500.0,-126.25316462800001,-28.8164609473,135.45,[500],491.0,628.0,521.6039969578981,601.9924820372182
246,0,654,-126.7904019398834,-13.49033149171737,130.2548828125,-126.9685,-13.602752,130.25488,0.6922064423561096,3.0217771530151367,335659011,0.21061006372652563,468.0,-127.0,1.55530143492e-14,135.45,[468],57.0,603.0,62.38674033130458,610.3839224046646
247,0,247,126.77262653549941,-4.305374522453349,124.1867446899414,126.9685,-4.0798945,124.186745,0.7222675681114197,0.020776348188519478,335544323,0.29867531195449526,20.0,127.0,0.0,135.45,[20],438.0,600.0,429.78501910186606,592.9050614199764
248,0,593,-114.25161895138876,55.405271060159066,129.4759063720703,-114.22322,55.44557,129.4759,0.6934816837310791,-2.7037978172302246,335642627,0.04930122935542528,404.0,-114.423046224,55.1032348679,135.45,[404],615.0,609.0,614.0814476903626,608.8570909044495
249,0,613,-74.60097076880675,-102.47003640668254,128.3489990234375,-74.49666,-102.9897,128.349,0.6983157992362976,2.1864724159240723,335691779,0.5300298727208598,596.0,-79.1832048361,-99.29259827339999,135.45,[596],454.0,789.0,474.9024746686979,785.2893626917302
250,0,835,-82.16303748094924,96.45119829538771,128.52301025390625,-82.595535,96.53107,128.52301,0.6971139311790466,-2.29000186920166,335626243,0.43981057042774496,340.0,-79.1832048361,99.29259827339999,135.45,[340],491.0,465.0,488.3440008795088,482.80669420603033
251,0,524,-104.39511445534026,76.69807122346629,131.8351287841797,-104.02832,77.203964,131.83513,0.6948260068893433,-2.5219452381134033,335634435,0.624872531577549,372.0,-101.24717697999999,80.7419293407,135.45,[372],460.0,490.0,440.24567531065145,476.08250098638905
252,0,292,104.07296276362331,77.24298933982527,127.45040130615233,104.18268,77.0104,127.4504,0.7190870046615601,-0.6520087718963623,335568899,0.25716883763078024,116.0,101.24717697999999,80.7419293407,135.45,[116],452.0,719.0,462.0423999650109,715.0314313449326
253,0,475,127.4661599621761,23.259623155508052,126.90571594238281,127.44013,23.474455,126.905716,0.7219790816307068,-0.19395139813423157,335552515,0.21640267376967023,52.0,126.25316462800001,28.8164609473,135.45,[52],388.0,649.0,379.72648832832203,650.5198133670439
254,0,327,54.6665692498118,-116.73431741494278,127.73644256591797,55.09263,-117.167984,127.73644,0.7135723233222961,1.1192810535430908,335732739,0.6079417582285396,756.0,56.1879442157,-116.675468393,135.45,[756],582.0,558.0,599.6460391222888,541.1450013644719
255,0,656,-14.413823693334052,127.316033302574,128.5072784423828,-14.007711,127.03656,128.50728,0.7050490379333496,-1.6971595287322998,335609859,0.4929832455076801,244.0,7.92958802448e-15,129.5,135.45,"[244, 276]",503.0,41.0,514.6413321029598,25.447052266637655
255,1,656,-14.654715429408498,129.74520564630393,130.9554901123047,-14.131147,129.4685,130.95549,0.7050490379333496,-1.6971595287322998,335601667,0.5921876979349541,244.0,7.92958802448e-15,129.5,135.45,"[244, 276]",600.0,36.0,611.8082258521571,15.81138282365984
256,0,484,106.21145646923651,74.96343240518172,127.80035400390624,105.99501,74.737816,127.800354,0.7193074822425842,-0.6281594038009644,335568899,0.3126527436804174,116.0,101.24717697999999,80.7419293407,135.45,[116],361.0,791.0,370.8601225792688,800.5711795694606
257,0,191,-72.20206900874246,105.20913263898956,129.21055603027344,-72.19646,104.82405,129.21056,0.6983221173286438,-2.1859540939331055,335626243,0.3851226282725302,340.0,-79.1832048361,99.29259827339999,135.45,[340],823.0,881.0,838.6613746235827,881.2454330943018
258,0,83,-105.78481086168313,-74.60771108197787,131.72605895996094,-105.87272,-74.89116,131.72606,0.6948997378349304,2.5133614540100098,335683587,0.29676684864267966,564.0,-101.24717697999999,-80.7419293407,135.45,[564],836.0,416.0,847.368730348885,420.4946447326745
259,0,282,-73.24718501915822,104.36808345243526,129.13763427734375,-73.520615,103.768074,129.13763,0.6981958746910095,-2.196437120437622,335626243,0.6593747409889877,340.0,-79.1832048361,99.29259827339999,135.45,[340],781.0,828.0,805.0194071614106,839.4407926776711
260,0,968,93.09582763482922,90.58260031935879,127.97335052490236,93.67567,90.185776,127.97335,0.7177324891090393,-0.7852898836135864,335568899,0.702625932783323,116.0,101.24717697999999,80.7419293407,135.45,"[116, 148]",979.0,299.0,995.6268391463516,275.946026193169
261,0,46,-119.7384070582907,-45.58183306948922,130.70831298828125,-119.36361,-44.771446,130.70831,0.6931321024894714,2.763989210128784,335675395,0.8928606733227257,532.0,-114.423046224,-55.1032348679,135.45,[532],1015.0,404.0,982.856071936431,389.38556662837186
262,0,143,-125.72872205233534,35.17666141238351,133.29823303222656,-124.746666,35.27532,133.29823,0.6925880312919617,-2.8829243183135986,335650819,0.9869991540817291,436.0,-126.25316462800001,28.8164609473,135.45,[436],860.0,662.0,856.4080186033403,622.977703026587
262,1,143,-126.08349447868113,35.28136627731874,133.67588806152344,-124.82897,34.914684,133.67589,0.6925880312919617,-2.8829243183135986,335650819,1.3070128803696779,436.0,-126.25316462800001,28.8164609473,135.45,[436],845.0,658.0,860.5962132007495,608.7868059727555
263,0,685,-103.86874192442156,78.11428981645622,132.246826171875,-103.56885,77.78013,132.24683,0.6949218511581421,-2.5108089447021484,335634435,0.44899930014430217,372.0,-101.24717697999999,80.7419293407,135.45,[372],483.0,509.0,496.89441903024886,497.1374022231373
264,0,156,-107.5135547633613,74.30492726486773,133.05271911621094,-106.91107,73.5891,133.05272,0.694583535194397,-2.5509626865386963,335634435,0.9356223203184532,372.0,-101.24717697999999,80.7419293407,135.45,[372],315.0,375.0,344.51991696670916,351.3448886655476
265,0,133,56.62031675423259,-116.9008129171566,128.68544006347656,56.66664,-116.40998,128.68544,0.7137531042098999,1.1061018705368042,335732739,0.49301333691848614,756.0,56.1879442157,-116.675468393,135.45,[756],612.0,621.0,592.986219033736,619.2949015413035
266,0,831,97.71088264963237,85.08234173781057,127.54387664794922,97.700806,85.13842,127.54388,0.7183194756507874,-0.7299493551254272,335568899,0.05697656450346706,116.0,101.24717697999999,80.7419293407,135.45,[116],777.0,460.0,775.6164958844226,460.5482267852949
267,0,514,55.30806386919812,-116.6417643264399,127.91259002685545,55.60268,-116.922356,127.91259,0.7136386036872864,1.1144579648971558,335732739,0.4068541237164788,756.0,56.1879442157,-116.675468393,135.45,[756],592.0,578.0,603.3481626624041,566.8047861399248
268,0,236,14.16511845250352,-126.37595582521936,126.86183166503906,14.254009,-126.98035,126.86183,0.7088310122489929,1.4457193613052368,335724547,0.610892689660005,724.0,28.2601586125,-123.815844847,135.45,"[692, 724]",475.0,41.0,499.59556087122564,38.19839360014086
268,1,236,14.407229360035672,-128.84100596508796,129.3327178955078,14.391814,-129.4685,129.33272,0.7088310122489929,1.4457193613052368,335716355,0.6276892093277795,692.0,-2.37887640734e-14,-129.5,135.45,"[692, 724]",603.0,1177.0,628.3597613964821,1178.2891744014278
269,0,321,-47.41367879385325,-120.6281797196466,130.62326049804688,-46.59474,-121.260345,130.62326,0.701653778553009,1.9314478635787964,335699971,1.0345488325956773,628.0,-56.1879442157,-116.675468393,135.45,[628],418.0,985.0,443.89154693413616,952.9706168738699
269,1,30,-45.5893389986104,-122.23550110383144,131.43231201171875,-46.121468,-121.488266,131.43231,0.7019003629684448,1.91383957862854,335699971,0.917344619900623,628.0,-56.1879442157,-116.675468393,135.45,[628],409.0,1004.0,379.59869156674245,1025.9442086835838
270,0,937,4.003293529227449,129.7205871373888,129.76866149902344,4.158695,129.4685,129.76866,0.7072036266326904,-1.5537092685699463,335601667,0.2961328359274837,244.0,7.92958802448e-15,129.5,135.45,[244],600.0,768.0,610.8234854955521,762.1317411690976
271,0,459,19.955170952147455,-125.76176469986649,126.90646362304688,21.17859,-125.39986,126.90646,0.7095165848731995,1.3999733924865723,335724547,1.275826617597927,724.0,28.2601586125,-123.815844847,135.45,[724],538.0,318.0,524.1632058853406,269.8004935858982
272,0,899,126.11516780431747,-1.929764172027717,123.48536682128906,126.9685,-1.827653,123.48537,0.7222709059715271,0.0022028086241334677,335544323,0.8594181150741723,20.0,127.0,0.0,135.45,[20],528.0,600.0,524.8094331188913,566.6067121726985
273,0,745,130.18119776549418,-16.487910126394127,128.4875946044922,129.08948,-16.248228,128.4876,0.7221727967262268,0.11235459893941879,335765507,1.1177211367159852,884.0,126.25316462800001,-28.8164609473,135.45,[884],1104.0,715.0,1095.1420328362349,759.1213254997666
274,0,324,67.42386953006189,-108.90239923260515,126.65224456787108,68.22398,-107.992,126.652245,0.7151262164115906,1.0030015707015991,335740931,1.2120294720676628,788.0,79.1832048361,-99.29259827339999,135.45,"[756, 788]",254.0,163.0,217.6079616317935,131.62658775847547
274,1,324,68.75941369396469,-111.1271153099542,129.21795654296875,69.47736,-110.240654,129.21796,0.7151262164115906,1.0030015707015991,335732739,1.1407303436164327,788.0,79.1832048361,-99.29259827339999,135.45,"[756, 788]",164.0,213.0,128.6193185378312,185.0483543145873
275,0,500,-124.11225842661042,35.55306865129296,131.8102569580078,-124.73437,35.32918,131.81026,0.6926120519638062,-2.8765852451324463,335650819,0.6611693565793014,436.0,-126.25316462800001,28.8164609473,135.45,[436],862.0,662.0,871.4643081597184,687.6362480555838
276,0,644,25.09556979489389,-124.58880911597885,126.55339050292969,24.8576,-124.56015,126.55339,0.7101327180862427,1.3586058616638184,335724547,0.23969003475488748,724.0,28.2601586125,-123.815844847,135.45,[724],572.0,465.0,571.0814292408463,475.41644729575563
277,0,963,-81.69497267369889,98.19318717852093,129.54515075683594,-80.768364,97.98818,129.54515,0.6972426772117615,-2.2784769535064697,335626243,0.9490157097440562,340.0,-79.1832048361,99.29259827339999,135.45,[340],549.0,538.0,558.0235562048375,501.5292864960446
278,0,693,123.86704754749553,-39.44343979939458,127.38848114013672,123.786964,-39.480034,127.38848,0.7215997576713562,0.29476988315582275,335765507,0.08804790856744052,884.0,126.25316462800001,-28.8164609473,135.45,[884],175.0,503.0,176.92084591621665,506.5553167798208
279,0,867,97.8155720271211,-82.97037535306936,126.1962890625,98.69529,-83.89138,126.19629,0.7187209725379944,0.6900820732116699,335749123,1.2736377662510154,820.0,101.24717697999999,-80.7419293407,135.45,[820],476.0,499.0,512.8621595052255,464.7358018848445
280,0,97,-99.93968882615218,82.4299618306045,131.74754333496094,-99.72723,82.59737,131.74754,0.6953232884407043,-2.4658873081207275,335634435,0.27048957572867166,372.0,-101.24717697999999,80.7419293407,135.45,[372],676.0,662.0,669.5212995961799,654.2995261539124
281,0,237,-88.92304774856893,91.91991242668382,129.8576202392578,-88.89383,91.50834,129.85762,0.6964300870895386,-2.353397846221924,335626243,0.41260933060413496,340.0,-79.1832048361,99.29259827339999,135.45,"[340, 372]",290.0,213.0,307.09256613135324,212.40628350124268
282,0,227,-80.06715551064053,-98.47418443622837,128.6350860595703,-79.99465,-98.6052,128.63509,0.6976839303970337,2.239816904067993,335691779,0.14974083552225056,596.0,-79.1832048361,-99.29259827339999,135.45,[596],629.0,569.0,634.7365534868646,566.6419730183787
283,0,805,108.39495879886317,-67.36757978209334,125.3355941772461,108.54513,-67.23627,125.335594,0.7200379371643066,0.5427854061126709,335757315,0.19948376542260707,852.0,114.423046224,-55.1032348679,135.45,"[820, 852]",116.0,366.0,111.4262034322661,360.8765029945266
283,1,805,108.4273806922597,-67.38833271515296,125.37339782714844,108.58479,-67.24713,125.3734,0.7200379371643066,0.5427854061126709,335757315,0.2114627376242534,852.0,114.423046224,-55.1032348679,135.45,"[820, 852]",116.0,368.0,110.59608610988164,362.17337873038787
284,0,804,-57.47977073738912,116.94142928973156,131.60255432128906,-56.87514,116.30957,131.60255,0.7001541256904602,-2.041600465774536,335618051,0.8745414298666873,308.0,-56.1879442157,116.675468393,135.45,[308],587.0,574.0,612.6384358692621,550.3269391324352
285,0,270,-4.316117968635808,-129.29756403957364,129.45730590820312,-3.7611065,-129.4685,129.4573,0.7066498398780823,1.590434193611145,335716355,0.5807399124959797,692.0,-2.37887640734e-14,-129.5,135.45,[692],603.0,451.0,610.0974384170547,429.3552812545686
286,0,563,7.635501107118216,-129.466067142975,129.5238494873047,7.977109,-129.4685,129.52385,0.708041787147522,1.4981496334075928,335716355,0.34161655307373606,692.0,-2.37887640734e-14,-129.5,135.45,[692],603.0,921.0,603.3573142810008,907.4200442847297
287,0,821,96.19235329143521,-86.52402946174516,127.34519958496095,95.987335,-87.28703,127.3452,0.718431293964386,0.7190260887145996,335749123,0.7900676798939207,820.0,101.24717697999999,-80.7419293407,135.45,[820],340.0,391.0,370.71599515819344,399.80705245740864
288,0,481,126.19691364958692,-26.77539432935191,126.35338592529298,126.919655,-25.754805,126.353386,0.7219738364219666,0.19566930830478668,335765507,1.2505831479970961,884.0,126.25316462800001,-28.8164609473,135.45,[884],724.0,628.0,683.6426647179235,599.7499608634763
289,0,590,-128.83239410711826,-18.789770306852006,132.9871063232422,-128.5901,-18.436127,132.9871,0.6922858953475952,2.982661724090576,335667203,0.4286825194686397,500.0,-126.25316462800001,-28.8164609473,135.45,[500],1017.0,508.0,1003.0676256179197,498.8308208352703
290,0,393,56.735141287624174,115.76485760066043,127.77899932861328,57.332005,116.089554,127.779,0.7134429812431335,-1.1286615133285522,335585283,0.6794655207113446,180.0,56.1879442157,116.675468393,135.45,[180],578.0,647.0,565.5755683064172,623.8878828769668
291,0,118,-129.29906937493143,15.739987856886728,133.0658721923828,-129.2431,15.575148,133.06587,0.6921853423118591,-3.034569263458252,335650819,0.1740819716777291,436.0,-126.25316462800001,28.8164609473,135.45,[436],72.0,482.0,78.9410763834691,480.16381012274337
292,0,252,98.56537166370117,-84.03360080028051,127.44017791748048,98.66497,-83.92939,127.44018,0.7186974883079529,0.6924654841423035,335749123,0.1441520323370916,820.0,101.24717697999999,-80.7419293407,135.45,[820],474.0,498.0,470.33314161677936,494.72778734804706
293,0,929,76.23625223588851,102.32898355877114,126.04605865478516,76.15631,101.666176,126.04606,0.7158769369125366,-0.9438648223876953,335577091,0.6676111627346291,148.0,79.1832048361,99.29259827339999,135.45,[148],696.0,480.0,723.455411414846,484.1218959915403
294,0,561,-117.66879709244222,-47.370275772082096,129.38795471191406,-117.83351,-47.94874,129.38795,0.6932362914085388,2.7451465129852295,335675395,0.6014561082513123,532.0,-114.423046224,-55.1032348679,135.45,[532],888.0,465.0,911.318363832716,472.1699652623113
295,0,637,-76.09211288760616,101.56372425100881,128.5976104736328,-78.68061,99.653114,128.59761,0.6978283524513245,-2.227428674697876,335626243,3.2172583069555967,340.0,-79.1832048361,99.29259827339999,135.45,[340],616.0,622.0,692.8450391043526,725.6436779397535
296,0,929,75.96907904076033,101.98016542575806,125.61206054687499,76.51084,101.383446,125.61206,0.7158769369125366,-0.9438648223876953,335577091,0.8059657589844108,148.0,79.1832048361,99.29259827339999,135.45,[148],685.0,495.0,709.5026860943227,473.43496818641313
297,0,129,42.74132862328497,-120.27091968657669,126.72800445556639,42.803463,-120.46412,126.728004,0.7122157216072083,1.2158992290496826,335724547,0.20294491086957592,756.0,56.1879442157,-116.675468393,135.45,"[724, 756]",450.0,66.0,458.1819482569324,64.13537630339874
297,1,987,43.461601077284286,-122.5570968508373,129.10752868652344,43.482063,-122.75934,129.10753,0.7122097611427307,1.2163147926330566,335732739,0.2032740464652712,756.0,56.1879442157,-116.675468393,135.45,[756],358.0,93.0,366.7348616865081,92.94627446337131
298,0,958,96.71285230974672,85.71839419381104,127.23506164550781,97.23607,85.721176,127.23506,0.7182289361953735,-0.7386999726295471,335568899,0.5232238116425367,116.0,101.24717697999999,80.7419293407,135.45,[116],801.0,441.0,801.0585941244415,420.6270131898691
299,0,890,-28.54354599357339,124.18230743721426,128.0992431640625,-27.88333,123.869545,128.09924,0.7033816576004028,-1.8103110790252686,335609859,0.7305520614595096,276.0,-28.2601586125,123.815844847,135.45,[276],604.0,617.0,616.6585036085706,590.6645047570646
300,0,358,-123.35190852179949,-37.59270673838182,131.6208038330078,-124.351295,-37.007526,131.6208,0.6927976608276367,2.8318142890930176,335667203,1.1581063447410327,500.0,-126.25316462800001,-28.8164609473,135.45,[500],274.0,678.0,250.9501683567271,718.0502442480213
301,0,664,-62.22808286897725,113.73927587842581,131.04812622070312,-62.2691,113.711975,131.04813,0.6995819211006165,-2.0853190422058105,335618051,0.04927223548429899,308.0,-56.1879442157,116.675468393,135.45,[308],483.0,358.0,484.5522994170324,360.39445386890975
302,0,832,39.8960498187007,-120.70923262842916,126.280029296875,40.0429,-121.0942,126.28003,0.711895763874054,1.2381916046142578,335724547,0.4120254620810214,724.0,28.2601586125,-123.815844847,135.45,[724],710.0,1073.0,726.2644887428337,1067.4356482480282
303,0,11,-5.643323079156289,130.08316626074247,130.3981475830078,-5.5140586,129.4685,130.39815,0.7060847282409668,-1.6279823780059814,335601667,0.6281056576586346,244.0,7.92958802448e-15,129.5,135.45,[244],600.0,381.0,625.3266504296988,376.26707683374815
304,0,173,-71.1121662009682,-105.48785607242189,128.74266052246094,-70.538086,-106.14656,128.74266,0.6987589597702026,2.1502904891967773,335691779,0.8737619208828029,596.0,-79.1832048361,-99.29259827339999,135.45,"[596, 628]",327.0,947.0,354.1896880391238,924.8415454052719
305,0,183,-10.30804030332638,-128.58021343006493,129.20852661132812,-9.361228,-129.4685,129.20853,0.7059479355812073,1.6370887756347656,335716355,1.2982746235512106,692.0,-2.37887640734e-14,-129.5,135.45,[692],603.0,227.0,638.7914627974033,189.67838786694577
306,0,471,-108.8383418564872,66.26979966654244,129.81192016601562,-108.67536,66.96582,129.81192,0.694133996963501,-2.608435869216919,335642627,0.7148477409554259,404.0,-114.423046224,55.1032348679,135.45,"[372, 404]",1076.0,831.0,1048.6625919456974,825.3881747005119
307,0,555,-11.213018111670863,-130.01681510823744,130.7341766357422,-12.627505,-129.4685,130.73418,0.7058597803115845,1.6429598331451416,335716355,1.5170422028432504,692.0,-2.37887640734e-14,-129.5,135.45,[692],603.0,96.0,581.3273956705029,153.47927553316643
308,0,317,-69.08408063663683,-110.47371818030024,131.77499389648438,-68.688644,-110.62048,131.775,0.6991933584213257,2.115666151046753,335699971,0.42179359791302246,628.0,-56.1879442157,-116.675468393,135.45,"[596, 628]",844.0,101.0,850.0700085079905,86.1545431625268
309,0,163,-127.42712740898375,2.95228191203023,130.228759765625,-126.9685,3.02945,130.22876,0.6921023726463318,-3.1322412490844727,335659011,0.4650759382422988,468.0,-127.0,1.55530143492e-14,135.45,[468],723.0,603.0,720.0912764812085,584.9149036406504
310,0,8,39.36391636650205,121.52497077362727,126.97052764892578,39.400394,121.240845,126.97053,0.7114206552505493,-1.2710121870040894,335593475,0.28645813035187084,212.0,28.2601586125,123.815844847,135.45,[212],498.0,1047.0,510.3650370650911,1046.1503101600822
311,0,695,53.5739379481829,-118.05950252635739,128.5052947998047,52.23672,-118.54331,128.5053,0.7134082913398743,1.1311670541763306,335732739,1.4220480793119692,756.0,56.1879442157,-116.675468393,135.45,[756],527.0,443.0,546.6386346657043,497.43974929931596
312,0,357,-33.04882810660456,-121.69605338031124,126.80736541748047,-32.981964,-122.70581,126.807365,0.7032044529914856,1.8225196599960327,335708163,1.0119685416509734,660.0,-28.2601586125,-123.815844847,135.45,[660],646.0,413.0,686.7916586675506,410.45322023581775
313,0,775,-128.61681553473773,19.737578048775504,132.92124938964847,-128.09825,20.59108,132.92125,0.6922409534454346,-3.0034186840057373,335650819,0.9986860919066914,436.0,-126.25316462800001,28.8164609473,135.45,[436],272.0,528.0,238.84468405902012,507.45396373049175
314,0,784,129.44017594644822,-15.663837701091325,127.6666488647461,129.21375,-15.703741,127.66665,0.7221820950508118,0.10688552260398865,335765507,0.22991998516426146,884.0,126.25316462800001,-28.8164609473,135.45,[884],1126.0,720.0,1128.104929848347,729.4804527379284
315,0,326,-111.47037644677994,-61.4977863257991,129.7135467529297,-111.28192,-61.553246,129.71355,0.6940217018127441,2.623689889907837,335675395,0.1964460093618972,532.0,-114.423046224,-55.1032348679,135.45,[532],343.0,727.0,346.21794168403596,720.1067910888025
316,0,131,127.66413740431312,-20.471912706773765,126.61323547363283,128.50426,-18.8122,126.613235,0.7221062779426575,0.14557453989982605,335765507,1.8602273330044063,884.0,126.25316462800001,-28.8164609473,135.45,[884],1002.0,692.0,935.7819296210494,658.4389110525245
317,0,308,-60.42854082497479,114.49002473023756,130.81903076171875,-60.668358,114.48285,130.81903,0.6997767090797424,-2.0703160762786865,335618051,0.23992435148807673,308.0,-56.1879442157,116.675468393,135.45,[308],514.0,422.0,514.5822534895024,432.37613562900833
318,0,105,-22.518879155754803,-125.80189976998236,128.2788543701172,-21.27764,-125.37725,128.27885,0.7044970989227295,1.7343170642852783,335708163,1.3118700451710366,660.0,-28.2601586125,-123.815844847,135.45,[660],539.0,881.0,522.557803080706,831.651178269808
319,0,929,76.00407720667272,102.0258623998161,125.66891479492188,75.753105,101.987724,125.668915,0.7158769369125366,-0.9438648223876953,335577091,0.2538532661880049,148.0,79.1832048361,99.29259827339999,135.45,[148],709.0,464.0,711.3305650566446,474.8348948229085
320,0,422,-126.96668869008619,-14.795862603695241,130.5781707763672,-126.9685,-14.642343,130.57817,0.6922247409820557,3.011732578277588,335659011,0.15353070039981617,500.0,-126.25316462800001,-28.8164609473,135.45,"[468, 500]",1168.0,573.0,1162.8239337441903,573.4590375165533
320,1,422,-129.4153772704508,-15.046235312402132,133.09254455566406,-129.42218,-14.790548,133.09254,0.6922247409820557,3.011732578277588,335667203,0.25577747215099567,500.0,-126.25316462800001,-28.8164609473,135.45,"[468, 500]",1163.0,475.0,1152.8090253959147,475.51149430196915
321,0,269,-37.850555097447796,121.86994857456625,128.48992919921875,-38.402355,121.46864,128.48993,0.7022997736930847,-1.8855608701705933,335609859,0.6822971197073335,276.0,-28.2601586125,123.815844847,135.45,[276],508.0,196.0,524.1641491026502,218.38414060208834
322,0,193,120.55715506557067,-43.31192245936472,125.56285858154295,120.00472,-43.44017,125.56286,0.7214234471321106,0.33158648014068604,335757315,0.5671235666723305,852.0,114.423046224,-55.1032348679,135.45,"[852, 884]",1068.0,825.0,1073.6524963414108,847.3643536628265
323,0,102,124.18149230241897,-35.95958047983004,126.67039489746095,124.46474,-36.510532,126.670395,0.7217136025428772,0.26842787861824036,335765507,0.6194961817639395,884.0,126.25316462800001,-28.8164609473,135.45,[884],294.0,530.0,316.2752186987984,519.1331069767585
324,0,77,73.57482833267841,103.82976153263371,125.7523193359375,73.73865,103.59419,125.75232,0.7155784368515015,-0.9676530957221985,335577091,0.2869311304460924,148.0,79.1832048361,99.29259827339999,135.45,[148],774.0,384.0,783.4865303693488,377.66493986313606
325,0,564,27.104408702978617,124.66339965317002,127.06692504882812,26.494125,124.18662,127.066925,0.7099606990814209,-1.3701850175857544,335593475,0.7744430843183732,212.0,28.2601586125,123.815844847,135.45,[212],616.0,531.0,635.9021922468008,555.7700036191446
326,0,339,-109.3956971950779,70.06335012633645,132.30848693847656,-109.40272,70.46468,132.30849,0.6943046450614929,-2.5859880447387695,335634435,0.4013948044317628,372.0,-101.24717697999999,80.7419293407,135.45,[372],190.0,275.0,174.8568314254578,276.05919139688353
327,0,254,63.27555570613458,113.93671747738335,129.0482177734375,62.945732,113.38613,129.04822,0.7141411304473877,-1.077537178993225,335585283,0.6418167601474143,180.0,56.1879442157,116.675468393,135.45,[180],470.0,872.0,492.44996337533394,885.5044596173832
328,0,985,115.11194922498976,-51.52314167977147,123.69062042236328,115.979095,-51.799473,123.69062,0.720996081829071,0.4077299237251282,335757315,0.9101106987736001,852.0,114.423046224,-55.1032348679,135.45,[852],734.0,664.0,745.2037275251411,629.55612003959
328,1,985,114.91074744168213,-51.42990372786062,123.47313690185547,115.952324,-51.855064,123.47314,0.720996081829071,0.4077299237251282,335757315,1.1250080609520092,852.0,114.423046224,-55.1032348679,135.45,[852],731.0,663.0,748.9332456015751,621.5080487072851
328,2,117,114.37357751141735,-50.00740385101926,122.41801452636719,116.53765,-50.75486,122.418015,0.72104811668396,0.3991982638835907,335757315,2.2895206733923357,852.0,114.423046224,-55.1032348679,135.45,[852],775.0,686.0,805.8332406752294,600.0212514966938
329,0,774,-67.63271156423116,112.3088786321855,132.61610412597656,-67.055786,111.40683,132.6161,0.6990512609481812,-2.1268999576568604,335618051,1.0707637403992036,308.0,-56.1879442157,116.675468393,135.45,"[308, 340]",391.0,167.0,427.33640956741965,144.20930605875355
330,0,995,-125.92052791379729,-30.750031584016142,132.34597778320312,-125.70403,-31.080793,132.34598,0.6925690770149231,2.8880410194396973,335667203,0.3953143787636201,500.0,-126.25316462800001,-28.8164609473,135.45,[500],511.0,623.0,524.6571745313543,615.3054685681093
331,0,523,-110.8355765325673,60.74803094614526,128.81825256347656,-111.669136,60.74918,128.81825,0.6938083171844482,-2.653879165649414,335642627,0.8335603065550805,404.0,-114.423046224,55.1032348679,135.45,[404],827.0,712.0,827.7918431298104,745.498787657308
332,0,686,109.67405152086212,65.19651692873595,125.31101989746094,109.671875,64.89654,125.31102,0.719982922077179,-0.5496250987052917,335560707,0.29998704382423996,84.0,114.423046224,55.1032348679,135.45,[84],993.0,411.0,1005.7312824334377,412.0402118744846
333,0,540,69.45013749173813,110.64548264289124,129.22434997558594,68.5428,110.69072,129.22435,0.7148532271385193,-1.023977279663086,335585283,0.908463575151241,180.0,56.1879442157,116.675468393,135.45,"[148, 180]",362.0,1096.0,360.8005699956493,1132.4877310415252
334,0,310,31.686366736943455,-123.33338596385033,126.66110229492188,31.588882,-123.02377,126.6611,0.7109110951423645,1.3058843612670898,335724547,0.32459706495203644,724.0,28.2601586125,-123.815844847,135.45,[724],633.0,735.0,621.2983553259869,739.0483249777382
335,0,851,-15.212620211878857,-126.25214233146426,127.48648834228516,-14.984228,-126.81368,127.48649,0.7053470611572266,1.6771901845932007,335708163,0.6062098358733907,660.0,-28.2601586125,-123.815844847,135.45,"[660, 692]",482.0,1133.0,504.54810062142997,1123.9015360248459
336,0,65,107.80376812264512,-75.14849885603462,129.13363647460938,106.434425,-74.186806,129.13364,0.7196016311645508,0.5950708985328674,335749123,1.6733060975569707,820.0,101.24717697999999,-80.7419293407,135.45,[820],864.0,809.0,825.7372193866149,864.2636457058052
337,0,490,88.3443777466914,91.99498486187667,125.72618103027344,88.09421,92.14602,125.72618,0.7173591256141663,-0.8189736604690552,335577091,0.2922264974730408,148.0,79.1832048361,99.29259827339999,135.45,"[116, 148]",316.0,958.0,310.0954635390673,968.446916423656
338,0,688,72.15570874455034,104.68259082459554,125.66867065429688,72.35776,104.69542,125.66867,0.7154136300086975,-0.9806298613548279,335577091,0.20245566744221913,148.0,79.1832048361,99.29259827339999,135.45,[148],818.0,328.0,817.5997020478218,320.9001563380133
339,0,863,-111.14821910242517,-60.891263109301235,129.13221740722656,-111.4543,-61.195293,129.13222,0.6939998269081116,2.626713991165161,335675395,0.4314161619694409,532.0,-114.423046224,-55.1032348679,135.45,[532],358.0,720.0,370.47887034395046,732.9930848629931
340,0,702,-45.3738704937341,121.77468949448667,130.9932403564453,-45.041176,122.00851,130.99324,0.701515793800354,-1.9413596391677856,335618051,0.4066401993454655,308.0,-56.1879442157,116.675468393,135.45,[308],815.0,1047.0,805.9688440594664,1034.5629488786358
341,0,432,-19.921311484525177,126.59474763870128,128.64808654785156,-20.143078,125.63621,128.64809,0.7044052481651306,-1.740524411201477,335609859,0.9838594229140234,276.0,-28.2601586125,123.815844847,135.45,[276],674.0,926.0,713.1561116680513,935.5538851189931
342,0,66,108.9276070844935,71.0738689328864,127.8045883178711,108.73706,71.29939,127.80459,0.719631016254425,-0.5916774272918701,335568899,0.29524388667609097,116.0,101.24717697999999,80.7419293407,135.45,[116],224.0,901.0,215.27758368745594,909.2172041797403
343,0,235,-112.85650829769202,58.838103478960875,129.7432861328125,-112.99764,57.99051,129.74329,0.6936675906181335,-2.6747701168060303,335642627,0.8592643437059524,404.0,-114.423046224,55.1032348679,135.45,[404],717.0,659.0,751.3947444424349,664.6615170523194
344,0,272,127.18759471729547,-7.380505725923285,124.73306274414062,126.9685,-6.553341,124.73306,0.7222554087638855,0.04473356157541275,335544323,0.855689722019297,20.0,127.0,0.0,135.45,[20],339.0,600.0,306.7797709630686,609.5037886918186
345,0,774,-67.42628513481077,111.95495679191299,132.20166015625,-67.33242,111.27361,132.20166,0.6990512609481812,-2.1268999576568604,335618051,0.6877790294668106,308.0,-56.1879442157,116.675468393,135.45,"[308, 340]",385.0,156.0,413.17953595651943,152.46636323556913
346,0,545,87.49267289878935,-92.97243150558279,125.81359100341797,87.2287,-92.83624,125.81359,0.7175442576408386,0.8024089336395264,335740931,0.29703494559271293,788.0,79.1832048361,-99.29259827339999,135.45,"[788, 820]",860.0,923.0,854.8066707126878,934.3787225075738
347,0,732,-126.9834966160156,23.742261627060543,131.94850158691406,-127.32483,23.979624,131.9485,0.6923144459724426,-2.9707508087158203,335650819,0.4157507236886143,436.0,-126.25316462800001,28.8164609473,135.45,[436],408.0,559.0,399.0320271904217,572.7867204793768
348,0,383,113.13212388996044,58.01421956838658,124.7863998413086,113.09134,57.795956,124.7864,0.7204633951187134,-0.48707115650177,335560707,0.22204173653444548,84.0,114.423046224,55.1032348679,135.45,[84],709.0,548.0,718.4393880194631,550.3631066384173
349,0,885,-113.43767263412451,-57.81778326234053,129.770263671875,-113.22686,-57.51454,129.77026,0.6937906742095947,2.656460762023926,335675395,0.3693202366150529,532.0,-114.423046224,-55.1032348679,135.45,[532],505.0,649.0,493.4180642223788,641.4149435950196
350,0,775,-128.9873456307365,19.79981408930871,133.30503845214844,-128.12103,20.491255,133.30504,0.6922409534454346,-3.0034186840057373,335650819,1.1084170395921764,436.0,-126.25316462800001,28.8164609473,135.45,[436],268.0,527.0,241.33412568034842,492.6327598905402
351,0,508,117.27360207957008,48.76126235684751,124.56336975097656,117.48299,48.676598,124.56337,0.720999002456665,-0.4072563648223877,335560707,0.22585379457613708,84.0,114.423046224,55.1032348679,135.45,[84],344.0,724.0,348.3210995579003,716.022234222803
351,1,508,117.23700855228208,48.746610927339134,124.52471160888672,117.286224,49.08519,124.52471,0.720999002456665,-0.4072563648223877,335560707,0.34213719813890264,84.0,114.423046224,55.1032348679,135.45,[84],361.0,716.0,347.73504237756526,714.5584931312828
352,0,799,126.39555275909171,5.0485143768610214,123.84784698486328,126.9685,5.0501323,123.84785,0.7222490310668945,-0.05305701121687889,335544323,0.5729477552143127,20.0,127.0,0.0,135.45,[20],804.0,600.0,803.9405750744409,577.8221103636685
353,0,503,-116.86211970896397,-48.94886841965217,129.22360229492188,-117.23882,-49.18362,129.2236,0.6933163404464722,2.7312278747558594,335675395,0.44386241013020505,532.0,-114.423046224,-55.1032348679,135.45,[532],838.0,489.0,848.174657929913,504.4370606014411
354,0,953,34.66704486126673,-123.36097449514659,127.39850616455077,34.9451,-122.257744,127.398506,0.7112411856651306,1.2833282947540283,335724547,1.1377310420901912,724.0,28.2601586125,-123.815844847,135.45,[724],664.0,869.0,620.1948140741365,858.2754499506692
355,0,203,31.855737351302196,123.10166939375745,126.5457763671875,31.80448,122.97456,126.54578,0.7105414271354675,-1.3309974670410156,335593475,0.13705196213640652,212.0,28.2601586125,123.815844847,135.45,[212],568.0,743.0,573.432981870298,745.8231495520878
356,0,1,109.89293887905478,-65.52933587817506,125.6280288696289,109.47012,-65.315475,125.62803,0.7201831340789795,0.5243707895278931,335757315,0.4738241216916182,852.0,114.423046224,-55.1032348679,135.45,[852],193.0,403.0,184.95595958899742,420.795706202191
357,0,621,-25.704752716469557,124.9762093251577,128.21063232421875,-25.519917,124.40897,128.21063,0.7037180662155151,-1.7872434854507446,335609859,0.5965908779230054,276.0,-28.2601586125,123.815844847,135.45,[276],625.0,711.0,648.414579126308,704.2162358412179
358,0,300,-119.44173703272554,44.80394631440322,130.17625427246094,-119.03107,45.461983,130.17625,0.692963719367981,-2.7965316772460938,335642627,0.7756686681661121,404.0,-114.423046224,55.1032348679,135.45,[404],216.0,417.0,190.0284578601287,401.2523676509784
359,0,485,-77.977213649855,-99.69521276686919,128.2413482666016,-77.53146,-100.56953,128.24135,0.6979043483734131,2.2209596633911133,335691779,0.9813856997836157,596.0,-79.1832048361,-99.29259827339999,135.45,[596],550.0,668.0,585.8954202612318,650.2396474497999
360,0,404,-50.69685831754214,118.97726786859948,130.48094177246094,-50.504787,119.37737,130.48094,0.7008817195892334,-1.9874424934387207,335618051,0.44381880258839146,308.0,-56.1879442157,116.675468393,135.45,[308],710.0,829.0,694.0719790239791,821.6434359263144
360,1,767,-50.35293685497072,123.08717923463269,134.13705444335938,-48.52794,120.32937,134.13705,0.7010744214057922,-1.973336100578308,335618051,3.3069831098685216,308.0,-56.1879442157,116.675468393,135.45,[308],748.0,908.0,858.4684336653072,835.400294429171
361,0,403,-107.3345318901138,-72.19008368680579,131.66497802734375,-107.2689,-73.14041,131.66498,0.6947110295295715,2.535548448562622,335683587,0.9525914784660984,564.0,-101.24717697999999,-80.7419293407,135.45,[564],906.0,361.0,944.0738261557681,358.5058035954478
362,0,301,-69.62148390854918,-107.54833811734443,129.60763549804688,-69.6649,-106.8429,129.60764,0.6989926695823669,2.1315598487854004,335691779,0.7067698484769218,596.0,-79.1832048361,-99.29259827339999,135.45,"[596, 628]",299.0,982.0,271.7704062422223,984.4688371020328
363,0,176,-29.068203143501705,-123.97176635735389,127.95191955566406,-29.075665,-123.597404,127.95192,0.7037137746810913,1.787538766860962,335708163,0.37443622604354576,660.0,-28.2601586125,-123.815844847,135.45,[660],610.0,569.0,595.7631395858448,569.678218759932
364,0,131,128.0261512644479,-20.534976303087205,126.97306823730467,128.23659,-19.984943,126.97307,0.7221062779426575,0.14557453989982605,335765507,0.5889139369262023,884.0,126.25316462800001,-28.8164609473,135.45,[884],955.0,681.0,933.2593857685117,672.9194654579152
365,0,742,-52.190104114764836,-117.9106286200306,130.05921936035156,-52.822296,-118.261314,130.05922,0.7010693550109863,1.9737048149108887,335699971,0.7229434768745558,628.0,-56.1879442157,-116.675468393,135.45,[628],538.0,736.0,552.5935909187763,761.9136040374065
366,0,940,44.601949042519664,-122.67539128307067,129.58001708984375,44.529617,-122.25486,129.58002,0.7123237252235413,1.2083337306976318,335732739,0.42670657750632435,756.0,56.1879442157,-116.675468393,135.45,[756],378.0,135.0,362.0030843971733,138.56019307278643
367,0,798,127.15776445056645,29.723465925248092,127.92890930175783,125.93649,30.062325,127.92891,0.7218129634857178,-0.2431984841823578,335552515,1.2674104707870855,52.0,126.25316462800001,28.8164609473,135.45,[52],651.0,589.0,638.2801991179236,638.1839929026575
368,0,46,-119.53549762712282,-45.50778847810216,130.4879608154297,-119.04564,-45.431725,130.48796,0.6931321024894714,2.763989210128784,335675395,0.4957289165099145,532.0,-114.423046224,-55.1032348679,135.45,[532],988.0,417.0,985.8178555919136,397.50194387508714
369,0,963,-81.09055256673082,97.44621778590363,128.5706787109375,-80.641136,98.08965,128.57068,0.6972426772117615,-2.2784769535064697,335626243,0.78484647694811,340.0,-79.1832048361,99.29259827339999,135.45,[340],553.0,543.0,528.1447805001454,525.7060907747672
370,0,30,-45.341753879772114,-121.59877820473798,130.74407958984375,-44.631104,-122.205986,130.74408,0.7019003629684448,1.91383957862854,335699971,0.934732728944095,628.0,-56.1879442157,-116.675468393,135.45,[628],380.0,1064.0,405.0676075304807,1035.8476134371153
371,0,523,-112.00532720167075,61.41032767242041,130.18824768066406,-111.61623,60.859055,130.18825,0.6938083171844482,-2.653879165649414,335642627,0.6747604248029401,404.0,-114.423046224,55.1032348679,135.45,[404],832.0,714.0,854.2837121808162,698.7087608931699
372,0,689,78.24400735987683,-100.28250784448392,125.53601837158203,77.93921,-100.24436,125.53602,0.7164754867553711,0.8949083089828491,335740931,0.3071761131829169,788.0,79.1832048361,-99.29259827339999,135.45,[788],563.0,552.0,562.4036171566428,564.432100951073
373,0,695,53.45998384633822,-117.7990279413325,128.22349548339844,52.91343,-118.21743,128.2235,0.7134082913398743,1.1311670541763306,335732739,0.6883184541235368,756.0,56.1879442157,-116.675468393,135.45,[756],540.0,471.0,557.0576180667001,492.8815852255286
374,0,66,109.20064457476883,71.24677848476676,128.1221466064453,108.19369,71.98076,128.12215,0.719631016254425,-0.5916774272918701,335568899,1.2460696534488886,116.0,101.24717697999999,80.7419293407,135.45,[116],251.0,879.0,222.1939657626706,920.1387037907534
375,0,943,-112.015409020079,61.91125048786125,130.4390869140625,-111.23844,61.643528,130.43909,0.6938315629959106,-2.6505117416381836,335642627,0.8217991949598668,404.0,-114.423046224,55.1032348679,135.45,[404],863.0,729.0,874.32062479845,698.3054881568398
376,0,194,127.34905915992954,24.830763892017785,127.08497619628908,127.13264,24.82167,127.08498,0.7219417095184326,-0.2060452550649643,335552515,0.21661308858127995,52.0,126.25316462800001,28.8164609473,135.45,[52],442.0,637.0,442.57211778871135,645.8357812771811
377,0,745,129.39380313116294,-16.37732769946342,127.7090606689453,129.05762,-16.387821,127.70906,0.7221727967262268,0.11235459893941879,335765507,0.3363496725400371,884.0,126.25316462800001,-28.8164609473,135.45,[884],1099.0,714.0,1099.565329913463,727.6255401265172
378,0,878,-39.56921600359874,-120.53276257379844,127.70510864257812,-40.151917,-121.06932,127.70511,0.702457845211029,1.8744522333145142,335708163,0.792107614536003,660.0,-28.2601586125,-123.815844847,135.45,[660],711.0,126.0,733.3232909280628,149.63770435605056
379,0,491,124.38012857722833,40.778421010914826,128.29953002929688,123.59291,40.33024,128.29953,0.7214293479919434,-0.33041855692863464,335552515,0.9058584800221386,52.0,126.25316462800001,28.8164609473,135.45,"[52, 84]",1062.0,495.0,1080.4784025445929,527.0785579691329
380,0,913,-114.613154236117,-54.50464809253117,129.38719177246094,-114.10138,-55.69858,129.38719,0.6936074495315552,2.683969497680664,335675395,1.2989961265968037,532.0,-114.423046224,-55.1032348679,135.45,[532],578.0,614.0,625.9434710147531,594.3956795153201
381,0,495,55.458103415116966,116.43043584586849,127.85003662109375,55.80569,116.82459,127.85004,0.7132882475852966,-1.1398323774337769,335585283,0.5255249806332463,180.0,56.1879442157,116.675468393,135.45,[180],607.0,586.0,592.1986981147393,572.8063679766785
382,0,88,50.60310319315886,119.8642755635833,129.09922790527344,50.607,119.32815,129.09923,0.7126548886299133,-1.1850181818008423,335585283,0.5361418257378594,180.0,56.1879442157,116.675468393,135.45,[180],708.0,378.0,729.552286823332,378.60635909835423
383,0,348,110.10777670869948,-65.85210527643494,125.97335815429688,109.39227,-65.47714,125.97336,0.7201733589172363,0.5256373286247253,335757315,0.8078012367174476,852.0,114.423046224,-55.1032348679,135.45,[852],187.0,400.0,172.04518365860224,429.38921938797876
384,0,154,117.60829633135586,-46.7820627181336,124.09388732910158,118.23747,-47.109898,124.09389,0.7212438583374023,0.36542776226997375,335757315,0.7094634682887878,852.0,114.423046224,-55.1032348679,135.45,[852],921.0,754.0,934.8468859906558,729.4100042942341
385,0,154,118.15515508376166,-47.0080119095519,124.67398834228516,118.44103,-46.6872,124.67399,0.7212438583374023,0.36542776226997375,335757315,0.4297057133474434,852.0,114.423046224,-55.1032348679,135.45,[852],938.0,762.0,925.808918333924,751.284354390466
386,0,211,63.92187637122697,-114.50145876103988,129.77601623535156,63.877373,-112.93747,129.77602,0.7145381569862366,1.0478668212890625,335732739,1.564622330363857,756.0,56.1879442157,-116.675468393,135.45,[756],751.0,909.0,688.9603852784046,911.3572862210788
387,0,595,98.71941218342499,83.33446245220011,127.1498336791992,98.90303,83.630875,127.14983,0.7184764742851257,-0.7145770788192749,335568899,0.3486772565035052,116.0,101.24717697999999,80.7419293407,135.45,[116],717.0,508.0,705.7013244600046,500.8894081369999
388,0,270,-4.330340318252638,-129.59909660326142,129.75936889648438,-5.1696844,-129.4685,129.75937,0.7066498398780823,1.590434193611145,335716355,0.8494424329522555,692.0,-2.37887640734e-14,-129.5,135.45,[692],603.0,395.0,598.0361358695438,428.7863872698954
389,0,482,18.69257084500441,126.33019112272098,127.37641906738281,18.615128,125.98495,127.37642,0.7089558839797974,-1.4374065399169922,335593475,0.35382315478263626,212.0,28.2601586125,123.815844847,135.45,[212],688.0,216.0,702.5738510288392,219.2964893001765
390,0,742,-52.928043571459966,-119.51675418853097,131.84197998046875,-52.36921,-118.479515,131.84198,0.7010693550109863,1.9737048149108887,335699971,1.1782023306110716,628.0,-56.1879442157,-116.675468393,135.45,[628],529.0,754.0,488.3485681787613,732.3960257696012
391,0,459,19.870784193609325,-125.17965491478924,126.32026672363281,21.158281,-125.404495,126.32027,0.7095165848731995,1.3999733924865723,335724547,1.3069820343747092,724.0,28.2601586125,-123.815844847,135.45,[724],538.0,317.0,547.4475972884306,266.425023244373
392,0,817,124.65510192079842,37.0206708419264,127.43441009521486,124.45773,36.54119,127.43441,0.7215657830238342,-0.3022047281265259,335552515,0.5185125378214278,52.0,126.25316462800001,28.8164609473,135.45,[52],910.0,530.0,930.1683957850561,538.0774917119362
393,0,290,49.744120017833666,-119.91633829590387,128.7641143798828,49.0339,-120.08571,128.76411,0.7129520773887634,1.16391921043396,335732739,0.7301349563811725,756.0,56.1879442157,-116.675468393,135.45,[756],465.0,315.0,472.3652038838452,344.2470320853465
394,0,482,18.52094973995554,125.2687301601361,126.3039779663086,19.26908,125.83569,126.30398,0.7089558839797974,-1.4374065399169922,335593475,0.938693225077996,212.0,28.2601586125,123.815844847,135.45,[212],682.0,242.0,660.1154125254442,212.43164509822165
395,0,145,115.54118138847866,51.54993149329948,124.11308288574219,115.85934,52.04815,124.11308,0.7208371162414551,-0.43282073736190796,335560707,0.5911376253493079,84.0,114.423046224,55.1032348679,135.45,[84],479.0,659.0,459.8678650159792,646.7254065791462
396,0,420,-85.91836885775956,93.9286523919559,129.19761657714844,-86.337036,93.54732,129.19762,0.6967270970344543,-2.325387954711914,335626243,0.5663025545583323,340.0,-79.1832048361,99.29259827339999,135.45,"[340, 372]",372.0,315.0,387.44216474223606,332.5934391336176
397,0,538,-111.8605117697548,-61.017984154450915,129.8333740234375,-111.67885,-60.729015,129.83337,0.693987250328064,2.628453254699707,335675395,0.3413276990315285,532.0,-114.423046224,-55.1032348679,135.45,[532],376.0,711.0,365.4100285379633,704.5013781698083
398,0,952,-119.13596927166054,-43.81720397456684,129.5129852294922,-119.43255,-44.628296,129.51299,0.6930713057518005,2.7754197120666504,335675395,0.8636141275263884,532.0,-114.423046224,-55.1032348679,135.45,[532],1020.0,401.0,1053.4412357333263,413.48307809357834
399,0,784,130.2753178385551,-15.776468334026504,128.49176025390625,129.227,-15.645622,128.49176,0.7221820950508118,0.10688552260398865,335765507,1.0564471089707517,884.0,126.25316462800001,-28.8164609473,135.45,[884],1128.0,720.0,1123.5997045309398,762.886128422204
400,0,444,-34.016516009067345,-121.99562002574635,127.37358856201172,-34.12181,-122.44565,127.37359,0.7031075358390808,1.8292133808135986,335708163,0.46218218102543,660.0,-28.2601586125,-123.815844847,135.45,[660],656.0,367.0,674.8089928501463,371.74570413730635
401,0,453,97.10764864379962,-86.19902635290646,127.79193115234375,97.340706,-85.58997,127.79193,0.7184984087944031,0.7124036550521851,335749123,0.6521204722421098,820.0,101.24717697999999,-80.7419293407,135.45,[820],408.0,445.0,383.71611951174145,436.41886655198505
402,0,926,46.410926028041104,121.34535439122669,128.99851989746094,46.286976,121.40856,128.99852,0.71216881275177,-1.2191753387451172,335585283,0.13913593611728783,180.0,56.1879442157,116.675468393,135.45,[180],791.0,205.0,788.7954399290675,210.91927249364403
403,0,200,-102.63165891479275,79.88792852063716,132.31607055664062,-102.13555,79.577415,132.31607,0.6950675249099731,-2.494199514389038,335634435,0.5852699983045048,372.0,-101.24717697999999,80.7419293407,135.45,[372],555.0,566.0,567.8399671974864,546.6207226082895
404,0,114,-58.30743066454124,-115.16487085717154,130.33055114746094,-58.24611,-115.649345,130.33055,0.7003664374351501,2.025643825531006,335699971,0.4883399698221881,628.0,-56.1879442157,-116.675468393,135.45,[628],643.0,519.0,662.4239014331386,517.2205420463501
405,0,653,51.32285353923635,118.27013226111558,127.90046691894533,51.544117,118.876854,127.90047,0.7127971649169922,-1.174938678741455,335585283,0.6458085680921237,180.0,56.1879442157,116.675468393,135.45,[180],690.0,416.0,665.7865547246229,407.3963729414538
406,0,324,67.38642589235906,-108.84006608076152,126.5803451538086,68.06655,-108.117546,126.580345,0.7151262164115906,1.0030015707015991,335740931,0.9922729437615816,788.0,79.1832048361,-99.29259827339999,135.45,"[756, 788]",249.0,157.0,220.10128770553877,130.12884225036203
406,1,324,68.69196120936476,-111.01468882930203,129.08831787109375,69.29351,-110.3292,129.08832,0.7151262164115906,1.0030015707015991,335732739,0.912006243131854,756.0,56.1879442157,-116.675468393,135.45,"[756, 788]",855.0,1126.0,828.4311825479188,1102.1606797465904
407,0,861,-127.24773458845561,15.082614009249482,130.90582275390625,-126.9685,15.034404,130.90582,0.6921808123588562,-3.0374982357025146,335659011,0.2833675494430429,436.0,-126.25316462800001,28.8164609473,135.45,"[436, 468]",50.0,573.0,52.646122477979276,562.2172015817762
407,1,861,-129.58571449399244,15.39331618853521,133.31521606445312,-129.27078,15.45387,133.31522,0.6921808123588562,-3.0374982357025146,335650819,0.32070067279819076,436.0,-126.25316462800001,28.8164609473,135.45,[436],67.0,481.0,65.07420964940835,468.6980053603031
408,0,81,127.54786216647568,1.6664463406586947,124.88520050048828,126.9685,2.102734,124.8852,0.7222656011581421,-0.026310596615076065,335544323,0.7252651723160951,20.0,127.0,0.0,135.45,[20],686.0,600.0,668.6578536263478,623.9144866590271
409,0,759,-98.23196732428505,-84.8401354567086,131.91012573242188,-98.00673,-84.7548,131.91013,0.695804238319397,2.4152238368988037,335683587,0.24086215090421179,564.0,-101.24717697999999,-80.7419293407,135.45,[564],441.0,731.0,438.071755359656,722.6083862285975
410,0,822,7.347870386603972,129.78518234763854,129.9081268310547,7.2195897,129.4685,129.90813,0.7075912356376648,-1.528019905090332,335601667,0.3416722554560958,244.0,7.92958802448e-15,129.5,135.45,[244],600.0,890.0,613.4072939055415,895.9148154641586
411,0,235,-113.10904895443082,58.97422861486257,130.0357360839844,-112.54359,58.933372,130.03574,0.6936675906181335,-2.6747701168060303,335642627,0.5669362825724558,404.0,-114.423046224,55.1032348679,135.45,[404],755.0,677.0,756.8397498785026,654.5598907827673
412,0,518,-7.941267161420001,-129.0315411644698,129.44082641601562,-6.5788226,-129.4685,129.44083,0.7062267661094666,1.6185346841812134,335716355,1.4308016259287242,692.0,-2.37887640734e-14,-129.5,135.45,[692],603.0,338.0,620.738353421209,284.3493135432009
413,0,338,66.3360140014197,-111.68080159890724,128.48619079589844,65.9165,-111.95548,128.48619,0.7148897051811218,1.0211880207061768,335732739,0.5014426280843842,756.0,56.1879442157,-116.675468393,135.45,"[756, 788]",790.0,991.0,801.7866717637105,1007.9227914287878
414,0,471,-109.25222671475103,66.52971540360522,130.30978393554688,-108.62667,67.066925,130.30978,0.694133996963501,-2.608435869216919,335642627,0.8245691957658877,404.0,-114.423046224,55.1032348679,135.45,"[372, 404]",1080.0,833.0,1059.0592214282087,808.8327803699588
415,0,191,-72.2703254466237,105.31157671706478,129.33520507812503,-72.117584,104.886955,129.3352,0.6983221173286438,-2.1859540939331055,335626243,0.4512574215057189,340.0,-79.1832048361,99.29259827339999,135.45,[340],825.0,884.0,842.7591377465916,878.515175579052
416,0,476,-43.59894364821048,122.99041400543388,131.49208068847656,-43.888927,122.5634,131.49208,0.7017380595207214,-1.925412893295288,335618051,0.5161698774814945,308.0,-56.1879442157,116.675468393,135.45,[308],837.0,1093.0,854.5978244973548,1105.5600226995807
417,0,90,9.208798490668414,129.89325309863523,130.0948486328125,8.867221,129.4685,130.09485,0.7078054547309875,-1.5138182640075684,335601667,0.5450554855469407,244.0,7.92958802448e-15,129.5,135.45,[244],600.0,956.0,617.730123945409,970.3519396267362
418,0,228,95.3526847434332,88.93530476893466,128.4231414794922,94.12093,89.62743,128.42314,0.7179600596427917,-0.7642109990119934,335568899,1.4128883921639341,116.0,101.24717697999999,80.7419293407,135.45,"[116, 148]",957.0,316.0,929.7350171293863,366.22031053732826
419,0,785,66.82356220568636,-111.83004243714186,128.85354614257812,66.63206,-111.610886,128.85355,0.7149246335029602,1.0185164213180542,335732739,0.29103931264325444,756.0,56.1879442157,-116.675468393,135.45,"[756, 788]",804.0,1019.0,795.8170382343258,1027.4247195994542
420,0,62,-93.51730451660023,-89.653161564338,131.5597686767578,-94.10987,-89.641304,131.55977,0.696326732635498,2.363333225250244,335683587,0.5926850198887796,564.0,-101.24717697999999,-80.7419293407,135.45,"[564, 596]",246.0,887.0,245.5507110544795,911.1948985359902
421,0,665,105.5585565544352,76.66891921746401,128.27688598632812,104.500465,76.611916,128.27689,0.7191824913024902,-0.6417763829231262,335568899,1.0596255562677004,116.0,101.24717697999999,80.7419293407,135.45,[116],436.0,732.0,439.07959507056034,774.4551829774082
422,0,732,-127.12351933607238,23.77047771664911,132.09439086914062,-127.347725,23.879332,132.09439,0.6923144459724426,-2.9707508087158203,335650819,0.24923343854934377,436.0,-126.25316462800001,28.8164609473,135.45,[436],404.0,558.0,400.1606707739644,567.1858116771057
423,0,216,-105.22040148635597,73.44765051255672,130.62965393066406,-106.47684,74.13362,130.62965,0.6946239471435547,-2.546041250228882,335634435,1.4314979578141092,372.0,-101.24717697999999,80.7419293407,135.45,[372],337.0,392.0,310.2288468742688,443.07101974576085
424,0,942,-104.08334874016327,-77.11843295058861,131.78082275390625,-104.17593,-77.018875,131.78082,0.6951053142547607,2.4899444580078125,335683587,0.13594980272951313,564.0,-101.24717697999999,-80.7419293407,135.45,[564],750.0,484.0,746.9398556044553,488.5531295934686
425,0,644,25.020181265494102,-124.18682502253296,126.1461410522461,25.229494,-124.475266,126.14614,0.7101327180862427,1.3586058616638184,335724547,0.3563843027742597,724.0,28.2601586125,-123.815844847,135.45,[724],575.0,480.0,587.1607929786819,472.4009061197641
426,0,914,78.21796005269925,-100.1583653043349,125.42271423339844,78.54501,-99.761246,125.422714,0.7164806127548218,0.8944810032844543,335740931,0.514458811175747,788.0,79.1832048361,-99.29259827339999,135.45,[788],583.0,576.0,567.3693187626037,563.3902086639699
427,0,501,62.11544881261307,114.22719352129388,128.76861572265625,61.953495,113.86396,128.76862,0.7140213847160339,-1.0863924026489258,335585283,0.3977026864200318,180.0,56.1879442157,116.675468393,135.45,[180],489.0,832.0,504.06900513175515,839.1001838765226
428,0,758,-128.23348960390695,-23.930906052123646,133.22463989257812,-127.28293,-24.163216,133.22464,0.6923890709877014,2.942964553833008,335667203,0.9785367743246067,500.0,-126.25316462800001,-28.8164609473,135.45,[500],788.0,560.0,797.4221958070541,522.7870009637229
428,1,758,-127.86086430571072,-23.866785916826302,132.8385009765625,-127.22278,-24.426737,132.8385,0.6923890709877014,2.942964553833008,335667203,0.8489397810153297,500.0,-126.25316462800001,-28.8164609473,135.45,[500],777.0,563.0,799.9870012189479,537.692012891572
428,2,995,-128.36224722063253,-31.309409184797005,134.90353393554688,-125.87764,-30.320177,134.90353,0.6925690770149231,2.8880410194396973,335667203,2.674295111210513,500.0,-126.25316462800001,-28.8164609473,135.45,[500],541.0,617.0,502.28207050011974,517.6366962946997
429,0,207,33.53293294583818,-122.40537677019029,126.19882202148438,33.47085,-122.59423,126.19882,0.711143434047699,1.290021300315857,335724547,0.1987959886332855,724.0,28.2601586125,-123.815844847,135.45,[724],650.0,810.0,658.4187230723887,812.9109733335273
429,1,82,49.458961805672516,-158.1166433500598,164.6054229736328,38.88529,-121.35842,164.60542,0.7117227911949158,1.2501786947250366,352501763,38.24878375972133,725.0,28.2601586125,-123.815844847,165.55,[725],700.0,1027.0,-770.0319401223919,1449.9521277269007
430,0,965,124.33202255231595,-34.447435932782355,126.4002456665039,124.83819,-34.87432,126.400246,0.7217602729797363,0.25687363743782043,335765507,0.6621438520334324,884.0,126.25316462800001,-28.8164609473,135.45,[884],359.0,545.0,376.76100058070574,525.1543169726375
431,0,540,69.32525825716357,110.45244629197487,128.99693298339844,67.546165,111.17068,128.99693,0.7148532271385193,-1.023977279663086,335585283,1.9186002121995067,180.0,56.1879442157,116.675468393,135.45,"[148, 180]",381.0,1056.0,353.0791159589944,1127.4925616585426
432,0,970,-27.94915742237754,-123.82477817273946,127.53385162353516,-27.946589,-123.8551,127.53385,0.7038348913192749,1.7792645692825317,335708163,0.030432983285597993,660.0,-28.2601586125,-123.815844847,135.45,[660],600.0,614.0,601.6426669704219,614.4400476048986
433,0,963,-81.6991648298308,98.1983691353139,129.55191040039062,-81.40542,97.480156,129.55191,0.6972426772117615,-2.2784769535064697,335626243,0.775962083083944,340.0,-79.1832048361,99.29259827339999,135.45,[340],529.0,513.0,558.2308344765562,501.36160025076776
434,0,679,-19.30537687447668,-125.41633727890496,127.30225372314452,-19.33,-125.821785,127.30225,0.704857587814331,1.710025429725647,335708163,0.4061946913950695,660.0,-28.2601586125,-123.815844847,135.45,[660],521.0,959.0,537.9803027238017,960.191269520933
435,0,572,-54.52901473784914,-117.52356990874978,130.72251892089844,-55.20144,-117.115585,130.72252,0.7008285522460938,1.9913527965545654,335699971,0.7865148935593591,628.0,-56.1879442157,-116.675468393,135.45,[628],584.0,641.0,568.0759393700089,668.3571791140344
435,1,572,-54.20436469069773,-116.84840458860981,129.96664428710938,-54.5691,-117.4201,129.96664,0.7008285522460938,1.9913527965545654,335699971,0.6781327613283541,628.0,-56.1879442157,-116.675468393,135.45,[628],572.0,666.0,595.0825521756076,681.3431810000907
436,0,947,-124.27088540684531,-35.39590308329025,131.90167236328125,-124.87385,-34.718098,131.90167,0.6927183270454407,2.8501217365264893,335667203,0.9071846547321362,500.0,-126.25316462800001,-28.8164609473,135.45,[500],365.0,657.0,338.82231456038994,681.2911688461884
437,0,477,27.64294711033017,-123.21915038623683,125.69019317626955,27.743471,-123.90147,125.69019,0.7104560136795044,1.336778998374939,335724547,0.6896812182923566,724.0,28.2601586125,-123.815844847,135.45,[724],598.0,581.0,625.8677784305269,577.3115399132067
437,1,923,33.30367878491779,-133.3878411583339,136.767822265625,30.689108,-123.22914,136.76782,0.7108268737792969,1.3116166591644287,335724547,10.489764776397196,724.0,28.2601586125,-123.815844847,135.45,[724],625.0,699.0,219.1201475466437,803.7408068967117
437,2,923,33.300595747125044,-133.37468382377642,136.75437927246094,30.597391,-123.20201,136.75438,0.7108268737792969,1.3116166591644287,335724547,10.525710683090953,724.0,28.2601586125,-123.815844847,135.45,[724],626.0,695.0,219.64644092894332,803.6174853850017
438,0,182,71.75580188894128,106.62288021713903,127.05698394775389,71.04152,105.74509,127.056984,0.7152692675590515,-0.9919073581695557,335577091,1.1316895869456602,148.0,79.1832048361,99.29259827339999,135.45,"[148, 180]",860.0,276.0,895.2112777495614,304.90388211365087
439,0,481,126.96180279599696,-26.948491092461154,127.12146759033203,126.57943,-27.245426,127.12147,0.7219738364219666,0.19566930830478668,335765507,0.4841277577140552,884.0,126.25316462800001,-28.8164609473,135.45,[884],664.0,615.0,676.7187941935538,630.345526719878
440,0,608,-98.6425019095359,-84.2521316754046,131.84742736816406,-98.447975,-84.20149,131.84743,0.6957505941390991,2.420729398727417,335683587,0.2010099553908024,564.0,-101.24717697999999,-80.7419293407,135.45,[564],463.0,713.0,461.59190661181583,706.1870028185638
441,0,540,69.13644051134179,110.16053601462863,128.65304565429688,68.04501,110.93044,128.65305,0.7148532271385193,-1.023977279663086,335585283,1.335653230625755,180.0,56.1879442157,116.675468393,135.45,"[148, 180]",372.0,1076.0,341.4027048651451,1119.9398518256714
442,0,386,69.79063230669635,106.57896229172502,125.9745559692383,69.296974,107.136314,125.974556,0.7151082158088684,-1.0043978691101074,335577091,0.7445399302472157,148.0,79.1832048361,99.29259827339999,135.45,"[148, 180]",915.0,206.0,893.4545607330011,226.29709882385384
443,0,927,-119.39046404803048,-43.851034293277735,129.76902770996094,-120.32228,-42.78075,129.76903,0.6930691599845886,2.7758336067199707,335675395,1.4190808630643674,532.0,-114.423046224,-55.1032348679,135.45,"[500, 532]",1094.0,366.0,1052.0880229848904,403.3032870387808
444,0,208,-26.652903143990443,124.62934475988493,128.08590698242188,-26.276718,124.236244,128.0859,0.7036037445068359,-1.7950656414031982,335609859,0.5440985263428152,276.0,-28.2601586125,123.815844847,135.45,[276],618.0,681.0,634.5399965153973,666.2902187403824
445,0,82,38.683437708537895,-121.96428983031569,127.12593078613281,38.50259,-121.44576,127.12593,0.7117227911949158,1.2501786947250366,335724547,0.5491596141478277,724.0,28.2601586125,-123.815844847,135.45,[724],696.0,1011.0,676.0622006673725,1018.9311638415157
446,0,425,33.71832461098438,122.8055251808596,126.69991302490234,34.25263,122.415794,126.69991,0.7107584476470947,-1.316271424293518,335593475,0.6613399755519144,212.0,28.2601586125,123.815844847,135.45,[212],545.0,841.0,561.5872133543843,820.3266399393752
447,0,820,-113.86446546434468,55.967872401500244,129.3666229248047,-113.77893,56.36815,129.36662,0.6935150027275085,-2.698464870452881,335642627,0.40931332769169415,404.0,-114.423046224,55.1032348679,135.45,[404],652.0,627.0,636.5855013440097,624.343230386213
448,0,483,-67.73799291590558,-111.47611102897235,131.8927459716797,-68.12521,-110.891815,131.89275,0.6993567943572998,2.1028294563293457,335699971,0.7009575655368148,628.0,-56.1879442157,-116.675468393,135.45,"[596, 628]",833.0,124.0,809.9742945611058,139.99805199177672
449,0,637,-75.60607818767085,100.8963320955977,127.76101684570312,-77.020744,100.976814,127.76102,0.6978283524513245,-2.227428674697876,335626243,1.4169536537634282,340.0,-79.1832048361,99.29259827339999,135.45,[340],669.0,688.0,666.1493528879083,745.0850659371662
450,0,750,118.42876522335587,46.836237040626656,124.88548278808592,118.18235,47.224358,124.88548,0.7211039066314697,-0.38985008001327515,335560707,0.4597368340343336,84.0,114.423046224,55.1032348679,135.45,[84],286.0,752.0,271.32008690906616,762.2287599742344
451,0,725,105.13186478744319,75.61219274496489,127.32038116455078,105.1432,75.80595,127.32038,0.7192265391349792,-0.6370088458061218,335568899,0.19408511339516485,116.0,101.24717697999999,80.7419293407,135.45,[116],404.0,757.0,396.81053617059547,757.3875122977279
452,0,483,-67.2746799931042,-110.73698122624228,131.0107421875,-67.65892,-111.11637,131.01074,0.6993567943572998,2.1028294563293457,335699971,0.5399790015986012,628.0,-56.1879442157,-116.675468393,135.45,"[596, 628]",824.0,143.0,839.5394866703089,158.53056890383186
453,0,505,102.89305399188515,78.68952286708281,127.40380096435548,102.54617,79.06252,127.4038,0.7189508080482483,-0.6664003133773804,335568899,0.5093676195806217,116.0,101.24717697999999,80.7419293407,135.45,[116],534.0,653.0,519.9037410553126,667.8350804754064
454,0,881,-99.14700106352575,-83.17981710438198,131.5508270263672,-99.03452,-83.46599,131.55083,0.6956648826599121,2.429593086242676,335683587,0.3074820077205412,564.0,-101.24717697999999,-80.7419293407,135.45,[564],493.0,690.0,504.4844894527205,686.0070366589696
455,0,835,-82.20217795454164,96.49843547952105,128.58523559570315,-81.84375,97.1306,128.58524,0.6971139311790466,-2.29000186920166,335626243,0.7267066455467966,340.0,-79.1832048361,99.29259827339999,135.45,[340],515.0,495.0,490.2334882448423,481.24107526233445
456,0,251,-107.26262766978971,-68.02907151139925,129.32846069335938,-108.08948,-68.18243,129.32846,0.6944885849952698,2.562666893005371,335675395,0.8409509167117779,564.0,-101.24717697999999,-80.7419293407,135.45,"[532, 564]",1104.0,328.0,1110.5143131720297,361.38197240841123
456,1,251,-109.36721500226349,-69.32295270637496,131.84385681152344,-110.2637,-69.38504,131.84386,0.6944885849952698,2.562666893005371,335683587,0.8986348024584478,564.0,-101.24717697999999,-80.7419293407,135.45,"[532, 564]",1056.0,241.0,1058.7590653730012,277.19847910945987
457,0,544,126.15295524114867,-27.740011432088068,126.51477813720702,126.50384,-27.576626,126.51478,0.7219511866569519,0.20302826166152954,335765507,0.38705720052784187,884.0,126.25316462800001,-28.8164609473,135.45,[884],651.0,612.0,645.0579806084772,597.9916245259466
458,0,754,1.7083640242481124,-129.34436967622858,129.31484985351562,1.0839266,-129.4685,129.31485,0.7073520421981812,1.5438733100891113,335716355,0.6366568468200671,692.0,-2.37887640734e-14,-129.5,135.45,[692],603.0,645.0,608.2252129508572,670.3345609699255
459,0,32,28.62872469395188,123.54400878018828,126.27547454833983,28.244825,123.78703,126.275475,0.7101643085479736,-1.3564800024032593,335593475,0.4543561455451998,212.0,28.2601586125,123.815844847,135.45,[212],600.0,601.0,591.1265573275313,616.7426432580752
460,0,400,-25.731368513248526,124.09699075323726,127.3547592163086,-25.924309,124.31668,127.35476,0.7036960124969482,-1.788756012916565,335609859,0.29238623344754167,276.0,-28.2601586125,123.815844847,135.45,[276],622.0,695.0,613.2458362494907,703.1516039700591
461,0,941,3.8892811173354858,-129.4569703483916,129.42803955078125,3.0279806,-129.4685,129.42804,0.7076061367988586,1.5270344018936157,335716355,0.8613777961508954,692.0,-2.37887640734e-14,-129.5,135.45,[692],603.0,723.0,603.7211860643367,757.5712446934205
462,0,606,16.132224756366668,-127.02357518648694,127.6963119506836,15.458465,-126.70544,127.69631,0.709053099155426,1.4309265613555908,335724547,0.7450938265831886,724.0,28.2601586125,-123.815844847,135.45,[724],486.0,89.0,473.6907864205227,116.88264575466675
463,0,631,-65.09224113775963,-112.30239309134458,131.19583129882812,-65.56155,-112.12642,131.19583,0.6996225714683533,2.08217716217041,335699971,0.5012127457693448,628.0,-56.1879442157,-116.675468393,135.45,"[596, 628]",783.0,227.0,776.9230120662166,245.82812311761472
464,0,282,-73.21253043933302,104.31723863439856,129.0753173828125,-73.545586,103.74816,129.07532,0.6981958746910095,-2.196437120437622,335626243,0.6593745187580935,340.0,-79.1832048361,99.29259827339999,135.45,[340],780.0,827.0,802.9856144399429,840.8269758706791
465,0,691,-66.1452364096267,-111.39902263802742,130.97232055664062,-66.35992,-111.74194,130.97232,0.6994863748550415,2.0927295684814453,335699971,0.40457662145464185,628.0,-56.1879442157,-116.675468393,135.45,"[596, 628]",799.0,195.0,813.0578301989033,203.7083122429317
465,1,104,-55.956971020944366,-129.90337818650573,142.63473510742188,-50.269985,-119.49045,142.63474,0.7012246251106262,1.9624055624008179,335699971,11.864692277889167,628.0,-56.1879442157,-116.675468393,135.45,[628],489.0,838.0,72.88360825977065,611.2389277902253
465,2,631,-70.57360079271075,-121.43935108775986,141.96482849121094,-65.554794,-112.12967,141.96483,0.6996225714683533,2.08217716217041,335699971,10.576322401632236,628.0,-56.1879442157,-116.675468393,135.45,"[596, 628]",783.0,227.0,411.4446922096056,26.57373691956991
465,3,556,-67.15650376811664,-128.68013105491673,146.58258056640625,-59.97854,-114.81505,146.58258,0.7002251148223877,2.036252498626709,335699971,15.612933974172549,628.0,-56.1879442157,-116.675468393,135.45,[628],676.0,450.0,121.81349352333086,163.25761790333445
465,4,830,-70.86205533059092,-125.6386599934508,145.75743103027344,-64.018265,-112.86962,145.75743,0.6997954845428467,2.068875789642334,335699971,14.487436590929162,628.0,-56.1879442157,-116.675468393,135.45,[628],754.0,288.0,243.47233598196794,15.035555404363095
465,5,691,-65.9171046647075,-111.0266544736769,130.53086853027344,-66.45897,-111.694244,130.53087,0.6994863748550415,2.0927295684814453,335699971,0.8598217101181965,628.0,-56.1879442157,-116.675468393,135.45,"[596, 628]",801.0,191.0,827.952556772924,212.8335820397001
466,0,224,-124.53544996935193,-39.50724227044611,133.34466552734375,-123.699684,-39.86242,133.34467,0.6928501725196838,2.8202548027038574,335667203,0.9081052344444911,500.0,-126.25316462800001,-28.8164609473,135.45,[500],160.0,704.0,174.3687470741554,670.7085863459235
467,0,83,-106.58366947067634,-75.1544547745948,132.7111053466797,-106.392975,-74.238785,132.7111,0.6948997378349304,2.5133614540100098,335683587,0.935315966735504,564.0,-101.24717697999999,-80.7419293407,135.45,[564],862.0,396.0,825.4989826442079,388.5403003729459
468,0,251,-107.9286330684422,-68.43869296320236,130.1245574951172,-108.70809,-66.89786,130.12456,0.6944885849952698,2.562666893005371,335675395,1.7267684347467789,532.0,-114.423046224,-55.1032348679,135.45,"[532, 564]",130.0,830.0,68.5816761879056,861.7765262223122
469,0,383,112.71235948619369,57.80590853565354,124.32647705078125,113.04797,57.88601,124.32648,0.7204633951187134,-0.48707115650177,335560707,0.34504054030225767,84.0,114.423046224,55.1032348679,135.45,[84],713.0,546.0,710.1069467101416,533.5725304877474
470,0,5,-55.332177751380186,118.18218044162381,131.74661254882812,-54.869785,117.2753,131.74661,0.7004064321517944,-2.022650718688965,335618051,1.017959031105483,308.0,-56.1879442157,116.675468393,135.45,[308],625.0,654.0,662.2684819449523,636.2306585727924
471,0,885,-112.73964778892287,-57.47395576302824,128.9772186279297,-113.05691,-57.86746,128.97722,0.6937906742095947,2.656460762023926,335675395,0.5054682014824006,532.0,-114.423046224,-55.1032348679,135.45,[532],491.0,656.0,507.17116419487013,669.3359374030854
472,0,214,-126.09000179095835,-27.820346012816117,131.85232543945312,-126.496376,-27.609318,131.85233,0.6924904584884644,2.9104480743408203,335667203,0.45790058262779165,500.0,-126.25316462800001,-28.8164609473,135.45,[500],650.0,592.0,641.8445973793553,608.5265134816666
473,0,946,-29.293181100328184,-123.52209900680373,127.5708236694336,-29.585331,-123.48107,127.57082,0.7036761045455933,1.7901132106781006,335708163,0.2950166112885732,660.0,-28.2601586125,-123.815844847,135.45,[660],615.0,548.0,613.7498336078511,560.6791004868728
474,0,645,-126.84382625721105,-22.147778083060075,131.51046752929688,-127.83085,-21.76262,131.51047,0.6923559904098511,2.954779863357544,335667203,1.0595090023841887,500.0,-126.25316462800001,-28.8164609473,135.45,[500],884.0,538.0,868.7473145695969,578.3735348315588
474,1,645,-126.71636734369815,-22.127348846951463,131.37863159179688,-127.82379,-21.793533,131.37863,0.6923559904098511,2.954779863357544,335667203,1.156642154332074,500.0,-126.25316462800001,-28.8164609473,135.45,[500],882.0,539.0,869.5644840139414,583.4718913720747
475,0,253,124.67539434745845,-32.06697444790825,126.11105346679688,125.54284,-31.787054,126.11105,0.7218308448791504,0.23837095499038696,335765507,0.911490940703455,884.0,126.25316462800001,-28.8164609473,135.45,[884],483.0,573.0,471.9794599756699,538.8891887783376
476,0,416,-51.74017727840965,-117.84436577521114,129.80746459960938,-51.748077,-118.77863,129.80746,0.7011099457740784,1.970743179321289,335699971,0.9343007433368601,628.0,-56.1879442157,-116.675468393,135.45,[628],517.0,779.0,555.2441047115542,779.910677491614
477,0,895,36.04420586595461,122.23941479304608,126.74267578125,36.124012,121.98866,126.742676,0.7110340595245361,-1.297499656677246,335593475,0.2631456255634438,212.0,28.2601586125,123.815844847,135.45,[212],528.0,916.0,538.9427978418433,913.3618901381843
478,0,174,98.67255617942283,84.03971108048381,127.57157135009766,98.77318,83.79371,127.57157,0.7184314727783203,-0.7190129160881042,335568899,0.26578542547923173,116.0,101.24717697999999,80.7419293407,135.45,[116],724.0,503.0,733.9112695913525,499.0151679769133
479,0,639,100.13928372536884,83.28093482915983,128.1741943359375,99.3217,83.10588,128.1742,0.7185494303703308,-0.7073395252227783,335568899,0.8361132497801179,116.0,101.24717697999999,80.7419293407,135.45,[116],696.0,524.0,703.5602195383933,557.6842698147539
480,0,20,-27.10345495741967,-123.98820565414564,127.49185943603516,-27.07165,-124.0548,127.49186,0.703934371471405,1.7724854946136475,335708163,0.07380141776735719,660.0,-28.2601586125,-123.815844847,135.45,[660],592.0,649.0,595.1055677141744,648.2681462032133
481,0,628,128.38670659968307,18.15457981372856,126.9778289794922,128.6216,18.298143,126.97783,0.7220868468284607,-0.15394213795661926,335552515,0.2752891860220373,52.0,126.25316462800001,28.8164609473,135.45,[52],181.0,696.0,175.52475465714238,687.3416788673222
482,0,219,10.236129719144628,-128.81977604076422,129.0033721923828,9.964023,-129.4685,129.00337,0.7083481550216675,1.4778192043304443,335716355,0.7034860638471624,692.0,-2.37887640734e-14,-129.5,135.45,[692],603.0,1000.0,629.2089583694315,1011.4451887657862
483,0,448,-59.785316372217494,115.03547993500842,130.99024963378906,-59.58729,115.00346,130.99025,0.6998594403266907,-2.0639824867248535,335618051,0.20059611232407148,308.0,-56.1879442157,116.675468393,135.45,[308],535.0,466.0,536.4004616803368,458.1051137393001
484,0,256,100.61737563848601,-82.24585206184474,127.82685852050783,100.29092,-81.890526,127.82686,0.7188997864723206,0.6717101335525513,335749123,0.482527041789328,820.0,101.24717697999999,-80.7419293407,135.45,[820],556.0,563.0,541.84309115421,576.8079463394406
485,0,694,-71.18904106526043,105.88456541057349,129.17848205566406,-70.84111,105.90491,129.17848,0.6984379887580872,-2.1764087677001953,335626243,0.348524971782677,340.0,-79.1832048361,99.29259827339999,135.45,"[308, 340]",866.0,935.0,865.6786854869398,921.766550833583
486,0,705,114.49977852408938,56.69609214490083,125.38549041748047,113.94963,56.0137,125.38549,0.7205637097358704,-0.4730699360370636,335560707,0.8765406822357619,84.0,114.423046224,55.1032348679,135.45,[84],638.0,583.0,665.7142910800331,605.0692920035749
487,0,799,126.17810343784313,5.042683706681601,123.63488006591797,126.9685,4.9793243,123.63488,0.7222490310668945,-0.05305701121687889,335544323,0.7929302218229323,20.0,127.0,0.0,135.45,[20],801.0,600.0,803.707348267264,569.1241375137253
488,0,832,40.00890222882208,-121.0667251818893,126.65238952636719,40.07229,-121.087494,126.65239,0.711895763874054,1.2381916046142578,335724547,0.06670202808828579,724.0,28.2601586125,-123.815844847,135.45,[724],711.0,1074.0,711.9647866044284,1071.9497446528833
489,0,118,-129.49287989037765,15.76636610723017,133.26568603515625,-128.994,16.666498,133.26569,0.6921853423118591,-3.034569263458252,335650819,1.029133427946339,436.0,-126.25316462800001,28.8164609473,135.45,[436],116.0,492.0,79.99620639720675,472.4113895048947
490,0,337,82.2930455313799,-98.3999893055393,126.53116607666016,81.369194,-97.50904,126.531166,0.7168784737586975,0.8608823418617249,335740931,1.2834682609128736,788.0,79.1832048361,-99.29259827339999,135.45,[788],673.0,689.0,637.7043587144277,726.3936278111959
491,0,492,117.65243197981476,-47.559078234515255,124.42293548583984,118.02419,-47.552773,124.422935,0.7212129235267639,0.3709537386894226,335757315,0.3718143043432449,852.0,114.423046224,-55.1032348679,135.45,[852],904.0,746.0,903.7662653353897,731.1754302325903
492,0,491,123.85291132262728,40.61344876552357,127.75807189941405,123.53532,40.582577,127.75807,0.7214293479919434,-0.33041855692863464,335552515,0.3190917945932668,52.0,126.25316462800001,28.8164609473,135.45,"[52, 84]",1072.0,493.0,1073.8795127289427,505.9898677850907
493,0,527,-93.80192367035943,90.59660563910529,132.47964477539062,-93.47048,90.44307,132.47964,0.6960784196853638,-2.387626886367798,335634435,0.3652766406922944,372.0,-101.24717697999999,80.7419293407,135.45,"[340, 372]",990.0,913.0,996.1870519362117,899.8101323856224
494,0,754,1.708169208203799,-129.7007859396453,129.671142578125,1.756687,-129.4685,129.67114,0.7073520421981812,1.5438733100891113,335716355,0.2372931018533964,692.0,-2.37887640734e-14,-129.5,135.45,[692],603.0,672.0,593.9685624141885,670.326768328153
495,0,381,47.63782972792251,-121.11898779741841,129.13458251953125,47.679363,-120.73802,129.13458,0.7126923203468323,1.1823699474334717,335732739,0.383223284995792,756.0,56.1879442157,-116.675468393,135.45,[756],439.0,261.0,424.2592238232635,259.9954204889002
496,0,470,-63.060002508066646,-113.69924043740639,131.36451721191406,-63.096573,-113.313484,131.36452,0.6998690366744995,2.0632472038269043,335699971,0.387485835561083,628.0,-56.1879442157,-116.675468393,135.45,[628],736.0,325.0,721.0491182237445,327.11766830533406
497,0,253,125.45688236388628,-32.27923059849127,126.90433502197267,125.55428,-31.736902,126.904335,0.7218308448791504,0.23837095499038696,335765507,0.551005411352007,884.0,126.25316462800001,-28.8164609473,135.45,[884],485.0,574.0,463.48921395234925,570.1487094354508
498,0,861,-130.296633077264,15.488033720409476,134.04788208007812,-129.26324,15.486903,134.04788,0.6921808123588562,-3.0374982357025146,335650819,1.033389066758919,436.0,-126.25316462800001,28.8164609473,135.45,[436],68.0,481.0,68.86291092437901,440.26126202944056
498,1,861,-130.21047851232936,15.476549135370078,133.95909118652344,-129.28215,15.404051,133.95909,0.6921808123588562,-3.0374982357025146,335650819,0.9311548383069632,436.0,-126.25316462800001,28.8164609473,135.45,[436],65.0,480.0,68.4035275228031,443.7074446268264
498,2,241,-131.05459999298392,13.888104464983371,134.6383819580078,-127.0185,13.357038,134.63838,0.6921625733375549,-3.050295352935791,335659011,4.070887480785418,468.0,-127.0,1.55530143492e-14,135.45,[468],1136.0,601.0,1157.5241785993342,439.8160002806435
499,0,253,125.82467902547842,-32.37917492735414,127.27769470214844,125.2721,-32.973217,127.277695,0.7218308448791504,0.23837095499038696,335765507,0.8113118834611609,884.0,126.25316462800001,-28.8164609473,135.45,[884],435.0,562.0,459.49144079783423,584.8605758991363
500,0,901,-126.15380558756749,-26.865988559033212,131.71412658691406,-126.58539,-27.219334,131.71413,0.6924661993980408,2.917794704437256,335667203,0.557777993086337,500.0,-126.25316462800001,-28.8164609473,135.45,[500],665.0,588.0,680.0188955306714,605.9743616173012
501,0,427,54.18972317618682,-118.21548192304817,128.88963317871094,54.401142,-117.500984,128.88963,0.7134616374969482,1.1273099184036255,335732739,0.7451207806655022,756.0,56.1879442157,-116.675468393,135.45,[756],568.0,530.0,540.399458798073,522.0711584194726
502,0,83,-106.0642672103877,-74.79900058385647,132.07066345214844,-106.118866,-74.5825,132.07066,0.6948997378349304,2.5133614540100098,335683587,0.22328228899546745,564.0,-101.24717697999999,-80.7419293407,135.45,[564],848.0,407.0,839.717150273741,409.31639078449166
503,0,910,-113.27835798904562,57.172076294968974,129.3666229248047,-113.29013,57.38316,129.36662,0.6935820579528809,-2.6879100799560547,335642627,0.21141138143637625,404.0,-114.423046224,55.1032348679,135.45,[404],693.0,647.0,684.7536570827589,647.7875293981754
504,0,855,25.199146461107375,124.13994491115989,126.2026138305664,25.083282,124.50864,126.202614,0.7097563147544861,-1.3839133977890015,335593475,0.3864685410628193,212.0,28.2601586125,123.815844847,135.45,[212],629.0,474.0,614.9640025663956,479.559513944295
505,0,766,98.01669629332127,-84.65328232850106,127.43875122070312,97.5973,-85.26821,127.43875,0.7186342477798462,0.6988552808761597,335749123,0.7443338808325601,820.0,101.24717697999999,-80.7419293407,135.45,[820],420.0,456.0,445.5458804879572,472.7807725328512
506,0,911,39.23248624409007,121.86347060024127,127.2553253173828,39.038013,121.32356,127.255325,0.7113941311836243,-1.2728338241577148,335593475,0.5738643474936304,212.0,28.2601586125,123.815844847,135.45,[212],502.0,1033.0,523.905030129651,1040.8931052636028
506,1,911,39.21935858108645,121.82450403115149,127.2144546508789,38.935352,121.34699,127.214455,0.7113941311836243,-1.2728338241577148,335593475,0.5555869172542391,212.0,28.2601586125,123.815844847,135.45,[212],503.0,1029.0,522.3463673660598,1040.3679987434582
506,2,425,33.59252382293835,122.37026008177327,126.24916076660155,33.810158,122.516785,126.24916,0.7107584476470947,-1.316271424293518,335593475,0.26236232929346226,212.0,28.2601586125,123.815844847,135.45,[212],550.0,823.0,544.1766093909308,815.2946084175338
506,3,895,36.369933036779,123.29128806061613,127.83774566650392,36.139805,121.94548,127.837746,0.7110340595245361,-1.297499656677246,335593475,1.365341492009645,212.0,28.2601586125,123.815844847,135.45,[212],527.0,917.0,581.0177285446451,926.3909769711601
507,0,451,99.81581262328473,-82.89143382110251,127.6354751586914,99.74666,-82.573006,127.635475,0.718824565410614,0.6794928312301636,335749123,0.32585088670435136,820.0,101.24717697999999,-80.7419293407,135.45,[820],528.0,541.0,516.0198207838994,544.7454257313893
508,0,351,113.68302201664937,-56.9659046111492,124.7599868774414,113.69918,-56.533764,124.75999,0.7207143902778625,0.4512898027896881,335757315,0.4324427206926237,852.0,114.423046224,-55.1032348679,135.45,[852],544.0,573.0,527.4932102700319,572.3990317059747
509,0,764,-103.59488775724094,-77.95465413843658,131.8789825439453,-103.78821,-77.50506,131.87898,0.6951720118522644,2.482508659362793,335683587,0.48939671790328804,564.0,-101.24717697999999,-80.7419293407,135.45,[564],731.0,500.0,713.4910080905365,508.09156891036196
510,0,150,111.51538579517774,-60.326324593476784,124.43465423583986,111.913246,-60.242283,124.434654,0.7204951643943787,0.4826846122741699,335757315,0.40663973915936097,852.0,114.423046224,-55.1032348679,135.45,[852],396.0,501.0,393.0764109769285,485.69358284710916
511,0,3,-32.273666055387366,-123.0242139999284,127.87374877929688,-32.209152,-122.8822,127.87375,0.7033311128616333,1.8137880563735962,335708163,0.1559788469746371,660.0,-28.2601586125,-123.815844847,135.45,[660],639.0,444.0,633.665233882864,441.4597022845055
511,1,3,-32.3013407446615,-123.12415981785057,127.97801208496094,-32.239647,-122.875244,127.97801,0.7033311128616333,1.8137880563735962,335708163,0.2564471551877327,660.0,-28.2601586125,-123.815844847,135.45,[660],639.0,442.0,629.6674011659775,440.3527147135401
511,2,116,61.76158418399791,-306.10337592082954,310.8687438964844,28.689745,-123.685486,310.86874,0.7104272246360779,1.3387296199798584,436387843,185.39156715439248,730.0,28.2601586125,-123.815844847,316.05,[730],607.0,619.0,-6689.501242953181,1942.0570228599165
511,3,877,-106.69428036359568,-385.019938238946,401.6691589355469,-28.11237,-123.81727,401.66916,0.703553318977356,1.7985230684280396,486703107,272.7672111067285,669.0,-28.2601586125,-123.815844847,406.34999999999997,[669],601.0,607.0,-9846.16373567784,-2535.364870043827
512,0,409,-90.76504939353981,90.27252668406163,130.017333984375,-90.73512,90.03996,130.01733,0.6962301731109619,-2.3727054595947266,335626243,0.2344815193985839,372.0,-101.24717697999999,80.7419293407,135.45,"[340, 372]",973.0,1022.0,983.2238937344653,1021.2851034584071
512,1,409,-92.45862115625641,92.00491919780688,132.4778594970703,-92.35664,91.83978,132.47786,0.6962301731109619,-2.3727054595947266,335634435,0.19408622911046833,372.0,-101.24717697999999,80.7419293407,135.45,"[340, 372]",1045.0,957.0,1052.5195942842754,953.542232949743
513,0,553,-61.67306772956499,-113.88722284032065,130.8329620361328,-61.80132,-113.93725,130.83296,0.700000524520874,2.053234577178955,335699971,0.13766248346152196,628.0,-56.1879442157,-116.675468393,135.45,[628],711.0,377.0,713.5298221071741,382.59505944540024
514,0,267,63.681023842418654,113.59487629022215,128.93850708007812,63.65116,113.04641,128.9385,0.7141950726509094,-1.0735291242599487,335585283,0.5492790551779851,180.0,56.1879442157,116.675468393,135.45,[180],456.0,900.0,478.7763158888856,901.723185068746
515,0,251,-107.60335113221299,-68.23865019972527,129.73574829101562,-108.42836,-67.47873,129.73575,0.6944885849952698,2.562666893005371,335675395,1.12165924440394,532.0,-114.423046224,-55.1032348679,135.45,"[532, 564]",106.0,841.0,76.58338672698903,874.7878036714803
516,0,965,124.82598454754225,-34.591479527271986,126.90433502197266,124.82006,-34.95373,126.904335,0.7217602729797363,0.25687363743782043,335765507,0.36230044171771636,884.0,126.25316462800001,-28.8164609473,135.45,[884],356.0,544.0,370.9992568011205,544.9127967816895
517,0,278,125.5777809233507,30.681695934685195,126.64825439453125,125.73398,30.949606,126.648254,0.721775233745575,-0.25306275486946106,335552515,0.3101183378349161,52.0,126.25316462800001,28.8164609473,135.45,[52],687.0,581.0,676.6093994954077,574.9846518140276
518,0,584,0.6925164055001005,130.02424780593915,130.08331298828125,0.64914906,129.4685,130.08331,0.706818163394928,-1.5792677402496338,335601667,0.5574314646707836,244.0,7.92958802448e-15,129.5,135.45,[244],600.0,627.0,622.9699122375661,629.7006562200037
519,0,907,107.31690653093756,69.06872355215137,125.39496612548828,108.0706,68.22162,125.394966,0.7196870446205139,-0.5851601958274841,335560707,1.1338625136822136,116.0,101.24717697999999,80.7419293407,135.45,"[84, 116]",101.0,874.0,135.07176845805475,844.7891820375025
519,1,907,109.40974506963721,70.37588472396465,127.81935119628906,110.23351,69.422905,127.81935,0.7196870446205139,-0.5851601958274841,335568899,1.259668137869281,116.0,101.24717697999999,80.7419293407,135.45,"[84, 116]",149.0,961.0,187.35821533058584,928.5027235854886
520,0,977,-90.1184837206979,90.8396934889156,129.94796752929688,-89.92947,90.68245,129.94797,0.6962992548942566,-2.3659920692443848,335626243,0.24587258338859044,340.0,-79.1832048361,99.29259827339999,135.45,"[340, 372]",257.0,172.0,263.88380862062434,164.5888446160842
521,0,930,76.15535034847835,-101.87125740748161,125.57466888427734,75.82226,-101.93258,125.57467,0.7162259221076965,0.9155364632606506,335740931,0.3386899145557604,788.0,79.1832048361,-99.29259827339999,135.45,[788],496.0,467.0,498.85363463673514,480.88582049513377
522,0,76,32.7043435935002,122.4095111005729,126.07366180419922,32.88808,122.72724,126.07366,0.7106579542160034,-1.3230947256088257,335593475,0.36703120219752255,212.0,28.2601586125,123.815844847,135.45,[212],558.0,787.0,545.7466501429161,779.7673992400079
523,0,130,-116.68640078866838,-52.30320425099217,130.39186096191406,-115.9524,-51.854904,130.39186,0.6934657692909241,2.7063753604888916,335675395,0.860075468454104,532.0,-114.423046224,-55.1032348679,135.45,[532],731.0,540.0,714.0012246763132,511.46581741326486
524,0,251,-107.67952238195858,-68.28549751612309,129.82679748535156,-108.20912,-67.93398,129.8268,0.6944885849952698,2.562666893005371,335675395,0.6356398375903068,532.0,-114.423046224,-55.1032348679,135.45,"[532, 564]",88.0,850.0,74.70949407107639,871.740953681657
524,1,251,-109.84393225084659,-69.61581923763333,132.41351318359375,-110.441574,-69.162,132.41351,0.6944885849952698,2.562666893005371,335683587,0.75041678394976,532.0,-114.423046224,-55.1032348679,135.45,"[532, 564]",39.0,761.0,21.496625210666593,785.1645589261364
525,0,711,125.54391977824821,-29.972837232787242,126.43238067626953,125.950294,-30.001854,126.43238,0.7218925356864929,0.22094671428203583,335765507,0.4074093513624618,884.0,126.25316462800001,-28.8164609473,135.45,[884],554.0,589.0,555.7449485805103,573.630206009928
526,0,617,38.15835592514941,-121.30509029557061,126.35051727294922,37.85544,-121.593475,126.35052,0.7116873264312744,1.2526296377182007,335724547,0.41824043737340644,724.0,28.2601586125,-123.815844847,135.45,[724],690.0,985.0,702.4301820571759,997.9278925059763
527,0,881,-99.62266335075356,-83.56764549023819,132.17465209960938,-99.18076,-83.28261,132.17465,0.6956648826599121,2.429593086242676,335683587,0.5258536452880284,564.0,-101.24717697999999,-80.7419293407,135.45,[564],500.0,684.0,488.9713540184721,666.9805451698574
528,0,768,-51.62465835657895,119.30306255461596,131.166748046875,-52.224586,118.54916,131.16675,0.7008048295974731,-1.9930988550186157,335618051,0.9634773321773021,308.0,-56.1879442157,116.675468393,135.45,[308],676.0,760.0,707.1037664646383,784.531434364842
529,0,645,-127.86152650200768,-22.31076491103704,132.56309509277344,-127.706955,-22.305431,132.5631,0.6923559904098511,2.954779863357544,335667203,0.1546635364955608,500.0,-126.25316462800001,-28.8164609473,135.45,[500],862.0,543.0,862.2278414505183,537.6655250396936
530,0,241,-126.79147150677835,13.376683682536168,130.25198364257812,-126.9685,13.690083,130.25198,0.6921625733375549,-3.050295352935791,335659011,0.3599407046805034,468.0,-127.0,1.55530143492e-14,135.45,[468],1149.0,603.0,1137.067347301446,610.3411397288664
531,0,176,-29.038806899494375,-123.85362596671996,127.82958984375,-29.060469,-123.60087,127.82959,0.7037137746810913,1.787538766860962,335708163,0.25368426914573383,660.0,-28.2601586125,-123.815844847,135.45,[660],610.0,569.0,600.4887552112018,570.8540685202252
532,0,842,79.2688696059713,-99.40586489383395,125.46096801757814,79.02299,-99.38008,125.46097,0.716602087020874,0.8843194246292114,335740931,0.24723041102573923,788.0,79.1832048361,-99.29259827339999,135.45,[788],598.0,595.0,597.4693351826414,605.4265907948519
533,0,854,28.983675257532923,-123.37973831214981,126.11820220947266,29.352,-123.53433,126.1182,0.7106050252914429,1.3266886472702026,335724547,0.3994519759453409,724.0,28.2601586125,-123.815844847,135.45,[724],613.0,645.0,619.4442613940078,630.9406658013169
534,0,215,53.57880058424598,-117.76118979837361,128.23570251464844,53.650246,-117.862595,128.2357,0.7134215831756592,1.1302086114883423,335732739,0.12404569514009091,756.0,56.1879442157,-116.675468393,135.45,[756],554.0,500.0,558.5711437850557,497.6342547418392
535,0,278,126.19334925518524,30.823317212120855,127.26706695556639,125.72363,30.99492,127.26707,0.721775233745575,-0.25306275486946106,335552515,0.5000812974708688,52.0,126.25316462800001,28.8164609473,135.45,[52],689.0,580.0,682.2742505928342,599.6073850874092
536,0,734,107.14954531869671,-72.9001767157547,127.33390808105469,107.67812,-72.62725,127.33391,0.7196976542472839,0.583916425704956,335749123,0.5948810739014947,820.0,101.24717697999999,-80.7419293407,135.45,[820],926.0,859.0,915.6701049978119,838.0947335478686
537,0,314,125.91110897376137,6.4645853048386925,123.43897247314453,126.9685,5.974919,123.43897,0.7222387194633484,-0.06439009308815002,335544323,1.1652661857650295,20.0,127.0,0.0,135.45,[20],840.0,600.0,860.5834121935477,558.4443589504548
538,0,865,-110.17699844032904,70.529452712296,133.23513793945312,-109.64397,70.16217,133.23514,0.6943021416664124,-2.5863070487976074,335634435,0.6473168872531377,372.0,-101.24717697999999,80.7419293407,135.45,[372],178.0,266.0,193.50093486384026,244.80714158683782
539,0,637,-76.42991908057365,102.02772503197366,129.17918395996094,-77.12513,100.89357,129.17918,0.6978283524513245,-2.227428674697876,335626243,1.33027274020783,340.0,-79.1832048361,99.29259827339999,135.45,[340],666.0,684.0,711.4050703429467,712.1314302210538
540,0,919,62.321070524130846,-114.9934299034071,129.46932983398438,61.693203,-113.98931,129.46933,0.7143709063529968,1.0604196786880493,335732739,1.1842601050273454,756.0,56.1879442157,-116.675468393,135.45,[756],709.0,822.0,669.2815395837158,847.3250523372337
541,0,253,125.07061858006819,-32.17430172611239,126.51223754882814,125.35233,-32.621716,126.51224,0.7218308448791504,0.23837095499038696,335765507,0.5287174851519072,884.0,126.25316462800001,-28.8164609473,135.45,[884],449.0,565.0,467.68636884750435,554.698158082727
542,0,963,-81.80238605031718,98.3259664824086,129.71835327148438,-81.584015,97.33773,129.71835,0.6972426772117615,-2.2784769535064697,335626243,1.0120753439632968,340.0,-79.1832048361,99.29259827339999,135.45,[340],523.0,505.0,563.3347283603445,497.23275143131275
543,0,174,98.73956176618367,84.09523230413743,127.65721893310545,98.33367,84.344826,127.65722,0.7184314727783203,-0.7190129160881042,335568899,0.47649106711153333,116.0,101.24717697999999,80.7419293407,135.45,[116],746.0,485.0,736.132118537497,501.695391447347
544,0,457,128.174884684606,19.362110207137448,126.94776153564453,128.34137,19.525906,126.94776,0.7220636010169983,-0.16339139640331268,335552515,0.23355121578111332,52.0,126.25316462800001,28.8164609473,135.45,[52],230.0,685.0,223.8259703934979,678.8688022642401
545,0,228,94.9725378389362,88.59026693872147,127.91751861572266,94.70268,88.89794,127.91752,0.7179600596427917,-0.7642109990119934,335568899,0.40925004243180385,116.0,101.24717697999999,80.7419293407,135.45,[116],928.0,340.0,915.9335039208588,351.0144343574484
546,0,583,-88.09273860017629,93.19213203279287,130.18592834472656,-87.74908,92.42125,130.18593,0.6965512037277222,-2.341881036758423,335626243,0.8440162632716006,340.0,-79.1832048361,99.29259827339999,135.45,"[340, 372]",327.0,259.0,357.9813503757151,245.61864943694843
547,0,839,114.79098573183046,54.24321888356644,124.57222747802734,114.30024,55.28564,124.57223,0.7206916213035583,-0.4546513557434082,335560707,1.1521610478226463,84.0,114.423046224,55.1032348679,135.45,[84],609.0,597.0,567.5993606266576,616.7175803132181
547,1,705,113.84063501804621,56.3804914022503,124.6683349609375,114.31618,55.316998,124.668335,0.7205637097358704,-0.4730699360370636,335560707,1.1649719941532939,84.0,114.423046224,55.1032348679,135.45,[84],610.0,597.0,653.0902613740119,578.7035517618483
548,0,680,-124.64659819276108,33.80319766217326,131.8660125732422,-124.96598,34.314415,131.86601,0.6925591826438904,-2.890756368637085,335650819,0.6027837267478415,436.0,-126.25316462800001,28.8164609473,135.45,[436],821.0,653.0,801.4694685949304,666.2626574095577
549,0,188,-31.604985570680583,-122.94667965502686,127.6163330078125,-31.449257,-123.05564,127.61633,0.7034025192260742,1.8088752031326294,335708163,0.19006323290083496,660.0,-28.2601586125,-123.815844847,135.45,[660],632.0,474.0,636.766607678926,468.20692167277684
550,0,811,-46.0998128846486,121.3621706859933,130.8781280517578,-46.335636,121.38513,130.87813,0.7014277577400208,-1.9476968050003052,335618051,0.23693843432426506,308.0,-56.1879442157,116.675468393,135.45,[308],790.0,996.0,789.468091719732,1005.5252532420559
551,0,540,69.59278302341545,110.86595687477893,129.48410034179688,68.1502,110.87978,129.4841,0.7148532271385193,-1.023977279663086,335585283,1.4426493945482688,180.0,56.1879442157,116.675468393,135.45,"[148, 180]",370.0,1080.0,369.619539271157,1138.1935523086179
552,0,236,14.210934281757545,-126.8414120873918,127.32839965820312,14.304999,-126.96871,127.3284,0.7088310122489929,1.4457193613052368,335724547,0.1582828723418685,724.0,28.2601586125,-123.815844847,135.45,"[692, 724]",475.0,43.0,480.9773103843281,40.03102677030185
552,1,236,14.454307216165944,-129.3218769241917,129.81471252441406,14.441312,-129.4685,129.81471,0.7088310122489929,1.4457193613052368,335716355,0.14720368382732363,692.0,-2.37887640734e-14,-129.5,135.45,"[692, 724]",603.0,1179.0,609.1249230323319,1180.1722886466387
553,0,513,-53.69871816288742,119.08416602594252,131.84947204589844,-53.564716,117.903786,131.84947,0.7005977034568787,-2.008408784866333,335618051,1.1879622003694144,308.0,-56.1879442157,116.675468393,135.45,[308],651.0,706.0,698.3479053177007,701.5690421125032
554,0,378,-32.12310901839464,123.53083273023708,128.3944854736328,-32.21074,122.88184,128.39449,0.7029687762260437,-1.838821291923523,335609859,0.6548785930250016,276.0,-28.2601586125,123.815844847,135.45,[276],564.0,443.0,590.5995153294833,447.4819837642144
555,0,596,-1.9344025956861515,130.21630845121837,130.3441619873047,-2.1737382,129.4685,130.34416,0.7065136432647705,-1.599475622177124,335601667,0.785168942062229,244.0,7.92958802448e-15,129.5,135.45,[244],600.0,515.0,630.6523380487346,524.6238961725536
556,0,768,-51.75334433710486,119.61221284961653,131.50462341308594,-51.389725,118.95121,131.50462,0.7008048295974731,-1.9930988550186157,335618051,0.7544163013702704,308.0,-56.1879442157,116.675468393,135.45,[308],693.0,793.0,719.4697782646608,779.3839951438054
557,0,568,75.3857462039382,-102.93090817529992,125.9847412109375,74.82569,-102.72731,125.98474,0.7161064743995667,0.9252973794937134,335740931,0.5959141925911278,788.0,79.1832048361,-99.29259827339999,135.45,[788],464.0,427.0,456.4676039240027,450.10165471352764
558,0,205,-16.31480126986571,-126.78705509515862,128.17697143554688,-16.63639,-126.436584,128.17697,0.705227792263031,1.6851766109466553,335708163,0.47565681938704923,660.0,-28.2601586125,-123.815844847,135.45,[660],497.0,1066.0,483.15159007365537,1079.8142937053717
559,0,97,-100.25395280947987,82.69665540772075,132.1667022705078,-99.6553,82.68756,132.1667,0.6953232884407043,-2.4658873081207275,335634435,0.5987255574999809,372.0,-101.24717697999999,80.7419293407,135.45,[372],679.0,665.0,680.1890426808302,641.7289668208048
560,0,636,81.28144944542964,101.41442317314704,128.30197143554688,78.64623,99.68053,128.30197,0.7163082957267761,-0.9087631702423096,335577091,3.1544832635409272,148.0,79.1832048361,99.29259827339999,135.45,[148],617.0,580.0,686.872995989882,685.9297843731855
560,1,636,80.9901080722384,101.06085167807987,127.84971618652342,78.64739,99.6796,127.84972,0.7163082957267761,-0.9087631702423096,335577091,2.71958887222218,148.0,79.1832048361,99.29259827339999,135.45,[148],617.0,580.0,672.7301361871952,674.2761294455357
560,2,77,73.76344632083737,104.08853601643432,126.0687484741211,73.51185,103.77506,126.06875,0.7155784368515015,-0.9676530957221985,335577091,0.40195409687825207,148.0,79.1832048361,99.29259827339999,135.45,[148],781.0,375.0,793.8375097213731,385.20965938949473
561,0,696,-115.50646883407217,55.67003946501427,130.7484588623047,-114.370605,55.139526,130.74846,0.6934658885002136,-2.7063450813293457,335642627,1.2536465736589208,404.0,-114.423046224,55.1032348679,135.45,[404],603.0,604.0,624.6721838845707,558.6630955971134
562,0,902,-127.22362085287932,-8.801846346749699,130.28729248046875,-126.9685,-8.869946,130.2873,0.6921519041061401,3.058699607849121,335659011,0.2640550149989839,468.0,-127.0,1.55530143492e-14,135.45,[468],247.0,603.0,249.92614613001143,593.0551658848276
563,0,818,15.750897967594028,126.55653397328831,127.2663803100586,16.1389,126.55013,127.26638,0.7086092233657837,-1.4604742527008057,335593475,0.3880555889306772,212.0,28.2601586125,123.815844847,135.45,[212],711.0,117.0,711.6275650515325,101.62957420376117
564,0,325,18.370919194698217,-125.7842203771063,126.72376251220703,18.341574,-126.047386,126.72376,0.7093318104743958,1.4123295545578003,335724547,0.2647968870996241,724.0,28.2601586125,-123.815844847,135.45,[724],512.0,205.0,523.2649787957484,206.43042328792873
565,0,205,-16.438592759152016,-127.65504057899727,129.0560760498047,-16.259605,-126.52258,129.05608,0.705227792263031,1.6851766109466553,335708163,1.146514990093112,660.0,-28.2601586125,-123.815844847,135.45,[660],493.0,1082.0,448.4321707201093,1074.8626341339195
566,0,558,-8.397216038564693,129.3327675389391,129.85594177246094,-8.726646,129.4685,129.85594,0.7057631015777588,-1.649405837059021,335601667,0.35629941067571863,244.0,7.92958802448e-15,129.5,135.45,[244],600.0,252.0,595.3107015575637,266.111358457412
567,0,540,69.38763805803319,110.5488745566131,129.11053466796875,68.70337,110.613396,129.11053,0.7148532271385193,-1.023977279663086,335585283,0.6873041016194817,180.0,56.1879442157,116.675468393,135.45,"[148, 180]",359.0,1102.0,356.9362465445238,1129.9877536933275
568,0,28,82.06214232221419,96.80992083615365,125.22586059570312,81.896835,97.08826,125.22586,0.7166422009468079,-0.8809430599212646,335577091,0.3237241594217861,148.0,79.1832048361,99.29259827339999,135.45,[148],513.0,710.0,502.6929025101464,717.1574994445672
569,0,598,-67.21640686966157,112.26442918597877,132.35459899902344,-66.85964,111.50129,132.3546,0.6990837454795837,-2.124321937561035,335618051,0.8424152977886662,308.0,-56.1879442157,116.675468393,135.45,"[308, 340]",395.0,175.0,425.5584317191506,160.86149384153714
570,0,228,94.85031567782835,88.47931700104573,127.75494384765625,94.9475,88.59095,127.754944,0.7179600596427917,-0.7642109990119934,335568899,0.14801059718035922,116.0,101.24717697999999,80.7419293407,135.45,[116],915.0,350.0,911.4955064138292,346.12554791313414
571,0,877,-30.120547400567375,-122.46212009610781,126.75270080566406,-30.531397,-123.26514,126.7527,0.703553318977356,1.7985230684280396,335708163,0.902016063802832,660.0,-28.2601586125,-123.815844847,135.45,[660],624.0,511.0,656.1489900356878,527.5844484773052
572,0,811,-46.1156467238261,121.40566483802581,130.92478942871094,-46.12938,121.48446,130.92479,0.7014277577400208,-1.9476968050003052,335618051,0.07998181526123743,308.0,-56.1879442157,116.675468393,135.45,[308],794.0,1004.0,791.2078578010323,1004.8918996749558
573,0,669,41.633178087763554,-120.90441821639752,126.98340606689453,41.520134,-120.757034,126.983406,0.7120753526687622,1.2256970405578613,335724547,0.1857444221647357,724.0,28.2601586125,-123.815844847,135.45,"[724, 756]",724.0,1132.0,718.4570652240996,1136.9207790105422
574,0,77,73.77543932851131,104.10498859168774,126.0888671875,73.60796,103.69842,126.08887,0.7155784368515015,-0.9676530957221985,335577091,0.43971360219092426,148.0,79.1832048361,99.29259827339999,135.45,[148],778.0,378.0,794.49561273151,385.6893796964522
575,0,540,69.30573624486624,110.4222676276404,128.9613800048828,68.02497,110.940094,128.96138,0.7148532271385193,-1.023977279663086,335585283,1.3814860611086177,180.0,56.1879442157,116.675468393,135.45,"[148, 180]",372.0,1075.0,351.87196938561556,1126.7116811666494
576,0,38,73.25084198572767,104.49236877344129,126.11451721191406,73.230286,103.9996,126.11452,0.7155137062072754,-0.9727651476860046,335577091,0.4931940825701678,148.0,79.1832048361,99.29259827339999,135.45,[148],790.0,363.0,809.9908200016517,364.70548598510675
577,0,940,44.49940363866972,-122.38083008658646,129.27040100097656,44.226753,-122.40071,129.2704,0.7123237252235413,1.2083337306976318,335732739,0.2733742778364459,756.0,56.1879442157,-116.675468393,135.45,[756],372.0,123.0,373.7855322565417,134.45837691878864
578,0,531,-20.693328419755744,125.56366544041407,127.7685546875,-20.437126,125.56909,127.768555,0.7042995095252991,-1.7476835250854492,335609859,0.2562597186811169,276.0,-28.2601586125,123.815844847,135.45,[276],672.0,914.0,671.9128237365629,904.6732077097704
579,0,131,127.70299939759502,-20.47868118578026,126.65186309814453,128.47305,-18.948952,126.65186,0.7221062779426575,0.14557453989982605,335765507,1.7126163470900149,884.0,126.25316462800001,-28.8164609473,135.45,[884],996.0,690.0,935.5111904607895,659.9933907838005
580,0,711,125.67563267074547,-30.006157931466987,126.56546020507811,125.86998,-30.353739,126.56546,0.7218925356864929,0.22094671428203583,335765507,0.3982251611154147,884.0,126.25316462800001,-28.8164609473,135.45,[884],540.0,586.0,554.4121206333205,578.8987217098185
581,0,28,82.25879303682814,97.03574723266411,125.52132415771484,82.04397,96.97093,125.521324,0.7166422009468079,-0.8809430599212646,335577091,0.2243896693782644,148.0,79.1832048361,99.29259827339999,135.45,[148],509.0,716.0,511.7259583705646,725.0235280291253
582,0,835,-82.36873394864278,96.69945991634859,128.85003662109375,-82.253,96.80423,128.85004,0.6971139311790466,-2.29000186920166,335626243,0.1561135596194375,340.0,-79.1832048361,99.29259827339999,135.45,[340],502.0,479.0,498.2744657179438,474.57883549828864
583,0,546,-95.90774466442235,-88.1527714649119,132.32766723632812,-95.42954,-87.98649,132.32767,0.6961123943328857,2.3842668533325195,335683587,0.5062878106711711,564.0,-101.24717697999999,-80.7419293407,135.45,[564],312.0,834.0,305.566315031524,815.5772926231054
584,0,518,-7.98521851120131,-129.6144395394861,130.02610778808594,-7.5998187,-129.4685,130.02611,0.7062267661094666,1.6185346841812134,335716355,0.4121039291792588,692.0,-2.37887640734e-14,-129.5,135.45,[692],603.0,298.0,597.4224184205559,282.5912595519485
585,0,266,90.68644879556041,-90.44595911265287,126.15985107421875,90.337875,-90.35676,126.15985,0.7178906798362732,0.7706891894340515,335740931,0.3598058548069417,788.0,79.1832048361,-99.29259827339999,135.45,"[788, 820]",959.0,1048.0,955.8655664298846,1062.129758378416
585,1,298,92.15684568879396,-92.5697042984034,128.66993713378906,92.03173,-92.247215,128.66994,0.7178551554679871,0.7739856243133545,335749123,0.34590886844113694,788.0,79.1832048361,-99.29259827339999,135.45,"[788, 820]",883.0,1115.0,870.9157589998637,1120.9456341077582
586,0,518,-7.959448744488327,-129.27278883997923,129.6830596923828,-7.140944,-129.4685,129.68306,0.7062267661094666,1.6185346841812134,335716355,0.8415789694299107,692.0,-2.37887640734e-14,-129.5,135.45,[692],603.0,316.0,611.0884464008313,283.6220502204678
587,0,844,94.77725356927658,87.89907217893597,127.30744934082031,95.44948,87.96149,127.30745,0.7179914712905884,-0.7612666487693787,335568899,0.6751158960590098,116.0,101.24717697999999,80.7419293407,135.45,[116],890.0,370.0,888.2857135294387,343.20306357106347
587,1,844,94.74647604843858,87.87129153512433,127.26661682128905,95.37852,88.050476,127.26662,0.7179914712905884,-0.7612666487693787,335568899,0.6569498110392168,116.0,101.24717697999999,80.7419293407,135.45,[116],894.0,367.0,887.1744877769731,341.97196273754344
587,2,968,93.91805040945292,91.36099704403068,129.0888214111328,93.355316,90.58749,129.08882,0.7177324891090393,-0.7852898836135864,335568899,0.9565504457042099,116.0,101.24717697999999,80.7419293407,135.45,"[116, 148]",995.0,286.0,1026.7627081332273,308.8349371781169
588,0,939,-89.89383437914466,90.76222356937433,129.72984313964844,-89.643105,90.91081,129.72984,0.6963079571723938,-2.365147590637207,335626243,0.29145167632865265,340.0,-79.1832048361,99.29259827339999,135.45,"[340, 372]",266.0,183.0,260.78501183897345,173.57481827821346
589,0,97,-99.98524541701045,82.46861950272341,131.8083038330078,-99.53715,82.83572,131.8083,0.6953232884407043,-2.4658873081207275,335634435,0.5792682829275948,372.0,-101.24717697999999,80.7419293407,135.45,[372],685.0,670.0,671.0676064809365,652.4772625195817
590,0,23,-126.8200707266318,28.602173072584264,132.76812744140625,-126.37341,28.148048,132.76813,0.6924159526824951,-2.9338526725769043,335650819,0.6369711653144872,436.0,-126.25316462800001,28.8164609473,135.45,[436],575.0,597.0,593.4284850113705,579.3237560547288
591,0,510,115.19026721500882,53.32474462450227,124.53606414794922,115.301575,53.206352,124.536064,0.7207449674606323,-0.4467613399028778,335560707,0.16249958749483046,84.0,114.423046224,55.1032348679,135.45,[84],526.0,637.0,530.8603902640908,632.6888396403524
592,0,690,-126.58144046292733,6.287122844555597,129.48751831054688,-126.9685,6.512635,129.48752,0.6921111345291138,-3.105699062347412,335659011,0.44796155134582466,468.0,-127.0,1.55530143492e-14,135.45,[468],862.0,603.0,853.4849137822232,618.7423814829071
593,0,31,-118.12950275479125,-47.32408394065533,129.80824279785153,-118.101364,-47.392532,129.80824,0.6932269930839539,2.746790647506714,335675395,0.07400652968921244,532.0,-114.423046224,-55.1032348679,135.45,[532],910.0,454.0,913.1660370897868,453.74173876835016
594,0,20,-27.074379622677043,-123.8633085135749,127.36304473876952,-27.165201,-124.033455,127.363045,0.703934371471405,1.7724854946136475,335708163,0.1928687317557475,660.0,-28.2601586125,-123.815844847,135.45,[660],593.0,645.0,600.1014533370039,649.4311595929184
595,0,864,93.72723628043286,-89.61383336938616,127.69010162353516,93.733955,-90.112686,127.6901,0.718116819858551,0.749422550201416,335749123,0.4988980359547374,820.0,101.24717697999999,-80.7419293407,135.45,"[788, 820]",227.0,301.0,247.1238388525535,301.2023720173147
596,0,555,-11.141381252859901,-129.3015401471331,130.01405334472656,-11.43257,-129.4685,130.01405,0.7058597803115845,1.6429598331451416,335716355,0.33566158841787175,692.0,-2.37887640734e-14,-129.5,135.45,[692],603.0,144.0,609.9383941146766,156.3447498856049
597,0,857,-108.58120473198824,71.3114996499362,132.2871551513672,-108.648636,71.41027,132.28716,0.6943942904472351,-2.5745129585266113,335634435,0.11959379639337585,372.0,-101.24717697999999,80.7419293407,135.45,[372],228.0,305.0,224.7828123694478,308.6388899204701
598,0,569,-72.56734054035223,-103.93570119040487,128.3176727294922,-72.53998,-104.5501,128.31767,0.6985566020011902,2.1666994094848633,335691779,0.6150100400397733,596.0,-79.1832048361,-99.29259827339999,135.45,[596],391.0,867.0,416.2758833198046,866.6345718299107
599,0,570,86.91379754762056,-93.2123291961343,125.60510253906251,86.71596,-93.24514,125.6051,0.717492938041687,0.8070288300514221,335740931,0.20054222056814888,788.0,79.1832048361,-99.29259827339999,135.45,"[788, 820]",843.0,903.0,845.2107630906272,911.2237084608222
600,0,83,-106.2357418362053,-74.91636111507796,132.2821044921875,-106.75541,-73.7843,132.2821,0.6948997378349304,2.5133614540100098,335683587,1.2456374270589692,564.0,-101.24717697999999,-80.7419293407,135.45,[564],880.0,381.0,835.0227290248813,402.4574057517873
601,0,56,-126.50274174826069,12.209626370614387,129.8407745361328,-126.9685,12.164445,129.84077,0.6921513080596924,-3.05914568901062,335659011,0.4679427993209152,468.0,-127.0,1.55530143492e-14,135.45,[468],1088.0,603.0,1090.3850548245748,621.8903300695729
602,0,688,72.60335027992733,105.313740093055,126.43346405029297,72.40668,104.65641,126.433464,0.7154136300086975,-0.9806298613548279,335577091,0.6861215984188992,148.0,79.1832048361,99.29259827339999,135.45,[148],816.0,330.0,842.8456727862005,338.8058177530928
603,0,701,-65.31183815867143,112.41581652013247,131.47608947753906,-65.04057,112.377304,131.47609,0.6992517709732056,-2.1110615730285645,335618051,0.27398527224366537,308.0,-56.1879442157,116.675468393,135.45,"[308, 340]",430.0,247.0,431.61392508529843,237.0442422811425
604,0,653,51.688918470652425,119.08311163959684,128.78494262695312,51.85743,118.725975,128.78494,0.7127971649169922,-1.174938678741455,335585283,0.3948955832595329,180.0,56.1879442157,116.675468393,135.45,[180],684.0,428.0,698.3057298638732,422.0389701980969
605,0,424,-98.31585339675621,83.40353676145014,131.0917205810547,-99.18852,83.27287,131.09172,0.6954523921012878,-2.4519777297973633,335634435,0.882396804579437,372.0,-101.24717697999999,80.7419293407,135.45,[372],703.0,684.0,708.4642968300057,719.2529433297511
606,0,462,23.84479810771063,124.93043717365231,126.74593353271484,23.908968,124.776665,126.74593,0.7095812559127808,-1.3956434726715088,335593475,0.16662453207416827,212.0,28.2601586125,123.815844847,135.45,[212],640.0,427.0,646.5836930660925,425.38557980842523
607,0,817,124.62043414620757,37.01088280651129,127.39910888671875,124.392395,36.827454,127.39911,0.7215657830238342,-0.3022047281265259,335552515,0.2926569873150528,52.0,126.25316462800001,28.8164609473,135.45,[52],922.0,527.0,929.7768743684516,536.6907807283025
608,0,440,-92.84314475779047,91.15089976586705,132.15884399414062,-93.0363,90.98752,132.15884,0.696161687374115,-2.379409074783325,335634435,0.25298755341719986,372.0,-101.24717697999999,80.7419293407,135.45,"[340, 372]",1011.0,930.0,1018.3588170066821,938.1612888883808
608,1,169,-108.13133939940917,98.23424938040398,148.4790802001953,-95.84002,87.47176,148.47908,0.6957589983940125,-2.419865369796753,335634435,16.337308577103553,372.0,-101.24717697999999,80.7419293407,135.45,[372],871.0,818.0,1301.6928015881592,326.6335032236327
608,2,440,-109.51370914351583,108.06933513476997,156.28395080566406,-90.65934,90.100395,156.28395,0.696161687374115,-2.379409074783325,352403459,26.045537845761725,373.0,-101.24717697999999,80.7419293407,165.55,"[341, 373]",976.0,1025.0,1695.0962317627989,271.33871345936655
608,3,169,-109.58837904767961,99.60101413646271,150.50941467285156,-95.6259,87.740265,150.50941,0.6957589983940125,-2.419865369796753,352411651,18.320157921912752,373.0,-101.24717697999999,80.7419293407,165.55,[373],881.0,826.0,1356.3633918305084,268.3519172928152
609,0,81,126.54961608820304,1.6665241039081593,123.90790557861328,126.9685,3.334502,123.907906,0.7222656011581421,-0.026310596615076065,335544323,1.7197710456978117,20.0,127.0,0.0,135.45,[20],735.0,600.0,668.6609641563264,583.9846435281214
610,0,647,127.64910605149595,-8.05293606325722,125.22454833984375,126.9685,-8.099812,125.22455,0.7222517132759094,0.049720942974090576,335544323,0.6822201392045035,20.0,127.0,0.0,135.45,[20],278.0,600.0,279.8825574697112,627.9642420598378
611,0,789,-126.94880272502735,9.731962464446951,130.0803985595703,-126.9685,9.577534,130.0804,0.692130446434021,-3.078878879547119,335659011,0.15567963718043362,468.0,-127.0,1.55530143492e-14,135.45,[468],985.0,603.0,991.2784985778774,604.0478909989065
611,1,789,-126.91778886444041,9.729154131547148,130.048583984375,-126.9685,9.4888115,130.04858,0.692130446434021,-3.078878879547119,335659011,0.24563392211942653,468.0,-127.0,1.55530143492e-14,135.45,[468],981.0,603.0,991.1661652618852,605.288445422384
611,2,789,-127.05020378582674,9.741145894371584,130.18441772460935,-127.0185,8.9410095,130.18442,0.692130446434021,-3.078878879547119,335659011,0.8007641750119556,468.0,-127.0,1.55530143492e-14,135.45,[468],959.0,601.0,991.6458357748627,599.9918485669309
611,3,67,-127.23926448759238,7.918193557101404,130.25027465820312,-127.0185,8.716928,130.25027,0.692118763923645,-3.093257188796997,335659011,0.8286810906106216,468.0,-127.0,1.55530143492e-14,135.45,[468],950.0,601.0,918.7277422840555,592.4294204963053
612,0,627,47.81084758841098,-120.35163577864819,128.48109436035156,48.04439,-120.56223,128.4811,0.7127395272254944,1.1790270805358887,335732739,0.31447416084695956,756.0,56.1879442157,-116.675468393,135.45,[756],446.0,276.0,454.9533045740725,266.91613490843906
613,0,249,-67.8810191816574,108.79457154897227,129.75234985351562,-67.97197,108.19297,129.75235,0.6988571286201477,-2.1423935890197754,335626243,0.6084374012183881,340.0,-79.1832048361,99.29259827339999,135.45,"[308, 340]",958.0,1050.0,982.0789310228912,1054.0874261777042
613,1,249,-69.19114276859227,110.96146891622584,132.3144073486328,-69.179634,110.38404,132.3144,0.6988571286201477,-2.1423935890197754,335618051,0.5775427615667312,308.0,-56.1879442157,116.675468393,135.45,"[308, 340]",350.0,82.0,373.4400209290334,81.87205788430902
614,0,750,117.73298926727148,46.571612609608565,124.15553283691408,118.20208,47.183388,124.15553,0.7211039066314697,-0.38985008001327515,335560707,0.7709181102326214,84.0,114.423046224,55.1032348679,135.45,[84],285.0,753.0,260.7351096683425,734.3977217308588
615,0,751,64.59577164486745,-112.64679556147075,128.47988891601562,64.58485,-112.59677,128.47989,0.7146884202957153,1.0365105867385864,335732739,0.05120343328546313,756.0,56.1879442157,-116.675468393,135.45,"[756, 788]",765.0,937.0,763.1469132611699,938.3130971666981
616,0,337,81.30501020388783,-97.18622880385738,124.98743438720703,80.884094,-97.8959,124.987434,0.7168784737586975,0.8608823418617249,335740931,0.8251054922126373,788.0,79.1832048361,-99.29259827339999,135.45,[788],657.0,670.0,686.2547787817044,686.872214711513
617,0,223,47.85337919519861,121.21403245531587,129.3681182861328,47.39447,120.87522,129.36812,0.7123211622238159,-1.208516001701355,335585283,0.5704300863765721,180.0,56.1879442157,116.675468393,135.45,[180],769.0,250.0,783.5425624926347,268.6173991799444
617,1,334,52.216843492346015,155.53347931922917,163.05535888671875,42.60642,123.141136,163.05536,0.7115198373794556,-1.2641873359680176,352362499,33.7879292227364,213.0,28.2601586125,123.815844847,165.55,"[181, 213]",575.0,1175.0,1870.705378889167,1560.2673951938407
618,0,892,-19.702612561660317,-126.03217783056039,127.98005676269531,-21.010563,-125.43821,127.98006,0.7048237919807434,1.7122968435287476,335708163,1.4365000580196472,660.0,-28.2601586125,-123.815844847,135.45,[660],537.0,891.0,513.3466806575848,944.3018420335875
619,0,805,108.49550211416454,-67.431937757181,125.45282745361328,108.66191,-66.99376,125.45283,0.7200379371643066,0.5427854061126709,335757315,0.4687135671493416,852.0,114.423046224,-55.1032348679,135.45,"[820, 852]",126.0,371.0,108.85188442875972,364.89823560658124
620,0,799,126.49840387138136,5.051268794466523,123.94857788085938,126.9685,5.016432,123.94858,0.7222490310668945,-0.05305701121687889,335544323,0.47138341249975696,20.0,127.0,0.0,135.45,[20],802.0,600.0,804.0507517786609,581.9361548552541
621,0,460,-34.0505480349766,-122.48288578479014,127.85272979736328,-33.86339,-122.50463,127.85273,0.7031193971633911,1.8283909559249878,335708163,0.1884151904499245,660.0,-28.2601586125,-123.815844847,135.45,[660],654.0,377.0,655.3183624883945,370.38442310093615
622,0,268,22.233107175946316,125.84546906930245,127.38959503173828,21.735909,125.27265,127.389595,0.7093749642372131,-1.4094425439834595,335593475,0.7585026600775131,212.0,28.2601586125,123.815844847,135.45,[212],660.0,341.0,683.1849688920983,360.91794253785264
623,0,221,-127.05774839527062,3.735263986254722,129.8722686767578,-126.9685,3.696515,129.87227,0.6921035051345825,-3.1259779930114746,335659011,0.0972988668151255,468.0,-127.0,1.55530143492e-14,135.45,[468],749.0,603.0,751.4105594501882,599.6900641891756
624,0,251,-108.42412580104929,-68.74334136875632,130.71678161621094,-108.12271,-68.11341,130.71678,0.6944885849952698,2.562666893005371,335675395,0.6983287947928818,564.0,-101.24717697999999,-80.7419293407,135.45,"[532, 564]",1107.0,326.0,1081.943518877747,314.92204715802814
624,1,251,-110.58408695875642,-70.07036875401127,133.29788208007812,-110.30808,-69.329384,133.29788,0.6944885849952698,2.562666893005371,335683587,0.7907193210033006,564.0,-101.24717697999999,-80.7419293407,135.45,"[532, 564]",1058.0,239.0,1028.862423467549,228.52360084974293
625,0,632,128.90256217029673,-16.066333497607047,127.19327545166014,129.12744,-16.081894,127.193275,0.7221759557723999,0.1105090081691742,335765507,0.22541694154595493,884.0,126.25316462800001,-28.8164609473,135.45,[884],1111.0,716.0,1112.005097987718,707.9759016918689
626,0,178,-61.45348017416427,114.18186708713392,131.0511932373047,-61.15337,114.24928,131.0512,0.6996710300445557,-2.0784404277801514,335618051,0.3075891055253962,308.0,-56.1879442157,116.675468393,135.45,[308],504.0,403.0,502.2559477653567,391.3785616614291
627,0,612,56.23030491019563,116.88649354622976,128.57894897460938,55.983597,116.738914,128.57895,0.7133407592773438,-1.1360468864440918,335585283,0.28747951002040706,180.0,56.1879442157,116.675468393,135.45,[180],604.0,593.0,610.4410061291901,603.694427779825
628,0,481,126.72550266763017,-26.89500166268499,126.8841781616211,127.08149,-25.045763,126.88418,0.7219738364219666,0.19566930830478668,335765507,1.8831915045994387,884.0,126.25316462800001,-28.8164609473,135.45,[884],752.0,635.0,678.8583713846003,620.8935215852063
629,0,636,79.28219409173653,98.98673833472822,125.19742584228516,78.34155,99.9235,125.197426,0.7163082957267761,-0.9087631702423096,335577091,1.3275272859917033,148.0,79.1832048361,99.29259827339999,135.45,[148],627.0,568.0,589.765602453129,605.9595702254609
630,0,965,125.31428693168323,-34.73392906431036,127.40266418457033,124.99989,-34.16585,127.402664,0.7217602729797363,0.25687363743782043,335765507,0.6492730081852313,884.0,126.25316462800001,-28.8164609473,135.45,[884],388.0,551.0,365.30127531958556,564.4448921473287
631,0,465,-58.265088509218,116.33468278362557,131.4246368408203,-57.868496,115.83119,131.42464,0.7000555992126465,-2.049055576324463,335618051,0.6409279347286941,308.0,-56.1879442157,116.675468393,135.45,[308],568.0,534.0,588.3685756250225,518.9142282592798
632,0,17,126.74522114154078,7.902297813229779,124.33635711669922,126.9685,7.7962437,124.33636,0.722226619720459,-0.07545515894889832,335544323,0.24718442512995786,20.0,127.0,0.0,135.45,[20],913.0,600.0,918.0919125291912,591.8088456616312
633,0,821,96.50622030288105,-86.81413979491708,127.76586914062499,96.10399,-87.14076,127.76587,0.718431293964386,0.7190260887145996,335749123,0.518143401443166,820.0,101.24717697999999,-80.7419293407,135.45,[820],346.0,396.0,359.11158183131647,412.3617329152421
634,0,915,123.62185659186594,-40.728429607045655,127.55604553222655,123.57073,-40.42742,127.556046,0.7215540409088135,0.30473095178604126,335765507,0.30531876855669005,884.0,126.25316462800001,-28.8164609473,135.45,"[852, 884]",137.0,494.0,125.52125361017374,496.747678554637
634,1,769,136.70217951463565,-41.127087034199576,139.87796020507812,124.37416,-36.90736,139.87796,0.7216759920120239,0.27740171551704407,335765507,13.030201143727764,884.0,126.25316462800001,-28.8164609473,135.45,[884],278.0,526.0,109.5749565240169,1019.9605954654254
634,2,769,136.76461618216854,-41.14688645795104,139.942138671875,124.31922,-36.968018,139.94214,0.7216759920120239,0.27740171551704407,335765507,13.128244132206083,884.0,126.25316462800001,-28.8164609473,135.45,[884],275.0,524.0,108.7829795739583,1022.4580621667411
635,0,860,79.95040124715251,-98.60258520731304,125.24784851074219,79.6818,-98.85469,125.24785,0.716698408126831,0.8761991262435913,335740931,0.36837926406425875,788.0,79.1832048361,-99.29259827339999,135.45,[788],619.0,621.0,629.6005226434778,632.6878564421003
636,0,560,73.15837983970323,-105.16200791733854,126.5531234741211,72.94927,-104.2237,126.55312,0.7158059477806091,0.9495572447776794,335740931,0.9613246066594114,788.0,79.1832048361,-99.29259827339999,135.45,[788],404.0,352.0,367.22361424245776,361.00700014412894
637,0,650,-84.05448933760135,-95.84575112783796,129.28619384765625,-83.01582,-96.19589,129.2862,0.6972588896751404,2.277031898498535,335691779,1.0960957387123413,596.0,-79.1832048361,-99.29259827339999,135.45,[596],725.0,448.0,739.8738858224812,407.1486199399459
638,0,251,-107.4213965252543,-68.12673513686241,129.51824951171875,-108.87004,-66.56157,129.51825,0.6944885849952698,2.562666893005371,335675395,2.132677864168408,532.0,-114.423046224,-55.1032348679,135.45,"[532, 564]",143.0,824.0,81.05998924150356,882.0659879498282
639,0,479,94.27765809796392,-89.87534785818525,128.25711059570312,94.11384,-89.63633,128.25711,0.7181328535079956,0.7478932738304138,335749123,0.28977001875397596,820.0,101.24717697999999,-80.7419293407,135.45,"[788, 820]",246.0,316.0,236.66325930058974,323.2192447185571
640,0,653,51.40652380244683,118.45598822183365,128.1026611328125,51.381855,118.954994,128.10266,0.7127971649169922,-1.174938678741455,335585283,0.4996153692339072,180.0,56.1879442157,116.675468393,135.45,[180],693.0,409.0,673.2207931533458,410.743183469873
641,0,138,-41.917080881392394,120.57577863052506,128.6182403564453,-40.573486,120.9731,128.61824,0.7018277645111084,-1.919010043144226,335609859,1.4011101329979254,276.0,-28.2601586125,123.815844847,135.45,[276],488.0,109.0,472.3973513410027,55.723109244304396
642,0,286,16.47521619332383,125.63332008626298,126.42622375488281,17.25679,126.29498,126.42622,0.7087094187736511,-1.453812599182129,335593475,1.0240388467627026,212.0,28.2601586125,123.815844847,135.45,[212],701.0,161.0,674.6990095705195,130.6023032329533
643,0,661,-81.29699233829433,-96.82726951101222,128.17568969726562,-81.606575,-97.31974,128.17569,0.6975016593933105,2.255631446838379,335691779,0.581694855979024,596.0,-79.1832048361,-99.29259827339999,135.45,[596],680.0,505.0,700.6131504955107,517.4484999122268
644,0,276,33.03491963537817,122.8114547226337,126.54084014892578,33.051636,122.68991,126.54084,0.7106822729110718,-1.321448802947998,335593475,0.12268794480714083,212.0,28.2601586125,123.815844847,135.45,[212],556.0,793.0,561.824395025348,792.9904409151269
645,0,63,-125.74405901126102,30.773311420003665,132.19485473632812,-125.737206,30.935461,132.19485,0.6924734115600586,-2.9156017303466797,335650819,0.16229439671831786,436.0,-126.25316462800001,28.8164609473,135.45,[436],686.0,622.0,680.2740189081466,622.3642246695601
646,0,761,109.07462689861632,-71.07900085302708,127.88672637939455,108.976364,-70.99931,127.88673,0.7198653817176819,0.5639731884002686,335749123,0.12651350912217268,820.0,101.24717697999999,-80.7419293407,135.45,[820],991.0,911.0,988.5171395069165,915.0979967446528
647,0,610,126.99718732363907,-0.13028916033090354,124.334716796875,126.9685,-0.32577258,124.33472,0.7222698330879211,-0.012161768041551113,335544323,0.19757740969771426,20.0,127.0,0.0,135.45,[20],588.0,600.0,596.7884335867639,601.8874929455626
648,0,703,-34.060236443866415,-122.12500474265812,127.51087188720703,-34.154945,-122.43809,127.51087,0.7031068801879883,1.8292568922042847,335708163,0.32709413228140927,660.0,-28.2601586125,-123.815844847,135.45,[660],657.0,366.0,669.6336041736754,369.99688674534355
649,0,902,-127.40926156166407,-8.812110613207551,130.47723388671875,-126.9685,-8.485839,130.47723,0.6921519041061401,3.058699607849121,335659011,0.5483844927350369,468.0,-127.0,1.55530143492e-14,135.45,[468],262.0,603.0,249.51557547169733,585.6295375334378
650,0,637,-76.36281264141189,101.93553999897631,129.0636444091797,-76.460754,101.42339,129.06364,0.6978283524513245,-2.227428674697876,335626243,0.521427732280553,340.0,-79.1832048361,99.29259827339999,135.45,[340],687.0,710.0,707.7176690230527,714.8156877875243
651,0,994,-39.648003479458566,-121.11180817181798,128.28140258789062,-38.398983,-121.46941,128.2814,0.702470600605011,1.8735612630844116,335708163,1.299205106448959,660.0,-28.2601586125,-123.815844847,135.45,[660],695.0,196.0,710.1614670072809,146.4862053216575
652,0,554,-40.764889462260726,-120.90573004175076,128.46197509765625,-42.46903,-120.54045,128.46198,0.7023452520370483,1.8823637962341309,335708163,1.7428478159440866,628.0,-56.1879442157,-116.675468393,135.45,"[628, 660]",447.0,1150.0,432.7895340499697,1218.9221901375709
652,1,554,-41.579632306384156,-123.21573334645086,130.9280548095703,-43.405617,-122.79615,130.92805,0.7023452520370483,1.8823637962341309,335699971,1.873571251980954,628.0,-56.1879442157,-116.675468393,135.45,[628],357.0,1113.0,340.38940186196555,1186.3324763726337
653,0,405,42.84314244589859,-120.41137127564252,126.89224243164062,42.843422,-120.455,126.89224,0.7122214436531067,1.2154991626739502,335724547,0.043631450586823224,756.0,56.1879442157,-116.675468393,135.45,"[724, 756]",450.0,68.0,452.5638846942991,68.20792920794361
653,1,987,43.51064207280706,-122.70164846241778,129.2590789794922,43.522057,-122.740074,129.25908,0.7122097611427307,1.2163147926330566,335732739,0.04008522201706121,756.0,56.1879442157,-116.675468393,135.45,[756],359.0,95.0,360.9527972232888,94.90791428428224
654,0,172,-127.19222371745946,23.01235271018595,132.02603149414062,-127.56923,22.908838,132.02603,0.6923001408576965,-2.976606607437134,335650819,0.3909582035774317,436.0,-126.25316462800001,28.8164609473,135.45,[436],365.0,549.0,369.835670515438,564.4376364216225
655,0,201,45.523608335896824,121.54860352034484,128.89334106445312,45.395996,121.83763,128.89334,0.7120694518089294,-1.2261089086532593,335585283,0.3159460377068748,180.0,56.1879442157,116.675468393,135.45,[180],808.0,170.0,796.9254050937934,175.42656480787286
656,0,663,-22.572848516162594,-123.90277519246126,126.42117309570312,-22.641584,-125.06594,126.42117,0.7044486999511719,1.7375929355621338,335708163,1.165194826728212,660.0,-28.2601586125,-123.815844847,135.45,[660],551.0,826.0,598.5227861815497,829.4924038534964
657,0,623,-127.13097768983636,4.861719364943383,129.9854736328125,-126.9685,5.250768,129.98547,0.6921060681343079,-3.117156505584717,335659011,0.421614230072237,468.0,-127.0,1.55530143492e-14,135.45,[468],812.0,603.0,796.4687745977346,596.7608924065462
658,0,134,-101.45220220501142,-81.12394116508449,132.08168029785156,-101.62856,-80.213165,132.08168,0.6954421997070312,2.4530696868896484,335683587,0.9276938133694287,564.0,-101.24717697999999,-80.7419293407,135.45,[564],623.0,586.0,586.7195270246202,593.7989909995429
659,0,637,-76.27144605621879,101.81003610508515,128.90634155273438,-78.35803,99.91036,128.90634,0.6978283524513245,-2.227428674697876,335626243,2.8218083964154324,340.0,-79.1832048361,99.29259827339999,135.45,[340],626.0,635.0,702.6975132674062,718.4703511952483
660,0,613,-75.18451958152173,-103.2489020615485,129.33447265625,-74.3976,-103.0687,129.33447,0.6983157992362976,2.1864724159240723,335691779,0.807289890056638,596.0,-79.1832048361,-99.29259827339999,135.45,[596],450.0,793.0,443.7478484740592,761.947410183131
661,0,643,-74.87318515566494,102.53328085288331,128.62637329101562,-74.605644,102.90279,128.62637,0.6979726552963257,-2.2151689529418945,335626243,0.456193370308122,340.0,-79.1832048361,99.29259827339999,135.45,[340],746.0,785.0,731.6273031793327,774.4007872174024
662,0,420,-85.95744774938657,93.97256871659056,129.2572784423828,-86.426704,93.475815,129.25728,0.6967270970344543,-2.325387954711914,335626243,0.6833492847047926,340.0,-79.1832048361,99.29259827339999,135.45,"[340, 372]",369.0,312.0,389.19881772762267,331.03028346853705
663,0,656,-14.421601025867858,127.3942603723836,128.58612060546875,-14.888198,126.835594,128.58612,0.7050490379333496,-1.6971595287322998,335609859,0.727887738239827,276.0,-28.2601586125,123.815844847,135.45,"[244, 276]",722.0,1136.0,745.1366210153441,1155.5423034652858
663,1,656,-14.68374788858182,130.03884167805802,131.2514190673828,-15.046529,129.4685,131.25142,0.7050490379333496,-1.6971595287322998,335601667,0.6759385678692486,276.0,-28.2601586125,123.815844847,135.45,"[244, 276]",828.0,1130.0,850.9198732423209,1145.0564289567274
663,2,363,-22.802446104061346,138.0803378094854,140.5184326171875,-20.410799,125.5751,140.51843,0.7042747735977173,-1.7493624687194824,335609859,12.731883379214953,276.0,-28.2601586125,123.815844847,135.45,[276],672.0,915.0,1172.579718499416,820.3085003375463
663,3,656,-15.78617504414251,141.33166438165648,142.63104248046875,-13.831785,127.07671,142.63104,0.7050490379333496,-1.6971595287322998,335609859,14.388302975870978,244.0,7.92958802448e-15,129.5,135.45,"[244, 276]",505.0,48.0,1075.266575266259,-29.447001765700662
664,0,301,-69.44536035047122,-107.28427912024199,129.2865447998047,-69.13367,-107.26655,129.28654,0.6989926695823669,2.1315598487854004,335691779,0.3121972720331694,596.0,-79.1832048361,-99.29259827339999,135.45,"[596, 628]",283.0,1003.0,282.3327661263198,991.5137794251513
665,0,421,99.45699237374583,-83.61865722895254,127.83381652832031,99.36201,-83.055336,127.83382,0.7187655568122864,0.6855416893959045,335749123,0.5712731422509014,820.0,101.24717697999999,-80.7419293407,135.45,[820],509.0,526.0,486.93088446989805,530.3926157498336
666,0,554,-40.86259459476696,-121.18295236674612,128.75790405273438,-41.369415,-120.791435,128.7579,0.7023452520370483,1.8823637962341309,335708163,0.6404317835897121,660.0,-28.2601586125,-123.815844847,135.45,"[628, 660]",722.0,77.0,707.3156992101553,97.90256070932173
667,0,929,76.01756094664643,102.04346776389957,125.6908187866211,77.02011,100.97732,125.69082,0.7158769369125366,-0.9438648223876953,335577091,1.4634830036428357,148.0,79.1832048361,99.29259827339999,135.45,[148],669.0,515.0,712.0347796199832,475.3742444218568
668,0,564,26.88909013171815,123.733182895955,126.11595153808594,27.040619,124.06189,126.11595,0.7099606990814209,-1.3701850175857544,335593475,0.3619517864014102,212.0,28.2601586125,123.815844847,135.45,[212],611.0,553.0,598.6935219582,547.1572607687259
669,0,88,50.42903418761762,119.46716959094715,128.6690216064453,50.65461,119.30522,128.66902,0.7126548886299133,-1.1850181818008423,335585283,0.2776895178833751,180.0,56.1879442157,116.675468393,135.45,[180],707.0,380.0,713.6680479178858,371.6435988767046
670,0,517,124.05631563541124,-39.71241597076187,127.64653778076173,123.65021,-40.07919,127.64654,0.7215930223464966,0.2962692379951477,335765507,0.5472170293567372,884.0,126.25316462800001,-28.8164609473,135.45,"[852, 884]",151.0,497.0,166.16179906152524,514.1260402964491
671,0,846,-15.97132663017419,125.71228870643688,127.1326904296875,-16.31484,126.50998,127.13269,0.7048482298851013,-1.7106504440307617,335609859,0.8685112855077837,276.0,-28.2601586125,123.815844847,135.45,[276],709.0,1079.0,677.8577543774753,1093.5532792930326
672,0,814,128.72123470324777,-17.024493878180692,127.13903045654297,128.55913,-18.571785,127.13903,0.722162663936615,0.11801031976938248,335765507,1.5557597430726189,884.0,126.25316462800001,-28.8164609473,135.45,[884],1011.0,694.0,1073.6786827647722,700.7228030099105
673,0,854,29.00330844007567,-123.46864357226582,126.20880126953125,29.908875,-123.40723,126.2088,0.7106050252914429,1.3266886472702026,335724547,0.9076463844469681,724.0,28.2601586125,-123.815844847,135.45,[724],618.0,667.0,615.8880509893675,631.7259931030268
674,0,835,-82.33009519247071,96.65282289624884,128.78860473632812,-82.04784,96.967834,128.7886,0.6971139311790466,-2.29000186920166,335626243,0.4229685254892906,340.0,-79.1832048361,99.29259827339999,135.45,[340],509.0,487.0,496.40898491395376,476.1243857451717
675,0,607,118.90878813894369,-44.46779317981509,124.4473876953125,119.22469,-45.059917,124.44739,0.7213560342788696,0.3446638286113739,335757315,0.6711238492389439,852.0,114.423046224,-55.1032348679,135.45,[852],1003.0,794.0,1027.4176675233962,781.4296765977474
676,0,299,-36.58810933350742,-121.8499686288892,128.0039520263672,-37.89552,-121.58433,128.00395,0.702823281288147,1.8489255905151367,335708163,1.3341236116919326,660.0,-28.2601586125,-123.815844847,135.45,[660],691.0,216.0,680.6350487244322,268.8819711597034
677,0,382,40.57542608879794,-120.5054345061751,126.2873306274414,41.066307,-120.86062,126.28733,0.7119759917259216,1.2326147556304932,335724547,0.6059041755491791,724.0,28.2601586125,-123.815844847,135.45,[724],720.0,1114.0,734.416413632996,1094.6106990519177
678,0,944,-94.33447764741913,90.26999102952823,132.6486358642578,-93.75764,90.08299,132.64864,0.6960316300392151,-2.392277717590332,335634435,0.6063938776654912,372.0,-101.24717697999999,80.7419293407,135.45,"[340, 372]",975.0,901.0,983.1224675531291,878.5079733032342
679,0,434,-11.23840786643541,129.64791568446782,130.44607543945312,-11.349614,129.4685,130.44608,0.7054381370544434,-1.67110013961792,335601667,0.21107989333387617,244.0,7.92958802448e-15,129.5,135.45,[244],600.0,148.0,607.9166273787126,152.46368534258337
680,0,548,-126.15711019202706,-25.65205169318324,131.4703826904297,-127.021515,-25.308525,131.47038,0.6924368143081665,2.927048683166504,335667203,0.9301645104797409,500.0,-126.25316462800001,-28.8164609473,135.45,[500],742.0,571.0,728.5763701646704,605.8421774389183
681,0,866,123.36868691008044,41.690757638733885,127.64944458007812,123.31601,41.543407,127.649445,0.721383273601532,-0.33942675590515137,335552515,0.15648318849491677,52.0,126.25316462800001,28.8164609473,135.45,"[52, 84]",1111.0,484.0,1116.9718676573552,486.62089128321725
682,0,822,7.338682481159594,129.65473972816076,129.77745056152344,7.9889603,129.4685,129.77745,0.7075912356376648,-1.528019905090332,335601667,0.6764201737730671,244.0,7.92958802448e-15,129.5,135.45,[244],600.0,921.0,608.1895891264304,895.5472992463834
683,0,981,104.16131993077033,-77.91082071920073,127.87405395507811,103.78442,-77.50981,127.874054,0.7193030714988708,0.6286454200744629,335749123,0.5503316238550164,820.0,101.24717697999999,-80.7419293407,135.45,[820],731.0,703.0,715.2443448599706,718.5657180308135
684,0,518,-7.962365823056643,-129.3114795613385,129.72190856933594,-7.1730933,-129.4685,129.72191,0.7062267661094666,1.6185346841812134,335716355,0.8047411658607089,692.0,-2.37887640734e-14,-129.5,135.45,[692],603.0,315.0,609.5408175464604,283.5053670777352
685,0,263,-109.15600162717647,-70.83866096349266,132.4794158935547,-109.117035,-70.822914,132.47942,0.6945759057998657,2.5518922805786133,335683587,0.042028179258289874,564.0,-101.24717697999999,-80.7419293407,135.45,[564],998.0,287.0,998.1307350882935,285.64701411294095
686,0,332,107.32445106046953,-73.88139714967474,128.02850341796875,106.95994,-73.52783,128.0285,0.7196513414382935,0.5893139839172363,335749123,0.5078169239663208,820.0,101.24717697999999,-80.7419293407,135.45,[820],890.0,830.0,876.4212876410102,845.0909632187813
687,0,273,127.00572972388659,6.677054495727134,124.52035522460938,126.9685,7.067917,124.520355,0.7222373485565186,-0.06573188304901123,335544323,0.3926316083204608,20.0,127.0,0.0,135.45,[20],884.0,600.0,869.0821798290854,602.2291889554634
688,0,338,66.30594262704244,-111.6285669535182,128.42657470703125,66.126816,-111.854195,128.42657,0.7148897051811218,1.0211880207061768,335732739,0.28808726984230815,756.0,56.1879442157,-116.675468393,135.45,"[756, 788]",794.0,999.0,803.8760575792719,1006.7199364536975
689,0,372,84.6586029175005,95.04493132222615,125.54133605957033,84.40543,95.08772,125.541336,0.7169301509857178,-0.8564466238021851,335577091,0.25676016883171493,148.0,79.1832048361,99.29259827339999,135.45,[148],433.0,810.0,432.09332195304626,821.0159232560198
690,0,592,-127.3218474912524,2.353622053230538,130.1085662841797,-126.9685,2.4813695,130.10857,0.6921018362045288,-3.136909246444702,335659011,0.37573276330415395,468.0,-127.0,1.55530143492e-14,135.45,[468],701.0,603.0,696.1448821292208,589.1261003499045
691,0,465,-58.04135305966702,115.87202906814628,130.90554809570312,-58.04116,115.74805,130.90555,0.7000555992126465,-2.049055576324463,335618051,0.12398234255101322,308.0,-56.1879442157,116.675468393,135.45,[308],564.0,527.0,569.8624270058508,527.8636462413192
692,0,403,-107.90821625558692,-72.56433848278584,132.36216735839844,-107.15429,-73.28413,132.36217,0.6947110295295715,2.535548448562622,335683587,1.0423533047390265,564.0,-101.24717697999999,-80.7419293407,135.45,[564],900.0,365.0,929.1036343165661,335.5584289765227
693,0,912,125.34752640637521,31.682150082800945,126.67124176025389,125.55779,31.721521,126.67124,0.7217438220977783,-0.2610049545764923,335552515,0.21392054078035183,52.0,126.25316462800001,28.8164609473,135.45,[52],718.0,574.0,716.6275654200377,565.774471135008
694,0,485,-78.418126872627,-100.24331163939632,128.9540557861328,-77.68068,-100.45053,128.95406,0.6979043483734131,2.2209596633911133,335691779,0.7660083268553068,596.0,-79.1832048361,-99.29259827339999,135.45,[596],555.0,662.0,563.9714653601465,632.6031185389201
695,0,137,61.29752713790003,114.09771804328784,128.2828369140625,61.56906,114.049095,128.28284,0.7139533758163452,-1.0914111137390137,335585283,0.27585317711679735,180.0,56.1879442157,116.675468393,135.45,[180],496.0,817.0,498.88998601151343,806.3833168880012
696,0,31,-117.63809023704289,-47.134995267630075,129.2711639404297,-118.16667,-47.25691,129.27116,0.6932269930839539,2.746790647506714,335675395,0.5424585098097802,532.0,-114.423046224,-55.1032348679,135.45,[532],915.0,452.0,920.7295840107969,473.3982394782845
697,0,242,22.601487644314147,-124.8585176345855,126.40290832519531,21.805708,-125.25672,126.40291,0.7098397612571716,1.3783116340637207,335724547,0.8898492383578196,724.0,28.2601586125,-123.815844847,135.45,[724],544.0,343.0,560.2930884965804,375.6531612725659
698,0,421,98.90721619902433,-83.14363363645907,127.11903381347655,99.12029,-83.35844,127.11903,0.7187655568122864,0.6855416893959045,335749123,0.3025588971099767,820.0,101.24717697999999,-80.7419293407,135.45,[820],497.0,516.0,505.9318281696369,508.40156876097353
699,0,427,53.947079936031514,-117.6665548566591,128.29481506347656,54.20189,-117.59694,128.29482,0.7134616374969482,1.1273099184036255,335732739,0.26414775010773084,756.0,56.1879442157,-116.675468393,135.45,[756],565.0,522.0,562.3565414536358,512.3654288132605
700,0,816,58.672635350882956,115.47780449582615,128.346435546875,58.53558,115.50994,128.34644,0.713640570640564,-1.1143141984939575,335585283,0.14077293040657798,180.0,56.1879442157,116.675468393,135.45,[180],555.0,695.0,554.0934441130457,701.3876454073181
701,0,603,-71.78992293055717,-105.7721442789707,129.3723602294922,-71.69243,-105.226006,129.37236,0.6987206935882568,2.153376817703247,335691779,0.5547726141011128,596.0,-79.1832048361,-99.29259827339999,135.45,[596],364.0,901.0,342.81815977717145,897.7312762217133
702,0,340,-53.276038005359624,-117.90896196516996,130.52430725097656,-53.832775,-117.7747,130.5243,0.7009649872779846,1.9813355207443237,335699971,0.5726984072947726,628.0,-56.1879442157,-116.675468393,135.45,[628],558.0,696.0,552.6602571132014,718.4762484136149
703,0,621,-25.639836183851003,124.63736095809884,127.86396026611328,-25.60934,124.388565,127.86396,0.7037180662155151,-1.7872434854507446,335609859,0.2506578817526268,276.0,-28.2601586125,123.815844847,135.45,[276],624.0,708.0,634.8606444439537,706.81289714596
704,0,764,-103.33867287729663,-77.76739539113987,131.55618286132812,-103.68032,-77.64034,131.55618,0.6951720118522644,2.482508659362793,335683587,0.36450740059794196,564.0,-101.24717697999999,-80.7419293407,135.45,[564],726.0,504.0,720.9813579824049,518.3401641081343
705,0,121,110.37085842707756,-65.03359689002991,125.77641296386719,109.76458,-64.70403,125.77641,0.7202237844467163,0.5191206336021423,335757315,0.6900624836403162,852.0,114.423046224,-55.1032348679,135.45,[852],217.0,415.0,204.78551911480338,439.9124881231023
706,0,759,-98.14303024854917,-84.76546787368261,131.7921142578125,-97.92631,-84.855644,131.79211,0.695804238319397,2.4152238368988037,335683587,0.23473484406790746,564.0,-101.24717697999999,-80.7419293407,135.45,[564],437.0,734.0,441.05845868069537,726.1658692580329
707,0,971,7.0709305335230965,129.3652909457026,129.47900390625,6.982814,129.4685,129.479,0.7075625658035278,-1.5299253463745117,335601667,0.13571245682553892,244.0,7.92958802448e-15,129.5,135.45,[244],600.0,881.0,596.6116378281043,884.8372213409235
708,0,944,-93.9519149855073,89.89350245399191,132.1033477783203,-94.097855,89.65637,132.10335,0.6960316300392151,-2.392277717590332,335634435,0.27844064736274277,372.0,-101.24717697999999,80.7419293407,135.45,"[340, 372]",958.0,887.0,968.0629245316766,893.8104797797075
709,0,324,68.2066345755502,-110.20597683337974,128.15573120117188,68.34436,-110.786285,128.15573,0.7151262164115906,1.0030015707015991,335732739,0.5964280529321386,756.0,56.1879442157,-116.675468393,135.45,"[756, 788]",837.0,1088.0,860.7796623848105,1082.7476143940078
710,0,936,-54.09318167195943,116.97681832531521,130.10321044921875,-54.12809,117.63248,130.10321,0.700472354888916,-2.017735481262207,335618051,0.6565871068281559,308.0,-56.1879442157,116.675468393,135.45,[308],640.0,684.0,614.0539972926081,685.7905017496228
711,0,730,127.80077329758103,21.60786530237965,126.94179534912111,127.84146,21.716124,126.941795,0.7220168113708496,-0.18095482885837555,335552515,0.11565188621245508,52.0,126.25316462800001,28.8164609473,135.45,[52],317.0,665.0,313.65617420318597,663.9043467832408
712,0,203,31.924701457357514,123.3541211886511,126.80621337890625,31.786764,122.97861,126.80621,0.7105414271354675,-1.3309974670410156,335593475,0.4000468404618058,212.0,28.2601586125,123.815844847,135.45,[212],568.0,743.0,583.5310536660444,748.5817137943005
713,0,700,50.29304855000373,-119.42011990158699,128.5064697265625,50.290752,-119.480446,128.50647,0.7130270600318909,1.1585662364959717,335732739,0.0603696424739893,756.0,56.1879442157,-116.675468393,135.45,[756],489.0,366.0,492.21393965652055,366.20417337214917
714,0,958,97.45077336544091,86.35472403482117,128.19436645507812,96.96765,86.05776,128.19437,0.7182289361953735,-0.7386999726295471,335568899,0.5670919049068915,116.0,101.24717697999999,80.7419293407,135.45,[116],814.0,430.0,826.511787764847,450.1438554176366
715,0,768,-51.86822069698337,119.88824021245819,131.80628967285156,-51.70481,118.79947,131.80629,0.7008048295974731,-1.9930988550186157,335618051,1.1009656958632703,308.0,-56.1879442157,116.675468393,135.45,[308],686.0,781.0,730.5108727783272,774.788940748665
716,0,242,22.63573467856895,-125.06336820857041,126.60980224609375,22.048983,-125.201195,126.6098,0.7098397612571716,1.3783116340637207,335724547,0.6027222719550633,724.0,28.2601586125,-123.815844847,135.45,[724],546.0,353.0,552.0990655371838,377.02304264275807
717,0,552,22.876560472264828,126.92727467736927,128.554931640625,22.713722,125.04947,128.55493,0.7094247937202454,-1.4061124324798584,335593475,1.8848529060470731,212.0,28.2601586125,123.815844847,135.45,[212],651.0,380.0,726.4571932147709,386.6560743905931
718,0,172,-128.04962233853462,23.179994372049805,132.91835021972656,-127.54193,23.028454,132.91835,0.6923001408576965,-2.976606607437134,335650819,0.529825327215384,436.0,-126.25316462800001,28.8164609473,135.45,[436],370.0,550.0,376.54133698999215,530.141691578616
719,0,12,-109.79331396713633,70.06717097406454,132.6542510986328,-109.71578,70.07211,132.65425,0.6942917704582214,-2.587646484375,335634435,0.07768915141687421,372.0,-101.24717697999999,80.7419293407,135.45,"[372, 404]",175.0,263.0,175.00966533458154,260.15452051454645
720,0,335,-6.740193886187626,129.66475502232498,130.05551147460938,-6.9130197,129.4685,130.05551,0.7059563994407654,-1.6365257501602173,335601667,0.2615004418010154,244.0,7.92958802448e-15,129.5,135.45,[244],600.0,325.0,608.5902008929992,332.3922445524947
721,0,321,-47.226738694839696,-120.17120123788573,130.1256866455078,-47.21382,-120.96222,130.12569,0.701653778553009,1.9314478635787964,335699971,0.7911234626580723,628.0,-56.1879442157,-116.675468393,135.45,[628],430.0,960.0,462.170686204571,960.448220834412
722,0,789,-126.73102106160212,9.712246601293373,129.85699462890625,-126.9685,9.98147,129.857,0.692130446434021,-3.078878879547119,335659011,0.35899401399154807,468.0,-127.0,1.55530143492e-14,135.45,[468],1001.0,603.0,990.4898640517342,612.7591575359156
723,0,785,66.47555154870042,-111.22924215014973,128.1668243408203,66.72256,-111.56731,128.16682,0.7149246335029602,1.0185164213180542,335732739,0.4186875251136762,756.0,56.1879442157,-116.675468393,135.45,"[756, 788]",806.0,1023.0,819.8490497140108,1013.5042933200168
724,0,817,124.77965776322094,37.055835395621216,127.56124114990234,124.38037,36.88016,127.56124,0.7215657830238342,-0.3022047281265259,335552515,0.4362238386643647,52.0,126.25316462800001,28.8164609473,135.45,[52],924.0,527.0,931.5749779328486,543.0597254088372
725,0,451,99.53444884091823,-82.65128627221202,127.27159118652344,99.90006,-82.38064,127.27159,0.718824565410614,0.6794928312301636,335749123,0.45488879217734157,820.0,101.24717697999999,-80.7419293407,135.45,[820],536.0,548.0,525.625722739519,533.4908744367294
725,1,451,99.92843552995964,-82.98756941850888,127.78113555908203,99.931305,-82.34145,127.781136,0.718824565410614,0.6794928312301636,335749123,0.6461222377402914,820.0,101.24717697999999,-80.7419293407,135.45,[820],538.0,549.0,512.1743968876444,549.2503419983859
725,2,519,131.54456271770368,-97.2910455147271,160.82955932617188,104.87332,-76.14436,160.82956,0.7193834781646729,0.6197566390037537,352526339,34.03729235181157,821.0,101.24717697999999,-80.7419293407,165.55,[821],785.0,747.0,-59.96464696108433,1813.8954295081476
725,3,918,141.9184705842672,-115.2572915796627,179.81631469726562,100.8504,-81.18895,179.81631,0.7189829349517822,0.6630256772041321,352526339,53.35951756875433,821.0,101.24717697999999,-80.7419293407,165.55,[821],584.0,586.0,-778.6144895585085,2228.851744170688
725,4,519,146.82894495390838,-109.05285660726167,179.78651428222653,104.492134,-76.62236,179.78651,0.7193834781646729,0.6197566390037537,352526339,53.33050392670221,821.0,101.24717697999999,-80.7419293407,165.55,[821],766.0,731.0,-530.4370906624672,2425.2707189563353
726,0,851,-15.300321585686106,-126.90513508052072,128.14698791503906,-14.824449,-126.85015,128.14699,0.7053470611572266,1.6771901845932007,335708163,0.4790389906758792,660.0,-28.2601586125,-123.815844847,135.45,"[660, 692]",480.0,1139.0,478.4283906591713,1120.393481072556
727,0,762,-111.27882601638657,62.65724974700606,130.14353942871094,-111.06052,62.013004,130.14354,0.6938868165016174,-2.642577648162842,335642627,0.6802288580672937,404.0,-114.423046224,55.1032348679,135.45,[404],878.0,736.0,904.1605951642424,727.7688083045371
728,0,25,123.26136682555625,40.71549037674595,127.2404327392578,123.476006,40.842434,127.24043,0.7214186787605286,-0.33253049850463867,335552515,0.24936810021514366,52.0,126.25316462800001,28.8164609473,135.45,"[52, 84]",1083.0,490.0,1077.9611771778377,482.32808790224965
729,0,376,125.39698315954888,-33.77418378958009,127.22796630859374,125.2031,-33.27554,127.22797,0.7217886447906494,0.24960023164749146,335765507,0.5350103641344605,884.0,126.25316462800001,-28.8164609473,135.45,[884],423.0,559.0,403.69108630879623,567.7527412619548
730,0,711,125.97126779167911,-30.08096204568119,126.86416625976561,125.92712,-30.103401,126.86417,0.7218925356864929,0.22094671428203583,335765507,0.0495263651542978,884.0,126.25316462800001,-28.8164609473,135.45,[884],550.0,588.0,551.4199560647523,590.724126547164
731,0,474,-125.12594651992208,29.79991526986123,131.3516845703125,-125.91812,30.142828,131.35168,0.6924536228179932,-2.9217207431793213,335650819,0.8632091717881062,436.0,-126.25316462800001,28.8164609473,135.45,[436],655.0,615.0,641.3381729024492,647.0887243231175
732,0,422,-126.61901612486741,-14.76020689683628,130.22116088867188,-126.9685,-14.576007,130.22116,0.6922247409820557,3.011732578277588,335659011,0.3950536476919052,500.0,-126.25316462800001,-28.8164609473,135.45,"[468, 500]",1171.0,573.0,1164.2501620185487,587.3659401253042
732,1,422,-129.08670712992728,-15.012706235152109,132.75506591796875,-129.44048,-14.710357,132.75507,0.6922247409820557,3.011732578277588,335667203,0.46536788462735484,500.0,-126.25316462800001,-28.8164609473,135.45,"[468, 500]",1166.0,474.0,1154.1501884859156,488.6582999229097
733,0,671,-25.943959154433287,-125.4779464947278,128.68264770507812,-26.104948,-124.275444,128.68265,0.7041026949882507,1.7610355615615845,335708163,1.2132310572811407,660.0,-28.2601586125,-123.815844847,135.45,[660],583.0,688.0,535.5159340908881,694.6479783226687
734,0,536,109.73376927238905,63.57297358807864,124.53874206542969,110.04999,64.11139,124.53874,0.7200737595558167,-0.5382978320121765,335560707,0.624408104538428,84.0,114.423046224,55.1032348679,135.45,[84],962.0,427.0,940.7895488071455,414.4289219355619
735,0,79,81.96295327117559,-96.92026372250257,125.19356536865234,82.906044,-96.28345,125.193565,0.716940701007843,0.8555402755737305,335740931,1.1379610426185436,788.0,79.1832048361,-99.29259827339999,135.45,[788],722.0,750.0,696.8933820358967,713.1899374030235
736,0,417,-0.0981879832170307,-129.36772598053676,129.36546325683594,0.33410725,-129.4685,129.36546,0.7071414589881897,1.5578340291976929,335716355,0.4438870944501305,692.0,-2.37887640734e-14,-129.5,135.45,[692],603.0,615.0,607.29096077853,598.0724806713197
737,0,546,-95.55821804375182,-87.84041093313908,131.85150146484375,-95.49994,-87.89822,131.8515,0.6961123943328857,2.3842668533325195,335683587,0.08208474531550784,564.0,-101.24717697999999,-80.7419293407,135.45,[564],315.0,831.0,318.06073630243645,829.5583574499267
738,0,56,-127.17759689285725,12.284204968648737,130.53440856933594,-126.9685,12.0370245,130.53441,0.6921513080596924,-3.05914568901062,335659011,0.32375984292989496,468.0,-127.0,1.55530143492e-14,135.45,[468],1083.0,603.0,1093.3681987459488,594.8961242857104
739,0,152,100.49906272967337,80.62406705049898,126.76302337646486,100.92661,81.09338,126.76302,0.7187262177467346,-0.6895487308502197,335568899,0.6348679468290691,116.0,101.24717697999999,80.7419293407,135.45,[116],616.0,589.0,597.2855083919592,572.075429986935
740,0,963,-81.11568342243663,97.47726933005015,128.61119079589844,-80.848526,97.924255,128.61119,0.6972426772117615,-2.2784769535064697,335626243,0.5207394825908875,340.0,-79.1832048361,99.29259827339999,135.45,[340],547.0,535.0,529.3868422660063,524.7008565465347
741,0,52,64.46507280665082,112.23314549490487,128.12364196777344,64.514206,112.63079,128.12364,0.7143362760543823,-1.0630136728286743,335585283,0.4006691671598082,180.0,56.1879442157,116.675468393,135.45,"[148, 180]",440.0,935.0,424.30708407619477,933.0851436380328
742,0,390,-44.28073247360226,121.99403374393569,130.79832458496094,-44.116753,122.45368,130.79832,0.7016341090202332,-1.9328559637069702,335618051,0.4880223974220537,308.0,-56.1879442157,116.675468393,135.45,[308],833.0,1084.0,814.7426140374273,1078.2884696839096
743,0,206,-115.10018057721322,54.82134473649057,130.00607299804688,-114.75671,54.337784,130.00607,0.6934380531311035,-2.7108795642852783,335642627,0.5931321843453969,404.0,-114.423046224,55.1032348679,135.45,[404],571.0,588.0,590.7243947436228,574.9146258714711
744,0,855,25.104106805445554,123.7018053658187,125.7559585571289,25.0228,124.52244,125.75596,0.7097563147544861,-1.3839133977890015,335593475,0.8246506686973776,212.0,28.2601586125,123.815844847,135.45,[212],630.0,472.0,597.4384207527481,475.75792771782216
745,0,377,126.76362938727436,7.557153366760758,124.3332290649414,126.9685,7.2524347,124.33323,0.7222297787666321,-0.07273315638303757,335544323,0.3671848171945607,20.0,127.0,0.0,135.45,[20],892.0,600.0,904.2861346704303,592.5451754909744
746,0,197,6.3539065488321285,-129.6734828110863,129.6891326904297,6.57438,-129.4685,129.68913,0.7078920602798462,1.5080806016921997,335716355,0.3010383008025056,692.0,-2.37887640734e-14,-129.5,135.45,[692],603.0,864.0,595.0606875565484,856.1562619532862
747,0,183,-10.388029355837716,-129.43054152191826,130.0640106201172,-10.119599,-129.4685,130.06401,0.7059479355812073,1.6370887756347656,335716355,0.27110138889645985,692.0,-2.37887640734e-14,-129.5,135.45,[692],603.0,197.0,604.7783391232701,186.4788257664923
748,0,472,-124.85964278947245,36.371324889531934,132.7720184326172,-124.40269,36.78238,132.77202,0.6926288604736328,-2.8722212314605713,335650819,0.6146333316798227,436.0,-126.25316462800001,28.8164609473,135.45,[436],920.0,676.0,904.1945576892773,657.7408735411029
749,0,224,-124.80313347592232,-39.58800390666602,133.63002014160156,-123.74274,-39.673817,133.63002,0.6928501725196838,2.8202548027038574,335667203,1.0638631997282293,500.0,-126.25316462800001,-28.8164609473,135.45,[500],167.0,702.0,171.13828162535924,660.0012460831078
750,0,450,114.92208882023397,-54.75282934323877,124.87596130371094,114.586914,-54.690357,124.87596,0.7208465337753296,0.43137288093566895,335757315,0.3409470426207486,852.0,114.423046224,-55.1032348679,135.45,[852],618.0,608.0,616.016220986449,621.9617038493584
751,0,615,70.58013961896722,105.58304180740743,125.5623779296875,70.72587,105.99681,125.56238,0.7152312994003296,-0.9948573708534241,335577091,0.4386817747054397,148.0,79.1832048361,99.29259827339999,135.45,"[148, 180]",870.0,263.0,853.6177413602974,257.8773913146887
752,0,925,-34.74978061701222,-122.61635937639608,128.1851348876953,-35.063282,-122.23077,128.18513,0.7030475735664368,1.833361268043518,335708163,0.49695588194469165,660.0,-28.2601586125,-123.815844847,135.45,[660],665.0,329.0,649.9794188241572,342.41511981951135
753,0,313,-125.96613653200228,-10.863211628581666,129.1653289794922,-126.9685,-10.327696,129.16533,0.6921742558479309,3.0418663024902344,335659011,1.1364445109069534,468.0,-127.0,1.55530143492e-14,135.45,[468],188.0,603.0,167.47153485673272,643.3545387199092
754,0,157,10.69219918460658,128.44748475090535,128.73443603515625,11.004868,129.4685,128.73444,0.7079927921295166,-1.501400351524353,335601667,1.0678228378242245,244.0,7.92958802448e-15,129.5,135.45,[244],600.0,1042.0,559.8993900362137,1029.687967384263
755,0,170,-127.07420790140975,26.10609351756102,132.4954376220703,-127.08338,25.037489,132.49544,0.6923608183860779,-2.9530253410339355,335650819,1.068643956845983,436.0,-126.25316462800001,28.8164609473,135.45,[436],450.0,568.0,493.5853028104408,569.1582690636108
756,0,404,-50.89995362803893,119.47288711544797,131.0213165283203,-51.044926,119.11725,131.02132,0.7008817195892334,-1.9874424934387207,335618051,0.3840516872159033,308.0,-56.1879442157,116.675468393,135.45,[308],699.0,807.0,713.8967488979188,813.5196235064427
757,0,964,-110.28685349064017,64.84058996306157,130.35206604003903,-109.637085,64.96878,130.35207,0.6940199732780457,-2.6239237785339355,335642627,0.6622929566734264,404.0,-114.423046224,55.1032348679,135.45,[404],996.0,793.0,991.4942038064629,767.4477093343933
758,0,989,-125.96972102481277,32.439083215799656,132.82498168945312,-125.37147,32.537865,132.82498,0.6925135850906372,-2.903641939163208,335650819,0.6063538162961907,436.0,-126.25316462800001,28.8164609473,135.45,[436],750.0,637.0,746.9048907399862,613.3377441274899
759,0,409,-90.04090460369616,89.53233457239548,128.9656524658203,-90.67851,90.085106,128.96565,0.6962301731109619,-2.3727054595947266,335626243,0.843860212964075,372.0,-101.24717697999999,80.7419293407,135.45,"[340, 372]",975.0,1024.0,953.6162092678194,1050.250895052153
759,1,706,-91.69302194218653,91.28269108332552,131.40855407714844,-92.309105,91.8994,131.40855,0.6962335705757141,-2.372375011444092,335634435,0.8717147740153223,372.0,-101.24717697999999,80.7419293407,135.45,"[340, 372]",1048.0,959.0,1023.6304697050207,984.1662015125382
759,2,409,-115.70312692799507,115.9664459503656,166.3830108642578,-90.13408,90.51928,166.38301,0.6962301731109619,-2.3727054595947266,352403459,36.07401411493227,341.0,-79.1832048361,99.29259827339999,165.55,"[341, 373]",251.0,163.0,1268.953907078624,-858.7968836758029
759,3,244,-128.3773069987028,113.05844845636693,173.90771484374997,-97.07017,85.929214,173.90771,0.6955843567848206,-2.4380042552948,352411651,41.42622740813468,373.0,-101.24717697999999,80.7419293407,165.55,[373],809.0,769.0,1894.6607646266773,-483.2052007481127
759,4,944,-124.97354542629682,120.70808469666281,176.52430725097656,-93.069695,90.94565,176.5243,0.6960316300392151,-2.392277717590332,352411651,43.630933170463486,373.0,-101.24717697999999,80.7419293407,165.55,"[341, 373]",1010.0,929.0,2200.646214238512,-347.05473785187337
759,5,169,-129.2713713054436,118.18076636885144,178.01800537109375,-94.955536,88.58087,178.018,0.6957589983940125,-2.419865369796753,352411651,45.31810159022319,373.0,-101.24717697999999,80.7419293407,165.55,[373],915.0,853.0,2099.5534811260572,-518.9677730177448
760,0,170,-127.16001880740134,26.12498388705808,132.58517456054688,-126.98215,25.481005,132.58517,0.6923608183860779,-2.9530253410339355,335650819,0.6680924163862318,436.0,-126.25316462800001,28.8164609473,135.45,[436],468.0,572.0,494.3409175903231,565.725832823947
761,0,646,110.70738355669937,61.919882964448334,124.54598999023438,111.180565,61.76372,124.54599,0.7201924324035645,-0.5231739282608032,335560707,0.4982840341102894,84.0,114.423046224,55.1032348679,135.45,[84],868.0,472.0,874.6659238619333,453.3734933079745
762,0,913,-115.85812554589938,-55.07566012555162,130.7835235595703,-114.69085,-54.47454,130.78352,0.6936074495315552,2.683969497680664,335675395,1.3129654891316516,532.0,-114.423046224,-55.1032348679,135.45,[532],627.0,591.0,603.102989693935,544.5968271240247
763,0,269,-38.16115247763901,122.92077879283966,129.59320068359375,-39.012047,121.32948,129.5932,0.7022997736930847,-1.8855608701705933,335609859,1.8045064060115132,276.0,-28.2601586125,123.815844847,135.45,[276],502.0,171.0,566.1973578335864,205.96024539443988
764,0,244,-98.03156482443865,85.56826070016177,132.28330993652344,-97.71257,85.123665,132.28331,0.6955843567848206,-2.4380042552948,335634435,0.5471956151237292,372.0,-101.24717697999999,80.7419293407,135.45,[372],777.0,743.0,795.0532543784709,730.6244862224537
765,0,170,-126.43602087067802,25.96565707841819,131.82806396484375,-126.83501,26.12568,131.82806,0.6923608183860779,-2.9530253410339355,335650819,0.42988060441004766,436.0,-126.25316462800001,28.8164609473,135.45,[436],494.0,578.0,487.9678452447275,594.6857502928799
766,0,279,104.51798351640036,77.8091569412727,128.13633728027344,103.75378,77.548225,128.13634,0.7190727591514587,-0.6535351276397705,335568899,0.8075255753225931,116.0,101.24717697999999,80.7419293407,135.45,[116],474.0,702.0,484.68910402290817,732.8322614560147
767,0,826,-57.04883560775579,-116.33023757120736,130.78494262695312,-57.096672,-116.20289,130.78494,0.7005376815795898,2.0128660202026367,335699971,0.13603718160787792,628.0,-56.1879442157,-116.675468393,135.45,[628],620.0,565.0,615.8092328717055,567.5643443177682
768,0,756,-59.3943407626939,-114.96648233134965,130.67222595214844,-59.514793,-115.038376,130.67223,0.7002577781677246,2.0337939262390137,335699971,0.14027656803357716,628.0,-56.1879442157,-116.675468393,135.45,[628],667.0,468.0,670.3594424660139,473.74413812024386
769,0,798,126.0277679233991,29.47530431494033,126.79555511474611,126.15359,29.111185,126.795555,0.7218129634857178,-0.2431984841823578,335552515,0.38524452968658013,52.0,126.25316462800001,28.8164609473,135.45,[52],613.0,598.0,628.3537347056132,592.9841318159635
770,0,226,-16.82073139660224,125.7219659805586,127.27037048339844,-16.561815,126.453606,127.27037,0.7047494649887085,-1.7172986268997192,335609859,0.7761019091944009,276.0,-28.2601586125,123.815844847,135.45,[276],707.0,1069.0,678.2448453423439,1059.5770886359105
771,0,397,-108.28008244845296,68.8655192599399,130.6986541748047,-108.40047,67.536644,130.69865,0.6942813992500305,-2.588989019393921,335642627,1.3343170257596455,404.0,-114.423046224,55.1032348679,135.45,"[372, 404]",1099.0,842.0,1152.4913756815959,847.7185510218817
771,1,397,-110.4765192070895,70.30647976004502,133.3740997314453,-110.53572,69.043945,133.3741,0.6942813992500305,-2.588989019393921,335634435,1.2639216996413032,404.0,-114.423046224,55.1032348679,135.45,"[372, 404]",1159.0,757.0,1210.1297956858007,759.8610806764202
772,0,846,-16.107265044040105,126.91276618798793,128.34471130371094,-16.146744,126.54834,128.34471,0.7048482298851013,-1.7106504440307617,335609859,0.3665584953681468,276.0,-28.2601586125,123.815844847,135.45,[276],711.0,1086.0,725.8768536395172,1088.115742738396
773,0,784,129.8891668759527,-15.724371945193525,128.11024475097656,129.23601,-15.606226,128.11024,0.7221820950508118,0.10688552260398865,335765507,0.6637585356891171,884.0,126.25316462800001,-28.8164609473,135.45,[884],1130.0,721.0,1125.683560084259,747.4400899181074
774,0,329,-73.49435711045044,-103.74654701784038,128.71620178222656,-73.47172,-103.80707,128.7162,0.6984735727310181,2.1734871864318848,335691779,0.06461664255680183,596.0,-79.1832048361,-99.29259827339999,135.45,[596],421.0,830.0,423.84205022238405,829.5539090259825
774,1,329,-73.84475025669235,-104.22706031123744,129.31825256347656,-73.3621,-103.894485,129.31825,0.6984735727310181,2.1734871864318848,335691779,0.5861386813068801,596.0,-79.1832048361,-99.29259827339999,135.45,[596],417.0,834.0,404.62151848650194,815.538183176306
774,2,329,-115.46441392036604,-160.40398740778573,200.0976104736328,-73.42958,-103.84067,200.09761,0.6984735727310181,2.1734871864318848,369246211,70.47223806871729,598.0,-79.1832048361,-99.29259827339999,195.65,[598],420.0,832.0,-1842.4555653754298,-849.2483633706416
774,3,29,-105.99756293257133,-181.0879517707467,212.0748748779297,-64.33546,-112.716866,212.07487,0.6996784806251526,2.0778708457946777,386031619,80.06457716008785,631.0,-56.1879442157,-116.675468393,225.75,"[599, 631]",760.0,276.0,-1974.4993351098685,-1390.3847486748532
774,4,603,-132.59245645133706,-190.7180596416565,235.09249877929688,-71.81304,-105.12982,235.0925,0.6987206935882568,2.153376817703247,386023427,104.97372871253107,599.0,-79.1832048361,-99.29259827339999,225.75,[599],368.0,896.0,-3055.0184547302606,-1534.3700646094821
774,5,29,-125.4243669925877,-212.35080984839942,249.27290344238278,-63.833645,-112.95853,249.2729,0.6996784806251526,2.0778708457946777,402808835,116.92836704169156,632.0,-56.1879442157,-116.675468393,255.85000000000002,[632],750.0,296.0,-3225.0136582159766,-2167.456911075508
774,6,691,-124.00033750943794,-203.39909902443424,240.8382568359375,-66.08305,-111.81978,240.83826,0.6994863748550415,2.0927295684814453,402808835,108.3567429143482,632.0,-56.1879442157,-116.675468393,255.85000000000002,"[600, 632]",796.0,206.0,-2866.945225257369,-2110.4957317495177
774,7,626,-126.87763849356816,-196.89370833892826,236.91932678222656,-68.190254,-107.95494,236.91933,0.6991625428199768,2.118093252182007,386023427,106.55662084522457,599.0,-79.1832048361,-99.29259827339999,225.75,"[599, 631]",255.0,1041.0,-3302.0444026211308,-1305.7773462987261
774,8,626,-126.8833088169531,-196.90204024741843,236.9295196533203,-68.196976,-107.95046,236.92952,0.6991625428199768,2.118093252182007,386023427,106.5667345176759,599.0,-79.1832048361,-99.29259827339999,225.75,"[599, 631]",255.0,1041.0,-3302.3776789607373,-1306.004159234124
774,9,329,-74.26908552510668,-104.80880195147665,130.04721069335938,-73.39535,-103.86797,130.04721,0.6984735727310181,2.1734871864318848,335691779,1.2839690298321869,596.0,-79.1832048361,-99.29259827339999,135.45,[596],418.0,833.0,381.3518528769333,798.564772439733
775,0,313,-126.27956595021442,-10.885909684975559,129.48635864257812,-126.9685,-10.734784,129.48636,0.6921742558479309,3.0418663024902344,335659011,0.705313136552954,468.0,-127.0,1.55530143492e-14,135.45,[468],172.0,603.0,166.56361260097702,630.8173619914237
776,0,184,-84.1416468471457,96.81187626743713,130.13034057617188,-84.20092,95.25082,130.13034,0.6970023512840271,-2.3000917434692383,335626243,1.5621848161670862,340.0,-79.1832048361,99.29259827339999,135.45,[340],440.0,401.0,502.77111976148547,403.66231955817227
777,0,944,-94.20820338370731,90.14571203683909,132.46864318847656,-94.05311,89.71248,132.46864,0.6960316300392151,-2.392277717590332,335634435,0.46015833078085805,372.0,-101.24717697999999,80.7419293407,135.45,"[340, 372]",960.0,889.0,978.1513078455635,883.558943851707
777,1,944,-93.89080540934947,89.83337120491751,132.01625061035156,-94.077156,89.68233,132.01625,0.6960316300392151,-2.392277717590332,335634435,0.2398767135205893,372.0,-101.24717697999999,80.7419293407,135.45,"[340, 372]",959.0,888.0,965.6576745687005,896.2548628260208
778,0,941,3.881926345336069,-129.00728070412117,128.97860717773438,4.825159,-129.4685,128.9786,0.7076061367988586,1.5270344018936157,335716355,1.0499602955070688,692.0,-2.37887640734e-14,-129.5,135.45,[692],603.0,795.0,621.7087718351536,757.2770538134438
779,0,799,127.68536744266858,5.082897278256496,125.11106872558594,126.9685,4.69096,125.11107,0.7222490310668945,-0.05305701121687889,335544323,0.8170167395648867,20.0,127.0,0.0,135.45,[20],789.0,600.0,805.3158911302598,629.414697706743
780,0,941,3.873967121387068,-128.5235605346308,128.4951629638672,3.2914608,-129.4685,128.49516,0.7076061367988586,1.5270344018936157,335716355,1.110060960742627,692.0,-2.37887640734e-14,-129.5,135.45,[692],603.0,733.0,641.0575786147683,756.9586848554837
781,0,658,-97.03389499391051,87.77490953762572,132.9828338623047,-96.60198,86.5163,132.98283,0.6957542300224304,-2.4203579425811768,335634435,1.3306599103966792,372.0,-101.24717697999999,80.7419293407,135.45,[372],832.0,787.0,883.3192078770287,770.5312794435793
782,0,112,-18.51623720700718,126.05721362796226,127.8746795654297,-18.351576,126.045105,127.87468,0.7045580744743347,-1.7302041053771973,335609859,0.16510597009557723,276.0,-28.2601586125,123.815844847,135.45,[276],691.0,998.0,691.6547512384903,991.756856219713
783,0,963,-81.83493746265003,98.36620695906504,129.77084350585938,-78.92059,99.46174,129.77084,0.6972426772117615,-2.2784769535064697,335626243,3.1134533348115996,340.0,-79.1832048361,99.29259827339999,135.45,[340],608.0,612.0,564.9443474266019,495.93069493799874
784,0,273,127.33968294418642,6.690179738732695,124.84756469726562,126.9685,6.924584,124.847565,0.7222373485565186,-0.06573188304901123,335544323,0.439002743108071,20.0,127.0,0.0,135.45,[20],878.0,600.0,869.6071895493078,615.5873177674567
785,0,723,72.59458293069702,104.57373809538421,125.81956481933594,72.4404,104.62952,125.819565,0.7154557704925537,-0.9773220419883728,335577091,0.16396302582669886,148.0,79.1832048361,99.29259827339999,135.45,[148],815.0,332.0,813.2455928793689,338.45512378388037
786,0,263,-109.33951096894816,-70.95411479303084,132.70013427734375,-108.77897,-71.24684,132.70013,0.6945759057998657,2.5518922805786133,335683587,0.6323736199256106,564.0,-101.24717697999999,-80.7419293407,135.45,[564],981.0,300.0,993.5125819067662,278.3066404420731
787,0,179,-128.26046293065167,-20.836592590421787,132.7206573486328,-128.03929,-20.849388,132.72066,0.692325234413147,2.9664671421051025,335667203,0.22154137231725807,500.0,-126.25316462800001,-28.8164609473,135.45,[500],920.0,530.0,921.1947342751284,521.708067893934
788,0,204,-47.2584960721706,120.91474792745089,130.90194702148438,-48.035572,120.56648,130.90195,0.7012954354286194,-1.9572668075561523,335618051,0.8515490918198096,308.0,-56.1879442157,116.675468393,135.45,[308],757.0,928.0,771.5711813780354,959.1779257411758
789,0,611,-126.3488977550644,-0.7615167164904051,129.09405517578125,-126.9685,-1.0136569,129.09406,0.6921045184135437,3.121873140335083,335659011,0.6689390090113065,468.0,-127.0,1.55530143492e-14,135.45,[468],561.0,603.0,571.5393313403831,628.0440897974245
790,0,19,126.91365286448877,12.507334192931012,124.87133026123048,126.9685,13.65358,124.87133,0.722174346446991,-0.11147736012935638,335544323,1.1475568848229885,20.0,127.0,0.0,135.45,[20],1148.0,600.0,1102.2933677172405,598.5461145795506
791,0,870,125.1965944341714,35.332398890602235,127.4730224609375,124.788025,35.094097,127.47302,0.7216274738311768,-0.28858235478401184,335552515,0.47298709061954014,52.0,126.25316462800001,28.8164609473,135.45,[52],853.0,543.0,862.6375177320893,559.7371922468557
792,0,490,88.411110515151,92.06264428045915,125.81985473632812,88.67331,91.684204,125.819855,0.7173591256141663,-0.8189736604690552,335577091,0.460396769649934,148.0,79.1832048361,99.29259827339999,135.45,"[116, 148]",297.0,981.0,312.80184028236647,971.1162271620395
793,0,355,23.42371372540765,-124.18891697057416,125.87655639648438,23.508234,-124.86813,125.87656,0.7099482417106628,1.3710216283798218,335724547,0.6844551378657919,724.0,28.2601586125,-123.815844847,135.45,[724],559.0,411.0,587.077115057034,408.5422045163061
794,0,713,58.326410306531216,115.84745144561339,128.527587890625,57.643208,115.93969,128.52759,0.7135899066925049,-1.1180042028427124,335585283,0.6894011098580024,180.0,56.1879442157,116.675468393,135.45,[180],572.0,660.0,568.8793221045353,687.5386436332485
795,0,647,127.96821705889852,-8.077337471360806,125.53787994384766,126.9685,-8.502287,125.53788,0.7222517132759094,0.049720942974090576,335544323,1.086287145810015,20.0,127.0,0.0,135.45,[20],261.0,600.0,278.90650114556774,640.7286823559406
796,0,615,70.62794107572381,105.65252709483457,125.64575958251953,70.636246,106.068275,125.64576,0.7152312994003296,-0.9948573708534241,335577091,0.41583129204636504,148.0,79.1832048361,99.29259827339999,135.45,"[148, 180]",873.0,260.0,856.397152857383,259.7894495849522
797,0,125,-108.89126327698796,71.7867309021376,132.81442260742185,-108.29751,71.85058,132.81442,0.6944076418876648,-2.5728282928466797,335634435,0.5971779764014333,372.0,-101.24717697999999,80.7419293407,135.45,[372],246.0,319.0,243.79206245750424,296.2365481204813
798,0,847,124.51166316582703,-37.39225622790036,127.38508605957031,124.14496,-37.911556,127.385086,0.7216724753379822,0.27823111414909363,335765507,0.6357238562597506,884.0,126.25316462800001,-28.8164609473,135.45,[884],238.0,517.0,258.9681887759855,532.3399415130808
799,0,620,126.61726282356909,-13.237382041316778,124.6492462158203,126.9685,-13.273352,124.64925,0.7222065925598145,0.09094695746898651,335544323,0.3530724073827424,20.0,127.0,0.0,135.45,[20],71.0,600.0,72.50471834732892,586.6905129427636
799,1,487,126.60034279767586,-13.423919723111794,124.65225219726562,126.9671,-13.558275,124.65225,0.7222045063972473,0.09241773933172226,335544323,0.39059409881494905,20.0,127.0,0.0,135.45,[20],59.0,600.0,65.04321107552826,586.0137119070345
800,0,700,50.16326020811812,-119.09983606065384,128.16375732421875,50.18876,-119.529564,128.16376,0.7130270600318909,1.1585662364959717,335732739,0.4304836813692652,756.0,56.1879442157,-116.675468393,135.45,[756],487.0,362.0,505.0252932938463,361.0126396967246
801,0,626,-68.091391622233,-108.36032616484226,129.4363250732422,-68.54769,-107.73385,129.43633,0.6991625428199768,2.118093252182007,335691779,0.7750378131457316,596.0,-79.1832048361,-99.29259827339999,135.45,"[596, 628]",264.0,1027.0,239.2908843423089,1045.6725285546797
801,1,626,-67.90054397641006,-108.06564608050667,129.0812530517578,-68.32401,-107.912224,129.08125,0.6991625428199768,2.118093252182007,335691779,0.45040448360707785,596.0,-79.1832048361,-99.29259827339999,135.45,"[596, 628]",257.0,1036.0,251.07808771573275,1053.3064343875974
801,2,483,-66.19793977109612,-109.01805401758884,128.95994567871094,-67.52517,-111.180786,128.95995,0.6993567943572998,2.1028294563293457,335699971,2.537508348206575,628.0,-56.1879442157,-116.675468393,135.45,"[596, 628]",821.0,148.0,908.2965750164465,201.60017778415522
801,3,483,-66.10560315458088,-108.87056878716339,128.7840118408203,-67.31275,-111.28308,128.78401,0.6993567943572998,2.1028294563293457,335699971,2.6976699614129545,628.0,-56.1879442157,-116.675468393,135.45,"[596, 628]",817.0,157.0,914.1959842334643,205.29364244476483
801,4,483,-65.98900901219349,-108.68432058930694,128.5618438720703,-67.15301,-111.36001,128.56184,0.6993567943572998,2.1028294563293457,335699971,2.9179096797843522,628.0,-56.1879442157,-116.675468393,135.45,"[596, 628]",814.0,163.0,921.6459121477226,209.9574081402602
801,5,691,-64.29854619657135,-108.38251100381058,127.39689636230469,-66.32359,-111.81493,127.3969,0.6994863748550415,2.0927295684814453,335699971,3.9852655136870156,628.0,-56.1879442157,-116.675468393,135.45,"[596, 628]",796.0,196.0,933.7182955675769,277.57592076514584
801,6,691,-63.36994317924518,-106.8637227830418,125.59732818603516,-65.79514,-112.01392,125.59733,0.6994863748550415,2.0927295684814453,335699971,5.692641189065687,628.0,-56.1879442157,-116.675468393,135.45,"[596, 628]",788.0,217.0,994.4698243983282,314.72004145819255
801,7,691,-63.19114563866242,-106.57113860540085,125.25070190429688,-65.93609,-112.00154,125.2507,0.6994863748550415,2.0927295684814453,335699971,6.08473362730001,628.0,-56.1879442157,-116.675468393,135.45,"[596, 628]",788.0,212.0,1006.1731915039661,321.8719430815031
801,8,691,-62.87836367809177,-106.05918610097115,124.64422607421875,-65.943756,-111.9977,124.644226,0.6994863748550415,2.0927295684814453,335699971,6.683009819006928,628.0,-56.1879442157,-116.675468393,135.45,"[596, 628]",789.0,211.0,1026.6512916811541,334.38322150432896
802,0,580,128.12322256150196,22.081244794977465,127.3327407836914,127.6765,22.43888,127.33274,0.722007691860199,-0.18417292833328247,335552515,0.5722465054437025,52.0,126.25316462800001,28.8164609473,135.45,[52],346.0,658.0,332.59135390709855,676.802317340078
803,0,32,28.746559966458335,124.0231274002133,126.7667465209961,27.85115,123.876884,126.76675,0.7101643085479736,-1.3564800024032593,335593475,0.9072734358058956,212.0,28.2601586125,123.815844847,135.45,[212],604.0,585.0,610.291302128532,621.4560541583334
804,0,631,-65.29521438824486,-112.64157723595508,131.5953369140625,-65.12919,-112.33463,131.59534,0.6996225714683533,2.08217716217041,335699971,0.3489690884655864,628.0,-56.1879442157,-116.675468393,135.45,"[596, 628]",775.0,244.0,763.3556462817967,237.70919309820556
805,0,283,112.44511766650021,59.580685239205195,124.91632843017578,112.06086,59.935764,124.91633,0.7203646898269653,-0.5005022287368774,335560707,0.5231972367275847,84.0,114.423046224,55.1032348679,135.45,[84],795.0,507.0,781.0980148522077,522.8828577000081
806,0,690,-127.02223131540603,6.315110871315483,129.9387664794922,-126.9685,6.2941513,129.93877,0.6921111345291138,-3.105699062347412,335659011,0.057676232896910866,468.0,-127.0,1.55530143492e-14,135.45,[468],853.0,603.0,854.6044348526186,601.1107473837592
807,0,78,42.45840405940544,-121.07990231803365,127.40247344970703,42.12558,-120.61884,127.40247,0.7121568322181702,1.2200167179107666,335724547,0.5686366038886491,724.0,28.2601586125,-123.815844847,135.45,"[724, 756]",729.0,1156.0,711.4377011586544,1169.9298178762176
807,1,78,43.27507940147825,-123.51585390738751,129.95346069335938,42.824146,-123.07617,129.95346,0.7121568322181702,1.2200167179107666,335732739,0.6298102714238879,724.0,28.2601586125,-123.815844847,135.45,"[724, 756]",631.0,1184.0,613.9996375844999,1202.5968315591301
808,0,798,126.62839277497324,29.607244627546606,127.39797210693358,125.9759,29.889677,127.39797,0.7218129634857178,-0.2431984841823578,335552515,0.7109968594544941,52.0,126.25316462800001,28.8164609473,135.45,[52],644.0,590.0,633.6313472098642,617.009125878929
808,1,278,127.30285205786413,31.078361100099755,128.3823699951172,125.851776,30.658195,128.38237,0.721775233745575,-0.25306275486946106,335552515,1.5106821319542432,52.0,126.25316462800001,28.8164609473,135.45,[52],675.0,585.0,692.4760061119902,643.9874971945648
809,0,117,116.33192068964127,-50.894638928982204,124.52639770507812,116.818,-50.057465,124.5264,0.72104811668396,0.3991982638835907,335757315,0.9680571910204434,852.0,114.423046224,-55.1032348679,135.45,[852],803.0,697.0,770.3438375567117,678.3549786256503
810,0,540,67.88273847167511,108.2211403658307,126.36873626708986,68.43306,107.825264,126.36874,0.7148532271385193,-1.023977279663086,335577091,0.6779170754263746,148.0,79.1832048361,99.29259827339999,135.45,"[148, 180]",943.0,171.0,959.1416836972286,149.9813454230042
811,0,550,-54.3274900662409,-117.33114042753618,130.45892333984375,-54.128223,-117.632416,130.45892,0.7008388638496399,1.9905933141708374,335699971,0.3612118900288667,628.0,-56.1879442157,-116.675468393,135.45,[628],563.0,684.0,575.7731186185526,676.418165978364
812,0,839,114.66154258430515,54.184128987451004,124.4326171875,114.60243,54.65814,124.43262,0.7206916213035583,-0.4546513557434082,335560707,0.47768068448262985,84.0,114.423046224,55.1032348679,135.45,[84],584.0,609.0,565.2357647820401,611.5398544122058
813,0,416,-52.16006773580466,-118.7657659049612,130.8286895751953,-52.106888,-118.60584,130.82869,0.7011099457740784,1.970743179321289,335699971,0.16853358800350213,628.0,-56.1879442157,-116.675468393,135.45,[628],524.0,765.0,518.388099521552,763.1150591958135
814,0,17,127.29537453686657,7.929289186521601,124.87564086914061,126.9685,7.9359283,124.87564,0.722226619720459,-0.07545515894889832,335544323,0.3269437236363017,20.0,127.0,0.0,135.45,[20],919.0,600.0,919.171567460864,613.8149814746629
815,0,377,127.22752170395643,7.57865152944396,124.78789520263672,126.9685,7.4732256,124.787895,0.7222297787666321,-0.07273315638303757,335544323,0.2796565536977971,20.0,127.0,0.0,135.45,[20],900.0,600.0,905.1460611777584,611.100868158257
816,0,700,50.38191066131549,-119.63944704816913,128.74114990234375,50.318047,-119.4673,128.74115,0.7130270600318909,1.1585662364959717,335732739,0.1836112346236571,756.0,56.1879442157,-116.675468393,135.45,[756],490.0,367.0,483.44085379323474,369.7586578246194
817,0,724,118.42847686122673,-44.118561757570205,123.88546752929688,119.52226,-44.442,123.88547,0.7213622331619263,0.3434663712978363,335757315,1.140605255592664,852.0,114.423046224,-55.1032348679,135.45,[852],1028.0,805.0,1041.3869244131915,762.2172254890688
818,0,563,7.6287395469998955,-129.31653191667382,129.37435913085938,7.2864814,-129.4685,129.37436,0.708041787147522,1.4981496334075928,335716355,0.37448195126278055,692.0,-2.37887640734e-14,-129.5,135.45,[692],603.0,893.0,609.3387233330475,907.1495818799968
819,0,927,-119.68795981900962,-43.955666316594034,130.0907745361328,-120.055626,-43.33446,130.09077,0.6930691599845886,2.7758336067199707,335675395,0.7218546531717523,532.0,-114.423046224,-55.1032348679,135.45,"[500, 532]",1072.0,376.0,1047.9027420522384,391.4034561996152
820,0,447,-117.87545056161798,-48.645570119558215,130.06484985351562,-117.48606,-48.670223,130.06485,0.6932862997055054,2.7364025115966797,335675395,0.3901691068493597,532.0,-114.423046224,-55.1032348679,135.45,[532],859.0,479.0,860.3065899336713,463.9038264952808
820,1,503,-116.51789400004918,-48.81018444896836,128.84510803222656,-117.20166,-49.259747,128.84511,0.6933163404464722,2.7312278747558594,335675395,0.8183167115552543,532.0,-114.423046224,-55.1032348679,135.45,[532],835.0,490.0,853.7220167572656,518.2060889580328
821,0,917,101.85561574115627,80.36843283641929,127.63702392578125,101.6822,80.14591,127.637024,0.7188044190406799,-0.6815618276596069,335568899,0.28211577164453805,116.0,101.24717697999999,80.7419293407,135.45,[116],578.0,619.0,587.0601398287715,626.337550446251
822,0,410,-1.6739722292959414,-129.49519790146124,129.53732299804688,-1.6852323,-129.4685,129.53732,0.7069581747055054,1.5699830055236816,335716355,0.028969879021754654,692.0,-2.37887640734e-14,-129.5,135.45,[692],603.0,534.0,602.1920839415509,535.0411108281633
823,0,799,127.39579653380156,5.07520822567858,124.82746887207031,126.9685,3.697352,124.82747,0.7222490310668945,-0.05305701121687889,335544323,1.4425920438674111,20.0,127.0,0.0,135.45,[20],749.0,600.0,805.0083290271432,617.8318613520622
824,0,707,-2.478768202953688,-129.14008458599224,129.21243286132812,-2.9780986,-129.4685,129.21243,0.7068631649017334,1.57628333568573,335716355,0.5976549247588814,692.0,-2.37887640734e-14,-129.5,135.45,[692],603.0,482.0,616.3966165603108,502.8492718818534
824,1,270,-4.738550090794888,-138.08529989591185,138.26087951660156,-4.772198,-129.4685,138.26088,0.7066498398780823,1.590434193611145,335716355,8.6168597332999,692.0,-2.37887640734e-14,-129.5,135.45,[692],603.0,411.0,258.58800416352665,412.4579963682054
825,0,382,40.85190892736955,-121.36472247834968,127.18383026123047,40.61541,-120.96353,127.18383,0.7119759917259216,1.2326147556304932,335724547,0.4657102306146736,724.0,28.2601586125,-123.815844847,135.45,[724],716.0,1096.0,700.0448947460131,1105.670012594782
826,0,767,-49.08134359102223,119.85156871444201,130.63063049316406,-48.9526,120.12486,130.63063,0.7010744214057922,-1.973336100578308,335618051,0.30210075573552364,308.0,-56.1879442157,116.675468393,135.45,[308],739.0,891.0,729.0440128576802,886.2640249871106
827,0,482,18.696280223155554,126.35311638198664,127.39958190917969,20.167185,125.63071,127.39958,0.7089558839797974,-1.4374065399169922,335593475,1.6387299912918696,212.0,28.2601586125,123.815844847,135.45,[212],674.0,278.0,703.4908613994656,219.4448644262222
828,0,195,117.45426601501345,50.21999920253347,125.29346466064453,116.81045,50.073147,125.293465,0.7209362387657166,-0.4173353910446167,335560707,0.6603541884185126,84.0,114.423046224,55.1032348679,135.45,[84],400.0,697.0,406.6705733853388,723.2487916405375
829,0,940,44.49343963222327,-122.36370042284898,129.2523956298828,44.430103,-122.30278,129.2524,0.7123237252235413,1.2083337306976318,335732739,0.08787929337061728,756.0,56.1879442157,-116.675468393,135.45,[756],376.0,131.0,374.47071880604085,134.21981666093075
830,0,990,-55.529464479415765,117.70754307992206,131.4048614501953,-55.436535,117.002365,131.40486,0.7003679275512695,-2.025533676147461,335618051,0.7112748246386162,308.0,-56.1879442157,116.675468393,135.45,[308],615.0,632.0,643.2829874768822,628.3391894513693
831,0,837,90.85150677497086,-90.5061159479801,126.31572723388672,90.611984,-90.13816,126.31573,0.7178969979286194,0.7700958847999573,335740931,0.43904680728219364,820.0,101.24717697999999,-80.7419293407,135.45,"[788, 820]",226.0,176.0,211.4325357087955,186.17319179883452
831,1,837,92.5793272050305,-92.2750307375436,128.7512969970703,92.25445,-91.96793,128.7513,0.7178969979286194,0.7700958847999573,335749123,0.4470516268029496,820.0,101.24717697999999,-80.7419293407,135.45,"[788, 820]",152.0,242.0,140.67594412625567,255.28600900122
832,0,488,49.535411193139225,120.11711183138209,128.94407653808594,49.438732,119.890755,128.94408,0.7125371694564819,-1.193329095840454,335585283,0.24613896274387528,180.0,56.1879442157,116.675468393,135.45,[180],730.0,332.0,739.6657375352834,335.8986790975689
833,0,836,-18.9994642255906,-125.32005556430215,127.15438079833984,-18.980082,-125.90165,127.15438,0.7048910856246948,1.7077713012695312,335708163,0.5819168023596814,660.0,-28.2601586125,-123.815844847,135.45,[660],518.0,973.0,541.8315713079141,972.4277754763762
834,0,263,-108.80187496241615,-70.61583033757779,132.053466796875,-108.49666,-71.600845,132.05347,0.6945759057998657,2.5518922805786133,335683587,1.0312185726381349,564.0,-101.24717697999999,-80.7419293407,135.45,[564],967.0,312.0,1007.0439601248881,299.81208070335356
835,0,674,-89.4543615141697,-90.99496471273824,129.52362060546878,-89.44672,-91.06743,129.52362,0.6966357827186584,2.333919048309326,335691779,0.07286605871000836,596.0,-79.1832048361,-99.29259827339999,135.45,"[564, 596]",931.0,191.0,933.9053424264699,191.15373287721184
836,0,833,-10.56825900070271,130.33454087650824,131.06056213378906,-10.53986,129.4685,131.06056,0.7055203318595886,-1.6656060218811035,335601667,0.866500529201976,244.0,7.92958802448e-15,129.5,135.45,[244],600.0,180.0,635.3816350603296,179.26963997189134
837,0,831,98.04142168432645,85.36236402116538,127.97032165527345,97.66876,85.178604,127.97032,0.7183194756507874,-0.7299493551254272,335568899,0.41550305064793025,116.0,101.24717697999999,80.7419293407,135.45,[116],779.0,458.0,786.8173872186151,473.76978817305826
838,0,376,124.56735648041831,-33.53876191784184,126.3831253051758,125.24664,-33.084774,126.383125,0.7217886447906494,0.24960023164749146,335765507,0.8170283224654324,884.0,126.25316462800001,-28.8164609473,135.45,[884],431.0,561.0,413.1079611783264,534.567674096732
838,1,376,124.4578802180099,-33.50770800758892,126.27164459228514,125.23955,-33.115833,126.271645,0.7217886447906494,0.24960023164749146,335765507,0.8743968771063748,884.0,126.25316462800001,-28.8164609473,135.45,[884],430.0,561.0,414.35011758844325,530.1886236003958
838,2,127,126.519673510237,-31.226988571256697,127.65570831298828,125.80533,-30.861681,127.65571,0.7218666076660156,0.2284391075372696,335765507,0.8023332309908024,884.0,126.25316462800001,-28.8164609473,135.45,[884],520.0,584.0,505.57889504173204,612.6603552894795
839,0,115,110.41794613063576,-60.93229044634609,123.78510284423828,111.20832,-61.70609,123.7851,0.7204338908195496,0.49112018942832947,335757315,1.1060994810617213,852.0,114.423046224,-55.1032348679,135.45,[852],337.0,473.0,368.8377768621564,441.79599626542995
840,0,944,-94.25965140578182,90.19634597828872,132.54197692871094,-94.337006,89.35648,132.54198,0.6960316300392151,-2.392277717590332,335634435,0.843417289502705,372.0,-101.24717697999999,80.7419293407,135.45,[372],946.0,878.0,980.1766655035487,881.5010229687266
841,0,209,126.40924564421834,-7.869589523676041,124.00164031982422,126.9685,-7.7155247,124.00164,0.7222522497177124,0.04902225732803345,335544323,0.5800857115574587,20.0,127.0,0.0,135.45,[20],293.0,600.0,287.2164190529584,578.3698257687337
842,0,635,86.35737427375852,93.9032243581496,125.79863739013672,86.237366,93.62681,125.79864,0.7171135544776917,-0.8405774831771851,335577091,0.3013435968152901,148.0,79.1832048361,99.29259827339999,135.45,"[116, 148]",375.0,884.0,386.42504338998435,888.9667775063407
843,0,944,-93.7999419375601,89.74396651050529,131.88674926757812,-94.65402,88.95896,131.88675,0.6960316300392151,-2.392277717590332,335634435,1.160037072941179,372.0,-101.24717697999999,80.7419293407,135.45,[372],930.0,865.0,962.0814867922115,899.8894016975953
844,0,587,87.16452225074636,-92.0215208252821,124.90404510498047,87.554695,-92.57626,124.904045,0.7175792455673218,0.7992493510246277,335740931,0.6782140003038342,788.0,79.1832048361,-99.29259827339999,135.45,"[788, 820]",870.0,936.0,892.8430979247156,921.2526965858541
845,0,636,79.6478490111067,99.43099461626798,125.76541900634766,78.53875,99.76624,125.76542,0.7163082957267761,-0.9087631702423096,335577091,1.1586598980740426,148.0,79.1832048361,99.29259827339999,135.45,[148],620.0,576.0,607.5358537147196,620.5857670002678
846,0,177,-24.2107156989332,-124.44935629037514,127.29637908935547,-24.43349,-124.656944,127.29638,0.7042736411094666,1.7494372129440308,335708163,0.30450204615401755,660.0,-28.2601586125,-123.815844847,135.45,[660],568.0,755.0,576.6595422649948,763.9777165426722
846,1,892,-22.663074736460658,-143.22642207887463,145.48382568359375,-19.769136,-125.72156,145.48383,0.7048237919807434,1.7122968435287476,335708163,17.74246766237414,660.0,-28.2601586125,-123.815844847,135.45,[660],525.0,941.0,-174.42308927498516,825.8833550415739
846,2,836,-22.361451155504255,-145.3728496603244,147.5509796142578,-19.075792,-125.87981,147.55098,0.7048910856246948,1.7077713012695312,335708163,19.76801165921107,660.0,-28.2601586125,-123.815844847,135.45,[660],519.0,969.0,-260.28019253297543,837.9482982798299
846,3,205,-21.71703111334773,-163.64507536489248,165.52813720703125,-15.906811,-126.6031,165.52814,0.705227792263031,1.6851766109466553,352485379,37.4948840508561,661.0,-28.2601586125,-123.815844847,165.55,[661],490.0,1096.0,-991.1692207156989,863.725099966091
847,0,323,126.06619897588996,28.257259952082677,126.55989074707031,126.26726,28.613165,126.55989,0.7218470573425293,-0.23392534255981445,335552515,0.40877003299930126,52.0,126.25316462800001,28.8164609473,135.45,[52],593.0,602.0,579.631960191307,594.521373915598
848,0,546,-95.91434213435377,-88.1586667978363,132.33665466308594,-95.85719,-87.45023,132.33665,0.6961123943328857,2.3842668533325195,335683587,0.7107347038408804,564.0,-101.24717697999999,-80.7419293407,135.45,[564],333.0,817.0,305.3305017145476,815.3133938258486
849,0,242,22.685919545599972,-125.36365174050434,126.91307830810545,22.36559,-125.12893,126.91308,0.7098397612571716,1.3783116340637207,335724547,0.3971224843919007,724.0,28.2601586125,-123.815844847,135.45,[724],549.0,366.0,540.0877242598267,379.0304373239989
850,0,138,-41.917467853339986,120.57694273132597,128.61947631835938,-41.802353,120.69262,128.61948,0.7018277645111084,-1.919010043144226,335609859,0.16319474654130361,276.0,-28.2601586125,123.815844847,135.45,"[276, 308]",477.0,60.0,472.443915373039,55.707630366400736
851,0,335,-6.749507922440898,129.9090064880924,130.3003387451172,-6.985988,129.4685,130.30034,0.7059563994407654,-1.6365257501602173,335601667,0.4999636959294573,244.0,7.92958802448e-15,129.5,135.45,[244],600.0,322.0,618.3602595236954,332.0196831023638
852,0,207,33.31391908483147,-121.56207412284243,125.33248901367188,32.898766,-122.7248,125.33249,0.711143434047699,1.290021300315857,335724547,1.2346190371047916,724.0,28.2601586125,-123.815844847,135.45,[724],645.0,787.0,692.1508289663029,804.1504188932587
853,0,10,73.03606315848856,-103.68854107878042,125.27882385253906,74.14662,-103.26885,125.278824,0.715877115726471,0.9438494443893433,335740931,1.187214811970553,788.0,79.1832048361,-99.29259827339999,135.45,[788],442.0,400.0,426.16228778478273,356.11433289554213
854,0,533,37.619821178002894,121.64761455635289,126.59797668457031,37.17694,121.74834,126.59798,0.7112269997596741,-1.2843005657196045,335593475,0.45418927054708036,212.0,28.2601586125,123.815844847,135.45,[212],519.0,958.0,515.2707883741158,976.3865026201157
855,0,141,16.909515551666118,-126.15759187657079,126.92187500000001,17.062275,-126.33938,126.921875,0.7091556191444397,1.42409348487854,335724547,0.23744842173794112,724.0,28.2601586125,-123.815844847,135.45,[724],501.0,154.0,508.33011881716857,147.97427756664476
856,0,332,107.27735959225583,-73.84802867088138,127.97179412841795,106.71939,-73.82947,127.971794,0.7196513414382935,0.5893139839172363,335749123,0.5582773530143769,820.0,101.24717697999999,-80.7419293407,135.45,[820],878.0,820.0,877.7560267927447,843.2073044902336
857,0,597,-110.83349513489611,-62.13048136901898,129.4505157470703,-110.93419,-62.275326,129.45052,0.6940710544586182,2.616936445236206,335675395,0.1764061359264854,532.0,-114.423046224,-55.1032348679,135.45,[532],315.0,741.0,320.91013995524065,745.5820435641556
858,0,482,18.645736810473863,126.0406788692984,127.08390808105469,19.588964,125.76268,127.08391,0.7089558839797974,-1.4374065399169922,335593475,0.983342129983389,212.0,28.2601586125,123.815844847,135.45,[212],679.0,255.0,690.9933608919363,217.42312791895458
859,0,963,-81.15150981183524,97.52153715905251,128.6689453125,-79.570724,98.943275,128.66895,0.6972426772117615,-2.2784769535064697,335626243,2.126081375422413,340.0,-79.1832048361,99.29259827339999,135.45,[340],588.0,586.0,531.1575554261009,523.2678009705904
860,0,616,87.50616297862052,92.45027028380628,125.49506378173828,87.03964,92.98701,125.49506,0.7172778248786926,-0.8261759281158447,335577091,0.7111455307203496,148.0,79.1832048361,99.29259827339999,135.45,"[116, 148]",349.0,916.0,328.3068804162514,934.9183257008207
861,0,498,-127.40154519197813,-6.484558479541192,130.33055114746094,-126.9685,-6.2753286,130.33055,0.692132294178009,3.0769143104553223,335659011,0.4809436543429744,468.0,-127.0,1.55530143492e-14,135.45,[468],350.0,603.0,342.6176608183517,585.9381923208753
862,0,921,-76.02650505541169,-101.88095660624504,128.75140380859375,-75.80256,-101.94828,128.7514,0.6981744170188904,2.198223352432251,335691779,0.23384688449341695,596.0,-79.1832048361,-99.29259827339999,135.45,[596],495.0,737.0,498.465666686198,728.2679912275324
863,0,339,-109.54747067031758,70.16358994796701,132.4937286376953,-109.595085,70.223465,132.49373,0.6943046450614929,-2.5859880447387695,335634435,0.07649938477581937,372.0,-101.24717697999999,80.7419293407,135.45,[372],181.0,268.0,178.86642429068047,269.98825238729637
864,0,639,99.64030325561862,82.87724975698029,127.54258728027344,99.50711,82.87338,127.54259,0.7185494303703308,-0.7073395252227783,335568899,0.1332487891246828,116.0,101.24717697999999,80.7419293407,135.45,[116],687.0,532.0,687.4128166512116,537.725051024745
865,0,538,-112.40205586956108,-61.303736309654596,130.45726013183594,-111.67269,-60.741814,130.45726,0.693987250328064,2.628453254699707,335675395,0.9207223652886941,532.0,-114.423046224,-55.1032348679,135.45,[532],376.0,712.0,353.979942329816,682.8396141775568
866,0,681,117.76522186683314,-48.58231387847263,124.9115982055664,117.531204,-48.576485,124.9116,0.7211727499961853,0.3780168890953064,335757315,0.23409023235030935,852.0,114.423046224,-55.1032348679,135.45,[852],863.0,726.0,862.8368395770946,735.6870257133255
867,0,292,104.09751462861095,77.26070198242269,127.48017120361328,104.339966,76.81317,127.48017,0.7190870046615601,-0.6520087718963623,335568899,0.5089854756755074,116.0,101.24717697999999,80.7419293407,135.45,[116],444.0,725.0,462.75090566890754,716.0135059444383
868,0,145,115.45863541917674,51.51439723722615,124.0249252319336,116.01632,51.722168,124.024925,0.7208371162414551,-0.43282073736190796,335560707,0.5951302040855663,84.0,114.423046224,55.1032348679,135.45,[84],466.0,665.0,458.44649477304586,643.4235678070695
869,0,110,-18.81495017359248,126.49953658073593,128.3627471923828,-18.690994,125.967636,128.36275,0.7045304775238037,-1.732064127922058,335609859,0.5461530740728272,276.0,-28.2601586125,123.815844847,135.45,[276],688.0,984.0,709.3476693494375,979.808337556301
870,0,43,120.19116610758465,-43.03530946113278,125.13272857666016,120.38116,-42.658485,125.13273,0.721428632736206,0.3305622637271881,335757315,0.42201051276428686,852.0,114.423046224,-55.1032348679,135.45,"[852, 884]",1099.0,840.0,1084.7170162706884,832.7247953433857
871,0,185,1.8860897057957118,-129.41571329579787,129.3848419189453,2.7693367,-129.4685,129.38484,0.707372784614563,1.5425001382827759,335716355,0.8848233203957988,692.0,-2.37887640734e-14,-129.5,135.45,[692],603.0,712.0,605.3714681680856,677.4435882318295
872,0,485,-78.3373633598676,-100.14292727409611,128.82351684570312,-77.339905,-100.72229,128.82352,0.6979043483734131,2.2209596633911133,335691779,1.1535097839614057,596.0,-79.1832048361,-99.29259827339999,135.45,[596],544.0,675.0,567.986839972155,635.8336590492962
873,0,265,65.3363081837224,112.80089139739675,129.03292846679688,65.36024,112.223366,129.03293,0.7143834829330444,-1.0594838857650757,335585283,0.5780211315798313,180.0,56.1879442157,116.675468393,135.45,"[148, 180]",423.0,968.0,447.0169201758699,967.9345587208957
874,0,482,18.573460294303004,125.5936659419707,126.63227081298828,17.603893,126.21576,126.63227,0.7089558839797974,-1.4374065399169922,335593475,1.1519810385085334,212.0,28.2601586125,123.815844847,135.45,[212],697.0,175.0,673.1128437988281,214.5320672721202
875,0,242,22.657085586880385,-125.19110785887801,126.73881530761719,22.249445,-125.15544,126.738815,0.7098397612571716,1.3783116340637207,335724547,0.4091979765006296,724.0,28.2601586125,-123.815844847,135.45,[724],548.0,361.0,546.9894795248797,377.8770789752154
876,0,2,96.51256148412085,87.59610860229486,128.34500122070312,96.2134,87.003555,128.345,0.7181041836738586,-0.7506186366081238,335568899,0.6637890768462902,116.0,101.24717697999999,80.7419293407,135.45,[116],852.0,400.0,876.1671704637945,412.6153801648343
877,0,473,-21.487963121184293,125.37550758511986,127.73163604736328,-21.679619,125.2855,127.731636,0.7042050957679749,-1.7540839910507202,335609859,0.21173888424299597,276.0,-28.2601586125,123.815844847,135.45,[276],660.0,865.0,664.3865095247946,872.8878196526284
878,0,378,-32.13324129286775,123.57209671487044,128.43722534179688,-31.157143,123.122314,128.43723,0.7029687762260437,-1.838821291923523,335609859,1.0747430691800826,276.0,-28.2601586125,123.815844847,135.45,[276],574.0,486.0,592.2500747148177,447.0766927852901
879,0,301,-69.14585853272183,-106.83515175367847,128.74044799804688,-69.95809,-106.60909,128.74045,0.6989926695823669,2.1315598487854004,335691779,0.8431046592149928,596.0,-79.1832048361,-99.29259827339999,135.45,"[596, 628]",309.0,971.0,300.2978607888605,1003.4938521351268
880,0,246,-128.15700207868076,22.36635810864209,132.8837432861328,-127.916145,21.38892,132.88374,0.6922852993011475,-2.9829041957855225,335650819,1.0066764941427722,436.0,-126.25316462800001,28.8164609473,135.45,[436],304.0,535.0,343.9958864536835,525.8465019727703
881,0,944,-94.02347215898635,89.96391686544939,132.20533752441406,-93.757965,90.08258,132.20534,0.6960316300392151,-2.392277717590332,335634435,0.29081794773811626,372.0,-101.24717697999999,80.7419293407,135.45,"[340, 372]",975.0,901.0,970.8795009899757,890.9481928405455
882,0,481,126.92022899908,-26.93907944762759,127.07971954345703,126.57843,-27.249819,127.07972,0.7219738364219666,0.19566930830478668,335765507,0.4619365561303176,884.0,126.25316462800001,-28.8164609473,135.45,[884],664.0,615.0,677.0952599868963,628.6825748431994
883,0,397,-107.72926041105438,68.50443500582696,130.02786254882812,-108.13526,68.08736,130.02786,0.6942813992500305,-2.588989019393921,335642627,0.5820578467673773,372.0,-101.24717697999999,80.7419293407,135.45,"[372, 404]",95.0,326.0,112.50022660507852,342.7166627578242
883,1,397,-109.79357910811314,69.85824955696808,132.5421142578125,-110.151344,69.52593,132.54211,0.6942813992500305,-2.588989019393921,335634435,0.4882936445747541,372.0,-101.24717697999999,80.7419293407,135.45,"[372, 404]",153.0,245.0,166.65280865072305,260.14391487547414
883,2,397,-110.79061377602147,70.51268556991863,133.75677490234375,-110.28883,69.27333,133.75677,0.6942813992500305,-2.588989019393921,335634435,1.3370803449956519,372.0,-101.24717697999999,80.7419293407,135.45,"[372, 404]",143.0,240.0,192.83024916874524,220.26252815914063
883,3,397,-110.78179696316556,70.50689675803369,133.74603271484375,-110.23824,69.37269,133.74603,0.6942813992500305,-2.588989019393921,335634435,1.257727967403325,372.0,-101.24717697999999,80.7419293407,135.45,"[372, 404]",147.0,242.0,192.59869669334762,220.6152006733771
884,0,995,-125.84505756017688,-30.732719738444757,132.2669219970703,-125.69,-31.142284,132.26692,0.6925690770149231,2.8880410194396973,335667203,0.4379329815991353,500.0,-126.25316462800001,-28.8164609473,135.45,[500],508.0,624.0,525.3496483542096,618.3242827129254
884,1,995,-125.83180184381013,-30.72967892460747,132.25303649902344,-125.61326,-31.476624,132.25304,0.6925690770149231,2.8880410194396973,335667203,0.7782592786146585,500.0,-126.25316462800001,-28.8164609473,135.45,[500],495.0,627.0,525.4712809077012,618.8545113675957
885,0,349,-109.95441600471622,66.2837338003169,130.79811096191406,-109.38268,65.49706,130.79811,0.6941003203392029,-2.612968683242798,335642627,0.9724866599058084,404.0,-114.423046224,55.1032348679,135.45,[404],1017.0,803.0,1049.2199572966756,780.7452087713511
886,0,927,-119.1750006420259,-43.77523956677305,129.53599548339844,-120.089264,-43.26461,129.536,0.6930691599845886,2.7758336067199707,335675395,1.0471960618363758,532.0,-114.423046224,-55.1032348679,135.45,"[500, 532]",1075.0,375.0,1055.1198120450777,411.92182327896376
887,0,170,-127.18108845964855,26.129622411547643,132.60720825195312,-126.80895,26.239845,132.60721,0.6923608183860779,-2.9530253410339355,335650819,0.3881164485857319,436.0,-126.25316462800001,28.8164609473,135.45,[436],498.0,579.0,494.5264585699057,564.8830467340588
888,0,254,63.19501461889831,113.79625074264277,128.8878936767578,62.769012,113.47123,128.8879,0.7141411304473877,-1.077537178993225,335585283,0.5358326422304719,180.0,56.1879442157,116.675468393,135.45,[180],473.0,865.0,486.83129398571054,882.2828161279324
889,0,340,-53.72983483265489,-118.87704821297143,131.60284423828125,-53.69771,-117.839745,131.60284,0.7009649872779846,1.9813355207443237,335699971,1.0378010296629367,628.0,-56.1879442157,-116.675468393,135.45,[628],555.0,701.0,513.9368072011428,700.3243753218044
890,0,299,-36.691324564248134,-122.17745452105987,128.34941101074216,-36.665123,-121.86516,128.34941,0.702823281288147,1.8489255905151367,335708163,0.3133936648226913,660.0,-28.2601586125,-123.815844847,135.45,[660],680.0,265.0,667.5356130376053,264.7533619300748
891,0,29,-64.14436812039958,-111.79924675508437,130.26622009277344,-64.19406,-112.784966,130.26622,0.6996784806251526,2.0778708457946777,335699971,0.9869705588113229,628.0,-56.1879442157,-116.675468393,135.45,"[596, 628]",757.0,281.0,797.0488655166253,283.7430438120168
892,0,434,-11.269159927110195,130.0708296792061,130.87110900878906,-11.342768,129.4685,130.87111,0.7054381370544434,-1.67110013961792,335601667,0.6068048207132238,244.0,7.92958802448e-15,129.5,135.45,[244],600.0,148.0,624.8331871682439,151.23360291559194
893,0,554,-40.98853262229022,-121.54019904749362,129.13926696777344,-41.851707,-120.68135,129.13927,0.7023452520370483,1.8823637962341309,335708163,1.217658108048624,660.0,-28.2601586125,-123.815844847,135.45,"[628, 660]",727.0,58.0,693.0258319802556,92.86503960839127
893,1,554,-41.851656760888545,-123.9861351103159,131.7506103515625,-42.846485,-123.065414,131.75061,0.7023452520370483,1.8823637962341309,335699971,1.3555110008114464,660.0,-28.2601586125,-123.815844847,135.45,"[628, 660]",632.0,18.0,595.1883894673642,58.34007406445835
893,2,554,-40.98896098082241,-121.54141400901767,129.14056396484375,-41.711807,-120.71309,129.14056,0.7023452520370483,1.8823637962341309,335708163,1.0993766727723204,660.0,-28.2601586125,-123.815844847,135.45,"[628, 660]",726.0,63.0,692.9772335192933,92.84790526710367
894,0,106,25.281707864991404,124.15403266266549,126.23114776611328,26.143679,124.26661,126.23115,0.7097654342651367,-1.3832999467849731,335593475,0.8692911682966191,212.0,28.2601586125,123.815844847,135.45,[212],620.0,517.0,615.5275126266196,482.86197009965616
895,0,477,27.821928325715817,-124.0702975416458,126.55585479736328,27.785028,-123.89198,126.555855,0.7104560136795044,1.336778998374939,335724547,0.18209246149502709,724.0,28.2601586125,-123.815844847,135.45,[724],598.0,582.0,591.8218922141682,584.4707885286326
896,0,707,-2.499171610983467,-129.75884337916239,129.8317413330078,-2.8775892,-129.4685,129.83174,0.7068631649017334,1.57628333568573,335716355,0.4769651628539501,692.0,-2.37887640734e-14,-129.5,135.45,[692],603.0,486.0,591.646264833505,502.03313556066223
897,0,234,126.23263382126788,-9.900058635224923,123.97108459472656,126.9685,-9.442151,123.971085,0.7222379446029663,0.06511776894330978,335544323,0.866703967124194,20.0,127.0,0.0,135.45,[20],224.0,600.0,205.9976545910031,571.3053528507152
898,0,978,115.11849689959467,-53.473288954756754,124.5051498413086,115.25277,-53.307693,124.50515,0.7209089994430542,0.4216460585594177,335757315,0.21319236384586704,852.0,114.423046224,-55.1032348679,135.45,[852],673.0,635.0,667.1978365257297,629.8180270237867
899,0,272,126.87876868519047,-7.35849209598382,124.42994689941406,126.9685,-6.441805,124.42995,0.7222554087638855,0.04473356157541275,335544323,0.9210683103901728,20.0,127.0,0.0,135.45,[20],344.0,600.0,307.6603161606472,597.1507474076185
900,0,453,96.43450260140844,-85.58510261101264,126.8953170776367,97.06428,-85.9366,126.89532,0.7184984087944031,0.7124036550521851,335749123,0.7212259258706163,820.0,101.24717697999999,-80.7419293407,135.45,[820],394.0,434.0,408.273069187494,409.4930248563378
901,0,472,-124.7226187026763,36.329310259194244,132.62570190429688,-124.57129,36.043674,132.6257,0.6926288604736328,-2.8722212314605713,335650819,0.32324675503263145,436.0,-126.25316462800001,28.8164609473,135.45,[436],891.0,669.0,902.5139724757697,663.2218370129488
902,0,15,-129.13023664604668,18.09687212818517,133.2015686035156,-128.63045,18.259373,133.20157,0.6922159194946289,-3.0164833068847656,335650819,0.5255432829345326,436.0,-126.25316462800001,28.8164609473,135.45,[436],179.0,506.0,173.21644723540672,486.91711927813344
903,0,877,-30.328298802685822,-123.26006658999177,127.58141326904297,-29.905674,-123.40796,127.58141,0.703553318977356,1.7985230684280396,335708163,0.4477542858131656,660.0,-28.2601586125,-123.815844847,135.45,[660],618.0,536.0,624.2311302803296,519.2743923925673
904,0,868,111.6957708641844,-59.159221136439555,124.03936767578125,112.11892,-59.815197,124.03937,0.7205576300621033,0.4739258289337158,335757315,0.7806144899129486,852.0,114.423046224,-55.1032348679,135.45,[852],413.0,509.0,439.76054925841765,492.9089856073756
905,0,538,-110.67625842941925,-60.392779529986,128.46890258789062,-111.58284,-60.92839,128.4689,0.693987250328064,2.628453254699707,335675395,1.0529810997738729,532.0,-114.423046224,-55.1032348679,135.45,[532],368.0,715.0,390.41821351655983,751.8715117832301
906,0,691,-66.44950837824854,-111.89554892598426,131.56100463867188,-66.923225,-111.470665,131.561,0.6994863748550415,2.0927295684814453,335699971,0.6363443946572419,628.0,-56.1879442157,-116.675468393,135.45,"[596, 628]",810.0,172.0,793.1967786806297,191.53743349805836
907,0,519,105.01989934588119,-77.11017575193955,128.06922912597656,104.232605,-76.9478,128.06923,0.7193834781646729,0.6197566390037537,335749123,0.8038646687712743,820.0,101.24717697999999,-80.7419293407,135.45,[820],753.0,721.0,747.2701435504177,752.9088946352476
908,0,10,74.50483331142505,-105.83498160834688,127.84782409667969,73.708984,-103.61786,127.847824,0.715877115726471,0.9438494443893433,335740931,2.3556333951548147,788.0,79.1832048361,-99.29259827339999,135.45,[788],428.0,383.0,340.30466660212426,414.86513901300157
909,0,561,-118.2428750721408,-47.59223455849951,130.01576232910156,-118.04046,-47.519005,130.01576,0.6932362914085388,2.7451465129852295,335675395,0.21525563981433998,532.0,-114.423046224,-55.1032348679,135.45,[532],905.0,457.0,902.4400123760194,449.20684607436783
910,0,343,-116.73053193374858,-50.05267143120909,129.530029296875,-117.02706,-49.62335,129.53003,0.6933662295341492,2.7227790355682373,335675395,0.5217740576495293,532.0,-114.423046224,-55.1032348679,135.45,[532],821.0,497.0,804.0225374676362,509.70057161005684
911,0,923,30.80081661101576,-122.76154598381731,125.90788269042969,30.293673,-123.3194,125.90788,0.7108268737792969,1.3116166591644287,335724547,0.7539183062906999,724.0,28.2601586125,-123.815844847,135.45,[724],621.0,683.0,644.1719545273077,703.6263199406304
911,1,923,30.758717960902686,-122.58374293494626,125.72611999511717,30.198324,-123.34116,125.72612,0.7108268737792969,1.3116166591644287,335724547,0.9421928043666431,724.0,28.2601586125,-123.815844847,135.45,[724],620.0,679.0,651.2840764821499,701.9423739361074
911,2,514,66.68496694967143,-141.69189030308394,155.17340087890625,56.041763,-116.7109,155.1734,0.7136386036872864,1.1144579648971558,352509955,27.153778607306595,757.0,56.1879442157,-116.675468393,165.55,[757],600.0,596.0,-398.6568764033575,1021.8809093588573
911,3,832,56.63133076315626,-174.8390641327369,182.55703735351562,39.840267,-121.14045,182.55704,0.711895763874054,1.2381916046142578,352501763,56.26260771695817,726.0,28.2601586125,-123.815844847,195.65,[726],709.0,1065.0,-1438.9287714294755,1736.8468860262503
911,4,604,62.81762107447321,-182.34327596067578,191.50091552734375,43.633984,-122.68617,191.50092,0.7121754288673401,1.2187161445617676,369287171,62.665636048434266,758.0,56.1879442157,-116.675468393,195.65,[758],361.0,99.0,-2024.7123027070313,867.1870743509282
911,5,381,68.90160708597068,-178.5519557151597,189.89793395996094,47.827835,-120.66653,189.89793,0.7126923203468323,1.1823699474334717,369287171,61.6021651224151,758.0,56.1879442157,-116.675468393,195.65,[758],442.0,267.0,-1873.0594928863877,1110.5465148108271
911,6,832,54.0674420458281,-166.395684257943,173.79232788085938,39.91715,-121.17355,173.79233,0.711895763874054,1.2381916046142578,352501763,47.38430033434166,725.0,28.2601586125,-123.815844847,165.55,[725],707.0,1068.0,-1101.19357643772,1634.2913373331241
912,0,517,123.40461989679466,-39.49407911075468,126.97303771972655,123.72974,-39.73076,126.97304,0.7215930223464966,0.2962692379951477,335765507,0.4021416494989794,884.0,126.25316462800001,-28.8164609473,135.45,[884],165.0,501.0,174.89527346181262,488.05821075178585
913,0,762,-109.78236738022679,61.78759951305665,128.3797607421875,-110.93916,62.264996,128.37976,0.6938868165016174,-2.642577648162842,335642627,1.2514326138805822,404.0,-114.423046224,55.1032348679,135.45,[404],888.0,741.0,869.3745858062658,787.6271537509285
914,0,532,85.24561990723669,94.63629354291788,125.61610412597656,85.041214,94.5807,125.616104,0.7169948220252991,-0.8508790731430054,335577091,0.21183013480155982,148.0,79.1832048361,99.29259827339999,135.45,[148],413.0,836.0,415.74781078071567,844.4966028454672
915,0,634,125.0170875228896,32.194434660362276,126.48479461669922,125.47733,32.074047,126.484795,0.7217257618904114,-0.26545968651771545,335552515,0.47573010205735405,52.0,126.25316462800001,28.8164609473,135.45,[52],732.0,570.0,737.118948522491,552.5569157955834
916,0,263,-109.33783633454686,-70.95306126080959,132.6981201171875,-108.94554,-71.037964,132.69812,0.6945759057998657,2.5518922805786133,335683587,0.40137735672585023,564.0,-101.24717697999999,-80.7419293407,135.45,[564],990.0,294.0,993.5547231956161,278.373625818125
917,0,821,96.34784985825172,-86.66774996002505,127.55360412597656,96.30136,-86.893265,127.553604,0.718431293964386,0.7190260887145996,335749123,0.23025667390969837,820.0,101.24717697999999,-80.7419293407,135.45,[820],355.0,404.0,364.9671752269978,406.026915130069
918,0,960,106.56363446928935,73.8568589775341,127.44683074951172,106.40626,74.22212,127.44683,0.719385027885437,-0.6195826530456543,335568899,0.39772438428753115,116.0,101.24717697999999,80.7419293407,135.45,[116],341.0,808.0,326.5971854733641,814.6582995715744
919,0,540,69.3575329157261,110.50233790683933,129.0557098388672,68.56171,107.72267,129.05571,0.7148532271385193,-1.023977279663086,335577091,2.8913465548124564,148.0,79.1832048361,99.29259827339999,135.45,"[148, 180]",939.0,177.0,1050.3895853375734,208.97312318504362
920,0,169,-96.77698308832987,87.6236663684399,132.68515014648438,-95.250626,88.210846,132.68515,0.6957589983940125,-2.419865369796753,335634435,1.6354042339343076,372.0,-101.24717697999999,80.7419293407,135.45,[372],900.0,841.0,877.269481109596,780.8077556668047
921,0,955,-68.51840165553858,107.50990138585485,129.01858520507812,-68.9563,107.408,129.01859,0.6987391114234924,-2.1518917083740234,335626243,0.4495980547620784,340.0,-79.1832048361,99.29259827339999,135.45,"[308, 340]",926.0,1011.0,930.6921244981942,1028.5921272224566
922,0,257,-79.17548317103547,-99.45682612216979,128.82232666015622,-78.70907,-99.63042,128.82233,0.69780433177948,2.229478120803833,335691779,0.4976711577383323,596.0,-79.1832048361,-99.29259827339999,135.45,[596],588.0,620.0,595.430886049208,602.3088666025814
923,0,911,38.74588845416292,120.41836541225462,125.73968505859375,39.043587,121.32229,125.739685,0.7113941311836243,-1.2728338241577148,335593475,0.9516833698238298,212.0,28.2601586125,123.815844847,135.45,[212],502.0,1033.0,466.10082261018476,1021.4291936665169
923,1,425,36.366871273405195,131.93341129139208,136.15545654296875,34.331997,122.397675,136.15546,0.7107584476470947,-1.316271424293518,335593475,9.750435305328518,212.0,28.2601586125,123.815844847,135.45,[212],545.0,844.0,926.7026577756832,926.2685064362078
923,2,895,41.938903105556165,141.1431642153766,146.434814453125,36.87997,121.81612,146.43481,0.7110340595245361,-1.297499656677246,335593475,19.97817755561321,212.0,28.2601586125,123.815844847,135.45,[212],522.0,946.0,1295.092774735064,1149.1497797222466
924,0,523,-111.2478462309914,60.98140114645366,129.3010711669922,-111.82905,60.417133,129.30107,0.6938083171844482,-2.653879165649414,335642627,0.8100579273801938,404.0,-114.423046224,55.1032348679,135.45,[404],814.0,705.0,837.1266511421464,729.0079997203441
925,0,208,-26.549064500000895,124.10950047480333,127.55315399169922,-26.62299,124.15721,127.553154,0.7036037445068359,-1.7950656414031982,335609859,0.0879843830962747,276.0,-28.2601586125,123.815844847,135.45,[276],615.0,667.0,613.7462251121332,670.4437644999643
926,0,617,37.9789646197878,-120.70705995989442,125.73017883300781,37.514297,-121.67134,125.73018,0.7116873264312744,1.2526296377182007,335724547,1.0703986916163348,724.0,28.2601586125,-123.815844847,135.45,[724],687.0,972.0,726.3513954842233,990.7522402915121
927,0,886,-116.54228111399152,51.75250322442935,130.06367492675778,-116.20662,51.327003,130.06367,0.693280041217804,-2.7374794483184814,335642627,0.5419584040982416,404.0,-114.423046224,55.1032348679,135.45,[404],450.0,530.0,467.9707342611738,517.2306044003392
928,0,555,-11.160168637276001,-129.48923381777882,130.20301818847656,-11.626185,-129.4685,130.20302,0.7058597803115845,1.6429598331451416,335716355,0.46647753151389343,692.0,-2.37887640734e-14,-129.5,135.45,[692],603.0,136.0,602.4306472888475,155.59325450896088
929,0,319,68.91120429078273,-106.71098170539199,125.56400299072266,69.39248,-107.06015,125.564,0.7153695821762085,0.9840794205665588,335740931,0.5945955692718032,788.0,79.1832048361,-99.29259827339999,135.45,"[756, 788]",291.0,210.0,305.26466272031996,191.11997818730913
930,0,521,82.53929018934605,96.92797496340472,125.61488342285156,82.569756,96.55163,125.61488,0.7166685461997986,-0.8787249326705933,335577091,0.37757792628942466,148.0,79.1832048361,99.29259827339999,135.45,[148],492.0,737.0,507.4150676001892,736.2434141298417
931,0,481,127.48989368582522,-27.06807613597539,127.65177917480467,127.04986,-25.184372,127.65178,0.7219738364219666,0.19566930830478668,335765507,1.9344179459481639,884.0,126.25316462800001,-28.8164609473,135.45,[884],747.0,633.0,671.9353924529844,651.4691623130085
932,0,27,-117.76650617572432,48.13571517280616,129.7967071533203,-117.43739,48.771275,129.7967,0.693114161491394,-2.7673428058624268,335642627,0.7157171937845204,404.0,-114.423046224,55.1032348679,135.45,[404],348.0,481.0,323.29921219624623,468.26160193102737
933,0,105,-22.35919927483792,-124.97448622646641,127.43305206298828,-21.76165,-125.26678,127.43305,0.7044970989227295,1.7343170642852783,335708163,0.6652059474942597,660.0,-28.2601586125,-123.815844847,135.45,[660],543.0,861.0,555.6543448213438,838.0383735064834
934,0,39,122.6175338079081,-42.65423381585515,127.24308776855467,123.158745,-42.232452,127.24309,0.721474826335907,0.3212745487689972,335765507,0.6861551719432253,884.0,126.25316462800001,-28.8164609473,135.45,"[852, 884]",65.0,478.0,48.48908525779393,456.5747671963237
935,0,143,-124.3907460450855,34.78205920378514,131.87403869628906,-124.79994,35.041878,131.87404,0.6925880312919617,-2.8829243183135986,335650819,0.48471333619580703,436.0,-126.25316462800001,28.8164609473,135.45,[436],851.0,660.0,840.6239302594055,676.4967433165805
936,0,710,-62.59084161537885,-113.19351485042853,130.6848602294922,-62.469006,-113.61571,130.68486,0.699884831905365,2.0620436668395996,335699971,0.43942071541655603,628.0,-56.1879442157,-116.675468393,135.45,[628],724.0,350.0,741.2781417028589,345.8841040128459
937,0,270,-4.322603854445333,-129.43512429520095,129.59510803222656,-4.062819,-129.4685,129.59511,0.7066498398780823,1.590434193611145,335716355,0.26192078443117095,692.0,-2.37887640734e-14,-129.5,135.45,[692],603.0,439.0,604.5950281919625,429.0958458221876
938,0,805,108.33617365390182,-67.3299529273886,125.26705169677733,108.4935,-67.34346,125.26705,0.7200379371643066,0.5427854061126709,335757315,0.1579048625282936,852.0,114.423046224,-55.1032348679,135.45,"[820, 852]",112.0,364.0,112.93127762045572,358.5250971960727
939,0,520,-97.09246723931165,-85.5466590747451,131.4911346435547,-97.482506,-85.41216,131.49113,0.6959010362625122,2.4053802490234375,335683587,0.4125764542773326,564.0,-101.24717697999999,-80.7419293407,135.45,[564],415.0,752.0,409.810810638196,768.1883896275338
940,0,829,52.30327144393959,118.96661736337205,128.9111328125,52.34335,118.49197,128.91113,0.712863028049469,-1.170258641242981,335585283,0.47634013987566326,180.0,56.1879442157,116.675468393,135.45,[180],674.0,448.0,693.6459588148819,446.6130891295836
941,0,778,13.978169181248632,129.31394478705698,129.84085083007812,13.21604,129.4685,129.84085,0.7083621025085449,-1.476891279220581,335601667,0.7776442219318552,244.0,7.92958802448e-15,129.5,135.45,"[212, 244]",600.0,1130.0,594.5577914822792,1161.126767249945
942,0,509,-98.07439776893216,84.41090452033131,131.55789184570312,-98.1448,84.58167,131.55789,0.6955190896987915,-2.444883346557617,335634435,0.18471056332854616,372.0,-101.24717697999999,80.7419293407,135.45,[372],755.0,726.0,748.7590071852526,728.9111684427132
943,0,375,-115.2693022984281,-53.562908248324675,129.5947723388672,-115.124565,-53.57392,129.59477,0.6935504674911499,2.6928555965423584,335675395,0.14515555345039358,532.0,-114.423046224,-55.1032348679,135.45,[532],663.0,573.0,663.6130647830129,568.149757022876
944,0,777,-99.52459445824525,-82.69902271850651,131.54078674316406,-99.62154,-82.72989,131.54079,0.6956195831298828,2.4343161582946777,335683587,0.10173708313093476,564.0,-101.24717697999999,-80.7419293407,135.45,[564],522.0,667.0,523.7162648877393,670.9033008701897
945,0,800,58.23968730945671,115.35919856154987,128.0540008544922,58.310703,115.61824,128.054,0.7136057615280151,-1.1168543100357056,335585283,0.268599924110672,180.0,56.1879442157,116.675468393,135.45,[180],559.0,686.0,549.3492067419947,684.0697237502684
946,0,473,-21.518993093089193,125.57258261485913,127.93196105957031,-21.586199,125.30682,127.93196,0.7042050957679749,-1.7540839910507202,335609859,0.2741247755727013,276.0,-28.2601586125,123.815844847,135.45,[276],661.0,868.0,672.2695107143653,871.6466207764324
947,0,436,-120.34922587524125,42.2992765404415,130.19288635253906,-120.16233,43.11288,130.19289,0.6928633451461792,-2.8174169063568115,335642627,0.83479432984724,404.0,-114.423046224,55.1032348679,135.45,"[404, 436]",122.0,372.0,89.84166690165978,364.9528139503502
948,0,354,44.31514013739434,122.45015106258393,129.34803771972656,43.883865,122.56584,129.34804,0.7119089365005493,-1.2372760772705078,335585283,0.44652240082513617,180.0,56.1879442157,116.675468393,135.45,[180],837.0,109.0,832.9873067833569,127.08783686777338
949,0,270,-4.33016130530541,-129.59530384228523,129.7555694580078,-4.5532026,-129.4685,129.75557,0.7066498398780823,1.590434193611145,335716355,0.25656414516724396,692.0,-2.37887640734e-14,-129.5,135.45,[692],603.0,419.0,598.1878463085911,428.7935477877845
950,0,890,-28.3559993492363,123.31278828947075,127.20501708984375,-28.473576,123.734825,127.20502,0.7033816576004028,-1.8103110790252686,335609859,0.43810874363151253,276.0,-28.2601586125,123.815844847,135.45,[276],598.0,593.0,581.87773769883,598.1663705305482
951,0,513,-53.20717186465572,117.95251940725007,130.60421752929688,-53.554104,117.9089,130.60422,0.7005977034568787,-2.008408784866333,335618051,0.3496636711108696,308.0,-56.1879442157,116.675468393,135.45,[308],651.0,707.0,653.0820405700024,721.2308940417711
952,0,819,-116.06764257280702,51.658972580170484,129.58154296875,-115.95581,51.84782,129.58154,0.6932852268218994,-2.7365849018096924,335642627,0.2194763233328593,404.0,-114.423046224,55.1032348679,135.45,[404],471.0,540.0,464.2295084908193,536.2161460477193
953,0,354,44.271096888986904,122.33347502419815,129.2241668701172,44.025356,122.497696,129.22417,0.7119089365005493,-1.2372760772705078,335585283,0.29556208181341864,180.0,56.1879442157,116.675468393,135.45,[180],834.0,115.0,828.3202652479258,125.32610693147603
954,0,944,-93.54761617555596,89.49571750135647,131.5271453857422,-94.308426,89.39233,131.52715,0.6960316300392151,-2.392277717590332,335634435,0.7678028203971466,372.0,-101.24717697999999,80.7419293407,135.45,[372],948.0,879.0,952.1515264262587,909.9824321777612
955,0,238,-75.51200359748873,-102.18621371568042,128.67861938476562,-75.66137,-102.06088,128.67862,0.698230504989624,2.1935489177703857,335691779,0.19498209318943333,596.0,-79.1832048361,-99.29259827339999,135.45,[596],491.0,742.0,486.2553823087825,748.8480495444509
956,0,324,65.89624525884028,-106.3610801280629,123.72037506103516,67.37923,-108.62399,123.720375,0.7151262164115906,1.0030015707015991,335740931,2.7055513694290267,756.0,56.1879442157,-116.675468393,135.45,"[756, 788]",924.0,1049.0,1014.5755305974842,990.3320417256111
956,1,324,67.08603185356469,-108.34007221524553,126.00359344482422,68.51129,-110.705894,126.00359,0.7151262164115906,1.0030015707015991,335732739,2.761970313562375,756.0,56.1879442157,-116.675468393,135.45,"[756, 788]",840.0,1094.0,935.4158471101789,1037.9235055145875
957,0,554,-40.817150525540455,-121.05401916190567,128.62026977539062,-41.64904,-120.72761,128.62027,0.7023452520370483,1.8823637962341309,335708163,0.893635771530574,660.0,-28.2601586125,-123.815844847,135.45,"[628, 660]",725.0,66.0,712.4730274037734,99.72032347838194
957,1,554,-41.69351833413111,-123.53832262055903,131.27247619628906,-42.648167,-123.16092,131.27248,0.7023452520370483,1.8823637962341309,335699971,1.0265411678062657,660.0,-28.2601586125,-123.815844847,135.45,"[628, 660]",628.0,26.0,613.100889057639,64.66561113475564
958,0,217,88.97499513700541,-89.84033630952672,124.55911254882812,89.49114,-91.032,124.55911,0.7178223729133606,0.7770259380340576,335740931,1.2986395533033526,788.0,79.1832048361,-99.29259827339999,135.45,"[788, 820]",932.0,1014.0,980.0904785549307,993.6716120362161
959,0,234,127.34703655155948,-10.002348213877667,125.0667266845703,126.9685,-10.076002,125.06673,0.7222379446029663,0.06511776894330978,335544323,0.385637341208124,20.0,127.0,0.0,135.45,[20],198.0,600.0,201.90607144489334,615.8814620623792
960,0,918,101.47699850001345,-81.49184172977084,128.0021514892578,101.1577,-80.803604,128.00215,0.7189829349517822,0.6630256772041321,335749123,0.758698093071415,820.0,101.24717697999999,-80.7419293407,135.45,[820],599.0,598.0,572.0035044371662,611.1928608005383
961,0,985,115.39831519965514,-51.65586460649047,124.00016784667969,116.05343,-51.64511,124.00017,0.720996081829071,0.4077299237251282,335757315,0.6552017024864015,852.0,114.423046224,-55.1032348679,135.45,[852],740.0,667.0,739.8948104563812,641.0107590262055
962,0,973,101.4389318309195,83.08189734297594,129.02268981933594,100.57473,81.53462,129.02269,0.7186235785484314,-0.6999244689941406,335568899,1.7722599514345705,116.0,101.24717697999999,80.7419293407,135.45,[116],633.0,575.0,695.5987200910374,609.6701940367802
963,0,44,-88.4964355645916,-92.74728659552011,130.09486389160156,-87.97425,-92.241684,130.09486,0.6967965960502625,2.318946361541748,335691779,0.7268500259952081,596.0,-79.1832048361,-99.29259827339999,135.45,"[564, 596]",884.0,250.0,863.8124671151951,229.4707708603363
964,0,757,-113.99191385383688,-57.46608490670042,130.11767578125,-113.76768,-56.391518,130.11768,0.6937607526779175,2.6608500480651855,335675395,1.0977143714775977,532.0,-114.423046224,-55.1032348679,135.45,[532],550.0,628.0,507.4859984479832,619.245294806525
965,0,516,126.69785484855231,26.663736981860893,126.82508850097658,126.72271,26.617691,126.82509,0.721892774105072,-0.2208762913942337,335552515,0.05232580816075619,52.0,126.25316462800001,28.8164609473,135.45,[52],514.0,620.0,515.8910413824357,619.787608822092
966,0,247,126.60934243757005,-4.297677599380222,124.0267105102539,126.9685,-5.248472,124.02671,0.7222675681114197,0.020776348188519478,335544323,1.0163676903204104,20.0,127.0,0.0,135.45,[20],392.0,600.0,430.0928960247911,586.3736975028019
967,0,236,14.202224026417753,-126.75288569274147,127.23966217041014,14.308849,-126.96783,127.23966,0.7088310122489929,1.4457193613052368,335724547,0.23993468810664606,724.0,28.2601586125,-123.815844847,135.45,"[692, 724]",475.0,43.0,484.5183661703413,39.682616556710144
967,1,236,14.446697730866617,-129.2441164086896,129.7367706298828,14.440361,-129.4685,129.73677,0.7088310122489929,1.4457193613052368,335716355,0.22447890646145216,692.0,-2.37887640734e-14,-129.5,135.45,"[692, 724]",603.0,1179.0,612.2353436524168,1179.8679092346656
968,0,260,85.04728722185246,-93.51965799902291,124.60617065429688,85.07909,-94.5505,124.60617,0.7173522114753723,0.8195925951004028,335740931,1.0313313111643994,788.0,79.1832048361,-99.29259827339999,135.45,[788],791.0,837.0,832.917610975083,836.563295430098
969,0,145,115.92646661279969,51.7157642562388,124.52455139160156,116.30021,51.13267,124.52455,0.7208371162414551,-0.43282073736190796,335560707,0.6925898757618987,84.0,114.423046224,55.1032348679,135.45,[84],443.0,677.0,466.5011755335519,662.1368155519872
970,0,480,-19.155429485245804,125.93161240466623,127.85857391357425,-19.214357,125.84818,127.858574,0.7044824361801147,-1.735310435295105,335609859,0.1021421341798361,276.0,-28.2601586125,123.815844847,135.45,[276],683.0,963.0,686.6307023066491,966.189165090168
971,0,410,-1.677062123554606,-129.61099231228022,129.65318298339844,-2.012625,-129.4685,129.65318,0.7069581747055054,1.5699830055236816,335716355,0.3645611323619665,692.0,-2.37887640734e-14,-129.5,135.45,[692],603.0,521.0,597.5603075087918,534.9175150578167
972,0,228,95.52097005855785,89.08802408066185,128.64695739746094,94.303734,89.39821,128.64696,0.7179600596427917,-0.7642109990119934,335568899,1.2561363357244988,116.0,101.24717697999999,80.7419293407,135.45,[116],948.0,324.0,935.8437895984741,372.9517231423142
973,0,962,94.37968504322589,-88.84388503430682,127.6199188232422,94.81683,-88.7548,127.61992,0.7181981205940247,0.7416578531265259,335749123,0.44613351264151396,820.0,101.24717697999999,-80.7419293407,135.45,[820],281.0,344.0,277.92177225572686,327.30032252903584
974,0,269,-37.720833368780404,121.43133450628875,128.02940368652344,-39.08751,121.31226,128.0294,0.7022997736930847,-1.8855608701705933,335609859,1.3718529850532135,276.0,-28.2601586125,123.815844847,135.45,[276],501.0,168.0,506.6195863715501,223.573009748784
975,0,918,100.31983650863094,-80.53675034837397,126.52652740478514,101.542656,-80.320885,126.52653,0.7189829349517822,0.6630256772041321,335749123,1.241726761287836,820.0,101.24717697999999,-80.7419293407,135.45,[820],618.0,613.0,610.2071596930409,564.9063811452379
976,0,263,-108.26211632829609,-70.27610673460731,131.40419006347656,-108.592,-71.481285,131.40419,0.6945759057998657,2.5518922805786133,335683587,1.2495119088607685,564.0,-101.24717697999999,-80.7419293407,135.45,[564],972.0,308.0,1020.6329042437073,321.40242606815605
977,0,520,-97.36760446786138,-85.78232570777027,131.85923767089844,-97.592636,-85.274055,131.85924,0.6959010362625122,2.4053802490234375,335683587,0.5558577720132897,564.0,-101.24717697999999,-80.7419293407,135.45,[564],420.0,748.0,400.384145317189,757.1829004855442
978,0,898,118.8731698178708,45.96512606495253,124.97249603271484,118.69722,46.15522,124.972496,0.7211484909057617,-0.382220983505249,335560707,0.25902530355776576,84.0,114.423046224,55.1032348679,135.45,[84],244.0,772.0,236.47564788210104,780.0049437548319
979,0,56,-127.2906011734434,12.2967029559386,130.6505584716797,-126.9685,12.140828,130.65056,0.6921513080596924,-3.05914568901062,335659011,0.3578369275650068,468.0,-127.0,1.55530143492e-14,135.45,[468],1087.0,603.0,1093.8681182375433,590.3759530622642
980,0,195,116.31978880606493,49.75249363941566,124.08997344970703,116.43257,50.85781,124.08997,0.7209362387657166,-0.4173353910446167,335560707,1.11105640109142,84.0,114.423046224,55.1032348679,135.45,[84],432.0,682.0,387.97035086062635,677.8697032825971
981,0,683,108.91044424217716,70.08567218993448,127.25267028808594,109.20615,70.71118,127.25267,0.7196857929229736,-0.5853011012077332,335568899,0.6918827534764665,116.0,101.24717697999999,80.7419293407,135.45,[116],200.0,920.0,175.7497139693794,908.5306904870868
982,0,270,-4.329443127468039,-129.58008710101134,129.74032592773438,-5.9642086,-129.4685,129.74033,0.7066498398780823,1.590434193611145,335716355,1.6385690504725867,692.0,-2.37887640734e-14,-129.5,135.45,[692],603.0,363.0,598.7965159595467,428.82227490127934
983,0,774,-67.23484110770369,111.62678643841673,131.81735229492188,-67.19574,111.33943,131.81735,0.6990512609481812,-2.1268999576568604,335618051,0.29000280367388154,308.0,-56.1879442157,116.675468393,135.45,"[308, 340]",388.0,161.0,400.05272181666896,160.1241243198524
984,0,826,-57.181736392489256,-116.59197144864947,131.08123779296875,-57.40254,-116.05559,131.08124,0.7005376815795898,2.0128660202026367,335699971,0.5800525273096784,628.0,-56.1879442157,-116.675468393,135.45,[628],626.0,553.0,605.339877774021,562.2483129284296
985,0,328,119.34214230026191,44.18773123603569,124.77154541015625,119.6548,44.166786,124.771545,0.7212303876876831,-0.3678434193134308,335560707,0.31335888614855034,84.0,114.423046224,55.1032348679,135.45,[84],164.0,811.0,165.37985472542744,798.7638430504762
986,0,92,-120.53352004529233,-41.12597485439801,129.962158203125,-120.81843,-41.75048,129.96216,0.6929516196250916,2.798994779586792,335675395,0.6864255649743447,500.0,-126.25316462800001,-28.8164609473,135.45,"[500, 532]",84.0,819.0,109.61944371607956,830.7857833083074
986,1,92,-122.78761355676306,-41.8599019206913,132.3811492919922,-123.119774,-42.403183,132.38115,0.6929516196250916,2.798994779586792,335667203,0.6367768708861675,500.0,-126.25316462800001,-28.8164609473,135.45,"[500, 532]",58.0,727.0,80.26236106434794,740.6220428494782
987,0,653,51.59272205443722,118.86951222062703,128.55255126953125,51.679993,118.811424,128.55255,0.7127971649169922,-1.174938678741455,335585283,0.10483498012280214,180.0,56.1879442157,116.675468393,135.45,[180],687.0,421.0,689.761753105081,418.1911135494886
988,0,822,7.335318921436738,129.60697366087655,129.72959899902344,7.2533693,129.4685,129.7296,0.7075912356376648,-1.528019905090332,335601667,0.16090079976942273,244.0,7.92958802448e-15,129.5,135.45,[244],600.0,892.0,606.2789464350618,895.4127568574692
989,0,225,-128.38681641869516,-23.50607429929005,133.3016357421875,-127.50047,-23.210089,133.30164,0.692379355430603,2.946371555328369,335667203,0.9344581710059564,500.0,-126.25316462800001,-28.8164609473,135.45,[500],826.0,552.0,814.415465920398,516.6539283721943
990,0,830,-64.10153246998789,-114.03548239341126,132.1881103515625,-63.43202,-113.15195,132.18811,0.6997954845428467,2.068875789642334,335699971,1.1085504066130154,628.0,-56.1879442157,-116.675468393,135.45,[628],742.0,312.0,707.5994399835497,285.4564698284844
991,0,312,-24.232168878580524,125.10056548333569,128.01264953613284,-24.022835,124.75068,128.01265,0.7038871049880981,-1.775706171989441,335609859,0.40772699896076864,276.0,-28.2601586125,123.815844847,135.45,[276],639.0,771.0,653.3888254534276,763.1195893567792
992,0,432,-19.896845269606274,126.42416529800107,128.47509765625,-20.024225,125.66333,128.4751,0.7044052481651306,-1.740524411201477,335609859,0.7714245830823936,276.0,-28.2601586125,123.815844847,135.45,[276],675.0,931.0,706.332818040043,936.5325337157492
993,0,54,99.91963735279842,82.13930838653641,127.28136444091797,100.08595,82.14754,127.281364,0.7186074256896973,-0.7015446424484253,335568899,0.1665188522611409,116.0,101.24717697999999,80.7419293407,135.45,[116],658.0,555.0,657.8951618334565,548.8984149119369
994,0,651,-30.342835120636664,123.75563065301344,128.13827514648438,-31.007055,123.15657,128.13828,0.7031710147857666,-1.824827790260315,335609859,0.8944616083824551,276.0,-28.2601586125,123.815844847,135.45,[276],575.0,492.0,599.5914322405378,518.6929396745336
995,0,884,-124.02986656303824,39.91318648622291,132.9998321533203,-123.736465,39.70127,132.99983,0.6927427649497986,-2.8443617820739746,335650819,0.3619286667471491,436.0,-126.25316462800001,28.8164609473,135.45,[436],1037.0,702.0,1045.8690215569163,690.9319225984711
996,0,301,-69.12745780133673,-106.80755468280313,128.70689392089844,-70.22691,-106.394714,128.7069,0.6989926695823669,2.1315598487854004,335691779,1.1744104325044753,596.0,-79.1832048361,-99.29259827339999,135.45,"[596, 628]",317.0,960.0,301.40174362387427,1004.2298813905307
997,0,453,97.44926048089565,-86.51067345879301,128.24700927734375,97.47402,-85.42279,128.24701,0.7184984087944031,0.7124036550521851,335749123,1.0881646938723024,820.0,101.24717697999999,-80.7419293407,135.45,[820],414.0,451.0,371.25023527627945,450.08334003582604
998,0,67,-127.76984454093349,7.958607936721819,130.79391479492188,-126.9685,8.631916,130.79391,0.692118763923645,-3.093257188796997,335659011,1.0466612251773613,468.0,-127.0,1.55530143492e-14,135.45,[468],947.0,603.0,920.3443174688721,571.2062183626608
999,0,317,-69.0937468422294,-110.48870542778423,131.79302978515625,-68.4358,-110.74225,131.79303,0.6991933584213257,2.115666151046753,335699971,0.7051098761948874,628.0,-56.1879442157,-116.675468393,135.45,"[596, 628]",839.0,112.0,849.470518608631,85.76789493882416
